time_years,cumulative_log_growth,mean_megno,relative_energy_error
2.0472160000e+05,1.2728135265e+01,1.9738645360e+00,9.957612e-07
3.8944280001e+05,1.3369342275e+01,1.9822319078e+00,6.863240e-07
6.1416440000e+05,1.3952812328e+01,1.9876862482e+00,7.447639e-07
7.9888559996e+05,1.4058874805e+01,1.9903791670e+00,5.879618e-07
9.8360679991e+05,1.4389545462e+01,1.9919798966e+00,6.520859e-07
1.2083283999e+06,1.4593483578e+01,1.9937734264e+00,6.196376e-07
1.3930495998e+06,1.4573914456e+01,1.9945748375e+00,7.824611e-07
1.6177711998e+06,1.4809400925e+01,1.9949246879e+00,7.072494e-07
1.8024923997e+06,1.4959575021e+01,1.9953023451e+00,7.385212e-07
1.9872135997e+06,1.4971321245e+01,1.9953488766e+00,1.026576e-06
2.2119351998e+06,1.5199449981e+01,1.9952490328e+00,1.728532e-07
2.3966563999e+06,1.5152925404e+01,1.9954050229e+00,7.003372e-07
2.5813780001e+06,1.5353231618e+01,1.9954662898e+00,5.945675e-07
2.8060992003e+06,1.5420275281e+01,1.9955558813e+00,6.069508e-07
2.9908204005e+06,1.5328467717e+01,1.9956915398e+00,6.197833e-07
3.2155420007e+06,1.5482510857e+01,1.9957430556e+00,6.044375e-07
3.4002632009e+06,1.5589721856e+01,1.9957865785e+00,7.402408e-07
3.5849848010e+06,1.5437916967e+01,1.9959683555e+00,8.242751e-07
3.8097060013e+06,1.5724216063e+01,1.9960870920e+00,8.977659e-07
3.9944272014e+06,1.5763935783e+01,1.9962712091e+00,5.585872e-07
4.2191488016e+06,1.5476521800e+01,1.9965007197e+00,5.163273e-08
4.4038700018e+06,1.5864421824e+01,1.9965019610e+00,7.396041e-07
4.5885916020e+06,1.5813447012e+01,1.9964658192e+00,6.105274e-07
4.8133128022e+06,1.5708298931e+01,1.9964238368e+00,6.473778e-07
4.9980340024e+06,1.5931465547e+01,1.9962381120e+00,6.107559e-07
5.1827556025e+06,1.5831601223e+01,1.9961438684e+00,7.152803e-07
5.4074768027e+06,1.5958598603e+01,1.9960183418e+00,6.691008e-07
5.5921984029e+06,1.6036402010e+01,1.9958509444e+00,8.700293e-07
5.8169196031e+06,1.5940434456e+01,1.9957274008e+00,8.484455e-07
6.0016408033e+06,1.6056960715e+01,1.9956497112e+00,5.820131e-08
6.1863624035e+06,1.6147899594e+01,1.9955013527e+00,8.285737e-07
6.4110836037e+06,1.5995214004e+01,1.9954486167e+00,9.241796e-07
6.5958052038e+06,1.6188912031e+01,1.9954902783e+00,6.630147e-07
6.7805264040e+06,1.6126456083e+01,1.9955535223e+00,6.058489e-07
7.0052476042e+06,1.6151228464e+01,1.9957638877e+00,5.806369e-07
7.1899692044e+06,1.6375061559e+01,1.9959686812e+00,6.523648e-07
7.4146904046e+06,1.6129958901e+01,1.9962511020e+00,6.404069e-07
7.5994120048e+06,1.6249008957e+01,1.9965283730e+00,8.422428e-07
7.7841332050e+06,1.6445846792e+01,1.9967617417e+00,2.853327e-07
8.0088544052e+06,1.6216159693e+01,1.9969818230e+00,4.902625e-07
8.1935760053e+06,1.6408444978e+01,1.9971701502e+00,8.903109e-07
8.4182972054e+06,1.6517280520e+01,1.9972778655e+00,8.427924e-07
8.6030188047e+06,1.6375213406e+01,1.9973280743e+00,7.027712e-07
8.7877400040e+06,1.6494921727e+01,1.9974371204e+00,6.031218e-07
9.0124612032e+06,1.6543700666e+01,1.9975152231e+00,6.180657e-07
9.1971828025e+06,1.6395562597e+01,1.9975409427e+00,6.190489e-07
9.3819040018e+06,1.6584126561e+01,1.9976088820e+00,8.278065e-07
9.6066256010e+06,1.6565200175e+01,1.9976610455e+00,6.962670e-07
9.7913468003e+06,1.6549110060e+01,1.9977732222e+00,6.516926e-07
1.0016067999e+07,1.6664628426e+01,1.9979114262e+00,8.167751e-07
1.0200789599e+07,1.6581732049e+01,1.9980946911e+00,8.729912e-07
1.0385510798e+07,1.6694075150e+01,1.9984718426e+00,7.186559e-07
1.0610232397e+07,1.6653903284e+01,1.9989021874e+00,7.926377e-07
1.0794953597e+07,1.6625014677e+01,1.9992423184e+00,6.194801e-07
1.1019674796e+07,1.6977490002e+01,1.9999220739e+00,6.293051e-07
1.1204396395e+07,1.6715239924e+01,2.0004832548e+00,5.956368e-07
1.1389117594e+07,1.6572494846e+01,2.0009401543e+00,7.161184e-07
1.1613839193e+07,1.7099937461e+01,2.0017322195e+00,6.526091e-07
1.1798560393e+07,1.6832026230e+01,2.0025158214e+00,9.214080e-07
1.1983281592e+07,1.6544265085e+01,2.0031959271e+00,8.585498e-07
1.2208003191e+07,1.6877283418e+01,2.0040251525e+00,3.463291e-07
1.2392724391e+07,1.6957678152e+01,2.0048012359e+00,7.784336e-07
1.2617445990e+07,1.6951159294e+01,2.0059568055e+00,8.463202e-07
1.2802167189e+07,1.6858629712e+01,2.0068365477e+00,6.447678e-07
1.2986888388e+07,1.6779422593e+01,2.0077169172e+00,5.972132e-07
1.3211609988e+07,1.7156934354e+01,2.0089633513e+00,5.800572e-07
1.3396331187e+07,1.7101871921e+01,2.0101856802e+00,6.871243e-07
1.3581052786e+07,1.6770338627e+01,2.0112425837e+00,1.036088e-06
1.3805773985e+07,1.7032949132e+01,2.0124610458e+00,8.924005e-07
1.3990495185e+07,1.7190913863e+01,2.0137479032e+00,1.885140e-07
1.4215216784e+07,1.6852487386e+01,2.0151683186e+00,1.667079e-07
1.4399937983e+07,1.7016259280e+01,2.0163250005e+00,8.035643e-07
1.4584659582e+07,1.7216771108e+01,2.0177607270e+00,6.232951e-07
1.4809380782e+07,1.7079684138e+01,2.0195231271e+00,6.683949e-07
1.4994101981e+07,1.7081227229e+01,2.0208014978e+00,5.966423e-07
1.5218823580e+07,1.7131201212e+01,2.0224631266e+00,5.931127e-07
1.5403544779e+07,1.7605920091e+01,2.0239986692e+00,6.552956e-07
1.5588266379e+07,1.7089190201e+01,2.0254812378e+00,8.502407e-07
1.5812987578e+07,1.7109457615e+01,2.0272367162e+00,7.845764e-07
1.5997708777e+07,1.7169838714e+01,2.0286426530e+00,2.693686e-07
1.6182430376e+07,1.7466474861e+01,2.0302671595e+00,8.711264e-07
1.6407151576e+07,1.7051110123e+01,2.0322509868e+00,1.028665e-06
1.6591873175e+07,1.7153113383e+01,2.0337490846e+00,6.716465e-07
1.6816594374e+07,1.7259575915e+01,2.0356204692e+00,6.794806e-07
1.7001315573e+07,1.7714374808e+01,2.0373025061e+00,5.801545e-07
1.7186037173e+07,1.7296234259e+01,2.0389450532e+00,6.424312e-07
1.7410758372e+07,1.7159006944e+01,2.0407084251e+00,6.368345e-07
1.7595479971e+07,1.7731656975e+01,2.0422198589e+00,8.007117e-07
1.7780201171e+07,1.7277035166e+01,2.0439619984e+00,2.527879e-07
1.8004922370e+07,1.7155176233e+01,2.0458411570e+00,5.570956e-07
1.8189643969e+07,1.7736829323e+01,2.0474888368e+00,8.935891e-07
1.8414365168e+07,1.7405030545e+01,2.0497761610e+00,6.961890e-07
1.8599086767e+07,1.7325732640e+01,2.0515791260e+00,6.996381e-07
1.8783807967e+07,1.7210487191e+01,2.0534765124e+00,5.949498e-07
1.9008529166e+07,1.7631509211e+01,2.0560464787e+00,6.155871e-07
1.9193250765e+07,1.7655102760e+01,2.0584333746e+00,6.292437e-07
1.9417971964e+07,1.7313681296e+01,2.0612129586e+00,6.003431e-07
1.9602693564e+07,1.7383940287e+01,2.0635244467e+00,6.965514e-07
1.9787414763e+07,1.7711319939e+01,2.0657614314e+00,8.324077e-07
2.0012135962e+07,1.7777261190e+01,2.0686846878e+00,8.881543e-07
2.0196857562e+07,1.7421745402e+01,2.0709103762e+00,6.642550e-07
2.0381578761e+07,1.7455833766e+01,2.0732090015e+00,7.051235e-07
2.0606300360e+07,1.7539820643e+01,2.0759601766e+00,8.123707e-07
2.0791021559e+07,1.8117448880e+01,2.0782797789e+00,6.240157e-07
2.1015742758e+07,1.7227306165e+01,2.0808447498e+00,6.357295e-07
2.1200464358e+07,1.7429949640e+01,2.0827035898e+00,5.983067e-07
2.1385185557e+07,1.8170567446e+01,2.0845714496e+00,6.912894e-07
2.1609907156e+07,1.7413780569e+01,2.0868716507e+00,6.540109e-07
2.1794628356e+07,1.7424901478e+01,2.0886341773e+00,9.073562e-07
2.2019349555e+07,1.8236466194e+01,2.0910065553e+00,8.576312e-07
2.2204071154e+07,1.7426199254e+01,2.0930831832e+00,2.978421e-07
2.2388792353e+07,1.7664430711e+01,2.0950763365e+00,8.180854e-07
2.2613513953e+07,1.7693673715e+01,2.0974984082e+00,8.817185e-07
2.2798235152e+07,1.7877573524e+01,2.0996622179e+00,6.639918e-07
2.2982956351e+07,1.7520382391e+01,2.1017929295e+00,5.968740e-07
2.3207677950e+07,1.7633206158e+01,2.1043145208e+00,5.971864e-07
2.3392399150e+07,1.7483282372e+01,2.1064736241e+00,6.478997e-07
2.3617120749e+07,1.8035370581e+01,2.1090719467e+00,6.172483e-07
2.3801841948e+07,1.7895473475e+01,2.1113978187e+00,8.326867e-07
2.3986563147e+07,1.7763336421e+01,2.1134703281e+00,2.160673e-07
2.4211284747e+07,1.7711800621e+01,2.1160311698e+00,4.367815e-07
2.4396005946e+07,1.7712838831e+01,2.1181111463e+00,8.673331e-07
2.4580727545e+07,1.8353354992e+01,2.1201993509e+00,6.567697e-07
2.4805448744e+07,1.7433571169e+01,2.1223360049e+00,7.114067e-07
2.4990170344e+07,1.7691921503e+01,2.1236717188e+00,6.074673e-07
2.5214891543e+07,1.8151669187e+01,2.1249896554e+00,6.206256e-07
2.5399612742e+07,1.7530616567e+01,2.1258889924e+00,6.265700e-07
2.5584334341e+07,1.7589161131e+01,2.1264605259e+00,7.768778e-07
2.5809055541e+07,1.8232093035e+01,2.1269515747e+00,7.140185e-07
2.5993777140e+07,1.7492646126e+01,2.1271348949e+00,4.962768e-07
2.6218498339e+07,1.7695329002e+01,2.1270912111e+00,9.462859e-07
2.6403219538e+07,1.7933107899e+01,2.1269511236e+00,9.331454e-07
2.6587941138e+07,1.7827861415e+01,2.1268452399e+00,7.282185e-07
2.6812662337e+07,1.7600805514e+01,2.1264391136e+00,7.507803e-07
2.6997383936e+07,1.7538433157e+01,2.1259038689e+00,5.996155e-07
2.7182105136e+07,1.7654685382e+01,2.1252520154e+00,6.046692e-07
2.7406826335e+07,1.7888480566e+01,2.1243547898e+00,5.999222e-07
2.7591547934e+07,1.7803421643e+01,2.1235754780e+00,7.258653e-07
2.7816269133e+07,1.7621611534e+01,2.1224073735e+00,7.068760e-07
2.8000990732e+07,1.7492055301e+01,2.1213775753e+00,1.021417e-06
2.8185711932e+07,1.7695052442e+01,2.1202995891e+00,7.950979e-07
2.8410433131e+07,1.7960225919e+01,2.1189929277e+00,2.119153e-07
2.8595154730e+07,1.7726259731e+01,2.1178891452e+00,7.425063e-07
2.8819875929e+07,1.7474998218e+01,2.1163644188e+00,8.076635e-07
2.9004597529e+07,1.7848142457e+01,2.1150685420e+00,6.376008e-07
2.9189318728e+07,1.7601967437e+01,2.1138148578e+00,6.096399e-07
2.9414039927e+07,1.7578974881e+01,2.1121091549e+00,5.918197e-07
2.9598761527e+07,1.7928594544e+01,2.1107402097e+00,6.882459e-07
2.9783482726e+07,1.7566894978e+01,2.1093947703e+00,9.476806e-07
3.0008204325e+07,1.7705770884e+01,2.1076659756e+00,8.627209e-07
3.0192925524e+07,1.7826379534e+01,2.1062858864e+00,2.374112e-07
3.0417646723e+07,1.7818167299e+01,2.1046910100e+00,9.087048e-08
3.0602368323e+07,1.7685679927e+01,2.1033485268e+00,8.791131e-07
3.0787089522e+07,1.7622129864e+01,2.1020126262e+00,6.178074e-07
3.1011811121e+07,1.7670443284e+01,2.1003929650e+00,6.535141e-07
3.1196532321e+07,1.7832911935e+01,2.0990961389e+00,5.906459e-07
3.1381253520e+07,1.7750993351e+01,2.0978510809e+00,7.028687e-07
3.1605975119e+07,1.7666048276e+01,2.0962887304e+00,6.623777e-07
3.1790696318e+07,1.7759506255e+01,2.0950043970e+00,8.659025e-07
3.2015417917e+07,1.7715647709e+01,2.0934928593e+00,7.951945e-07
3.2200139117e+07,1.7897430731e+01,2.0922652352e+00,3.207586e-07
3.2384860316e+07,1.7801511894e+01,2.0910354028e+00,8.519296e-07
3.2609581915e+07,1.7555906940e+01,2.0895170874e+00,9.242258e-07
3.2794303115e+07,1.7800266682e+01,2.0882609227e+00,6.547854e-07
3.3019024714e+07,1.7952847285e+01,2.0867806458e+00,6.906781e-07
3.3203745913e+07,1.7675854975e+01,2.0855329866e+00,5.935711e-07
3.3388467112e+07,1.7774673946e+01,2.0842615843e+00,6.461661e-07
3.3613188713e+07,1.7905104282e+01,2.0827321370e+00,6.235515e-07
3.3797909915e+07,1.7733309127e+01,2.0814588018e+00,7.954415e-07
3.3982631518e+07,1.7852317197e+01,2.0801768727e+00,1.377660e-07
3.4207352721e+07,1.7827165805e+01,2.0786729095e+00,7.638534e-07
3.4392073924e+07,1.7748659996e+01,2.0774477025e+00,8.920984e-07
3.4616795528e+07,1.7901076220e+01,2.0759726888e+00,7.793510e-07
3.4801516730e+07,1.7811847374e+01,2.0747996199e+00,6.921018e-07
3.4986237933e+07,1.7862626259e+01,2.0736614947e+00,6.056583e-07
3.5210959536e+07,1.7881353512e+01,2.0723000295e+00,6.301119e-07
3.5395680739e+07,1.7868029442e+01,2.0712192901e+00,6.214335e-07
3.5580402342e+07,1.7938634481e+01,2.0701621253e+00,7.547956e-07
3.5805123545e+07,1.7821943537e+01,2.0688980457e+00,6.899103e-07
3.5989844748e+07,1.7859182978e+01,2.0678778387e+00,5.989258e-07
3.6214566351e+07,1.8062914968e+01,2.0666332696e+00,9.218525e-07
3.6399287554e+07,1.7850135182e+01,2.0656142681e+00,6.985334e-07
3.6584009157e+07,1.7793165710e+01,2.0646128098e+00,7.545628e-07
3.6808730360e+07,1.8116481687e+01,2.0633816374e+00,8.193723e-07
3.6993451563e+07,1.7863274863e+01,2.0623916263e+00,6.310146e-07
3.7218173166e+07,1.7869322737e+01,2.0612154826e+00,6.479997e-07
3.7402894369e+07,1.8003331507e+01,2.0602456704e+00,5.923909e-07
3.7587615972e+07,1.7903833574e+01,2.0593333356e+00,6.777858e-07
3.7812337175e+07,1.7992927845e+01,2.0582807900e+00,6.612977e-07
3.7997058378e+07,1.7918803144e+01,2.0574287206e+00,1.010829e-06
3.8181779981e+07,1.7977066892e+01,2.0566674424e+00,4.184213e-07
3.8406501184e+07,1.8127497180e+01,2.0558628668e+00,2.366168e-07
3.8591222787e+07,1.7942136707e+01,2.0552444346e+00,8.074001e-07
3.8815943990e+07,1.7869575406e+01,2.0545738425e+00,8.677593e-07
3.9000665193e+07,1.8201240503e+01,2.0541089443e+00,6.499315e-07
3.9185386796e+07,1.8172351442e+01,2.0537738974e+00,5.957415e-07
3.9410107999e+07,1.7966820912e+01,2.0534024340e+00,5.975781e-07
3.9594829202e+07,1.8054808597e+01,2.0531425260e+00,6.661896e-07
3.9819550805e+07,1.7955376545e+01,2.0528954861e+00,6.163824e-07
4.0004272008e+07,1.8471258615e+01,2.0527937730e+00,8.098857e-07
4.0188993611e+07,1.8134839358e+01,2.0527534857e+00,2.382078e-07
4.0413714814e+07,1.7998024668e+01,2.0526444044e+00,2.714146e-07
4.0598436017e+07,1.8537156200e+01,2.0526161798e+00,8.853121e-07
4.0783157619e+07,1.8257949688e+01,2.0527262917e+00,6.543861e-07
4.1007878823e+07,1.8090587234e+01,2.0528256514e+00,6.802949e-07
4.1192600426e+07,1.8348721582e+01,2.0529800235e+00,5.841113e-07
4.1417321629e+07,1.8566232441e+01,2.0533907505e+00,5.968400e-07
4.1602042832e+07,1.8165844705e+01,2.0537441039e+00,6.502589e-07
4.1786764434e+07,1.8129203349e+01,2.0541853456e+00,8.181550e-07
4.2011485638e+07,1.8511317778e+01,2.0549140822e+00,7.828231e-07
4.2196207241e+07,1.8252473794e+01,2.0556220966e+00,2.436792e-07
4.2380928443e+07,1.8250877170e+01,2.0563026632e+00,9.605555e-07
4.2605649647e+07,1.7947703001e+01,2.0571893824e+00,9.870046e-07
4.2790371249e+07,1.8732645481e+01,2.0579506777e+00,6.752359e-07
4.3015092453e+07,1.8309727635e+01,2.0589743097e+00,7.145852e-07
4.3199814055e+07,1.8203784750e+01,2.0597437614e+00,5.919191e-07
4.3384535258e+07,1.8139918832e+01,2.0605632434e+00,6.339002e-07
4.3609256462e+07,1.8399239129e+01,2.0616059794e+00,6.197856e-07
4.3793978064e+07,1.8500954054e+01,2.0625542587e+00,7.781126e-07
4.4018699268e+07,1.8296736386e+01,2.0636133213e+00,7.349618e-07
4.4203420470e+07,1.7963797653e+01,2.0644868148e+00,8.840449e-07
4.4388142073e+07,1.8770323588e+01,2.0654575266e+00,8.932787e-07
4.4612863277e+07,1.8354032948e+01,2.0666136472e+00,7.796676e-07
4.4797584879e+07,1.8052214410e+01,2.0676084781e+00,6.993060e-07
4.4982306082e+07,1.8968505827e+01,2.0686655528e+00,5.823655e-07
4.5207027285e+07,1.8280263339e+01,2.0700689919e+00,6.151726e-07
4.5391748888e+07,1.8358178383e+01,2.0711929948e+00,6.175702e-07
4.5616470092e+07,1.8655023082e+01,2.0726431560e+00,6.021377e-07
4.5801191694e+07,1.8747000226e+01,2.0740156054e+00,7.026813e-07
4.5985912897e+07,1.8178739188e+01,2.0753405520e+00,8.277955e-07
4.6210634100e+07,1.8664987312e+01,2.0770066426e+00,8.945825e-07
4.6395355703e+07,1.8286649658e+01,2.0783853113e+00,6.637990e-07
4.6580076906e+07,1.8901168132e+01,2.0798866151e+00,7.381662e-07
4.6804798509e+07,1.8370957615e+01,2.0816437196e+00,8.703900e-07
4.6989519712e+07,1.8256360064e+01,2.0831025296e+00,6.323325e-07
4.7214240915e+07,1.8711074306e+01,2.0848401430e+00,6.352208e-07
4.7398962518e+07,1.8837226221e+01,2.0863449551e+00,5.820470e-07
4.7583683721e+07,1.8091165705e+01,2.0877857766e+00,6.872946e-07
4.7808405324e+07,1.8525885246e+01,2.0894039360e+00,6.608297e-07
4.7993126527e+07,1.8694519780e+01,2.0906544140e+00,9.248363e-07
4.8217847730e+07,1.8056349408e+01,2.0921471131e+00,8.381975e-07
4.8402569333e+07,1.8362008495e+01,2.0932950332e+00,1.884168e-07
4.8587290536e+07,1.8584197685e+01,2.0944071825e+00,8.415152e-07
4.8812011739e+07,1.8297920028e+01,2.0958413698e+00,8.611960e-07
4.8996733342e+07,1.8543494086e+01,2.0969054592e+00,6.574959e-07
4.9181454545e+07,1.8151057600e+01,2.0979711696e+00,5.994790e-07
4.9406176148e+07,1.8903641242e+01,2.0993500847e+00,6.113802e-07
4.9590897351e+07,1.8302975870e+01,2.1004908594e+00,6.556208e-07
4.9815618554e+07,1.8279536644e+01,2.1018060251e+00,6.153496e-07
5.0000340157e+07,1.8306829498e+01,2.1028932452e+00,7.580059e-07
5.0185061360e+07,1.8778549311e+01,2.1039760940e+00,1.238001e-07
5.0409782963e+07,1.8283689295e+01,2.1053238319e+00,4.347247e-07
5.0594504166e+07,1.8717550212e+01,2.1062961553e+00,8.798124e-07
5.0819225369e+07,1.8119962961e+01,2.1074544677e+00,8.839627e-07
5.1003946972e+07,1.9012714019e+01,2.1084003091e+00,7.268509e-07
5.1188668175e+07,1.8711783614e+01,2.1093472913e+00,6.030755e-07
5.1413389778e+07,1.8439098485e+01,2.1102999019e+00,6.171568e-07
5.1598110981e+07,1.8444169949e+01,2.1110019586e+00,6.147446e-07
5.1782832183e+07,1.8721806309e+01,2.1117400882e+00,7.668594e-07
5.2007553787e+07,1.8391616143e+01,2.1124451588e+00,7.048966e-07
5.2192274989e+07,1.8878729233e+01,2.1129596624e+00,5.436616e-08
5.2416996593e+07,1.8845125153e+01,2.1136387818e+00,1.014047e-06
5.2601717796e+07,1.8255083738e+01,2.1140696749e+00,8.533011e-07
5.2786438998e+07,1.8333561004e+01,2.1144897118e+00,7.092981e-07
5.3011160602e+07,1.8717917939e+01,2.1149502668e+00,7.809977e-07
5.3195881804e+07,1.8527261919e+01,2.1153531367e+00,6.162703e-07
5.3380603007e+07,1.8388303711e+01,2.1156420986e+00,6.215089e-07
5.3605324611e+07,1.8203920735e+01,2.1159730139e+00,5.874559e-07
5.3790045813e+07,1.8691249516e+01,2.1161972188e+00,7.496431e-07
5.4014767417e+07,1.8833262128e+01,2.1165191209e+00,6.938815e-07
5.4199488619e+07,1.8123585950e+01,2.1166899438e+00,1.004640e-06
5.4384209822e+07,1.8449050461e+01,2.1167993071e+00,8.215706e-07
5.4608931426e+07,1.8536915299e+01,2.1168770608e+00,3.085516e-07
5.4793652628e+07,1.8761968932e+01,2.1169482522e+00,7.485830e-07
5.5018374232e+07,1.8355728048e+01,2.1169319978e+00,9.116704e-07
5.5203095434e+07,1.8416919198e+01,2.1168405820e+00,6.246256e-07
5.5387816637e+07,1.8782198825e+01,2.1167048091e+00,6.035910e-07
5.5612538240e+07,1.8379006663e+01,2.1165633347e+00,5.898490e-07
5.5797259443e+07,1.8198194767e+01,2.1163329180e+00,7.191654e-07
5.5981981046e+07,1.9001691131e+01,2.1161168745e+00,9.331345e-07
5.6206702249e+07,1.8348847363e+01,2.1158473197e+00,8.670103e-07
5.6391423452e+07,1.8291951969e+01,2.1155695767e+00,6.797697e-07
5.6616145055e+07,1.8527123944e+01,2.1152057961e+00,4.916121e-07
5.6800866258e+07,1.8833189343e+01,2.1149601062e+00,9.263210e-07
5.6985587861e+07,1.8202371803e+01,2.1146667385e+00,6.297756e-07
5.7210309064e+07,1.8419285960e+01,2.1142311779e+00,6.451616e-07
5.7395030267e+07,1.8363762448e+01,2.1138354566e+00,5.781128e-07
5.7619751870e+07,1.8719206744e+01,2.1133445205e+00,5.853246e-07
5.7804473073e+07,1.8602028666e+01,2.1129159108e+00,6.602407e-07
5.7989194276e+07,1.8187635420e+01,2.1123961631e+00,9.056293e-07
5.8213915879e+07,1.8321255011e+01,2.1117069016e+00,8.338026e-07
5.8398637082e+07,1.8599785973e+01,2.1111180675e+00,3.819036e-07
5.8583358685e+07,1.8508262797e+01,2.1105256738e+00,9.417036e-07
5.8808079888e+07,1.8288834971e+01,2.1097268196e+00,9.171602e-07
5.8992801091e+07,1.8336238364e+01,2.1090111954e+00,6.414444e-07
5.9217522694e+07,1.8560097742e+01,2.1081492798e+00,6.953180e-07
5.9402243897e+07,1.8352995374e+01,2.1074615788e+00,5.987000e-07
5.9586965500e+07,1.8299935108e+01,2.1067031167e+00,6.578164e-07
5.9811686703e+07,1.8470859450e+01,2.1058393686e+00,6.235137e-07
5.9996407906e+07,1.8431683819e+01,2.1051064722e+00,7.910461e-07
6.0181129509e+07,1.8249890515e+01,2.1043434356e+00,7.942144e-08
6.0405850712e+07,1.8502998443e+01,2.1034459993e+00,5.961142e-07
6.0590572315e+07,1.8665401821e+01,2.1027189759e+00,8.946797e-07
6.0815293518e+07,1.8390842556e+01,2.1017902639e+00,8.360878e-07
6.1000014721e+07,1.8326688637e+01,2.1010194589e+00,7.278921e-07
6.1184736323e+07,1.8496439546e+01,2.1002466008e+00,6.054799e-07
6.1409457527e+07,1.8606385988e+01,2.0993195796e+00,6.120717e-07
6.1594179130e+07,1.8461146805e+01,2.0985534703e+00,6.152818e-07
6.1818900333e+07,1.8452039369e+01,2.0975761019e+00,6.008907e-07
6.2003621536e+07,1.8475809091e+01,2.0967589424e+00,7.153282e-07
6.2188343138e+07,1.8543034309e+01,2.0959520467e+00,7.567078e-07
6.2413064342e+07,1.8542170854e+01,2.0949521683e+00,9.466291e-07
6.2597785545e+07,1.8338381578e+01,2.0941236075e+00,8.295227e-07
6.2782507147e+07,1.8463601883e+01,2.0932918056e+00,7.323663e-07
6.3007228351e+07,1.8498625230e+01,2.0922911030e+00,7.978361e-07
6.3191949953e+07,1.8539989722e+01,2.0914975331e+00,6.332916e-07
6.3416671157e+07,1.8518110457e+01,2.0905127732e+00,6.454649e-07
6.3601392359e+07,1.8469873467e+01,2.0897143924e+00,5.950013e-07
6.3786113962e+07,1.8573208864e+01,2.0889203766e+00,6.953657e-07
6.4010835166e+07,1.8552200850e+01,2.0879380140e+00,6.750914e-07
6.4195556768e+07,1.8437071926e+01,2.0871295947e+00,9.402010e-07
6.4380277971e+07,1.8548197147e+01,2.0863350623e+00,5.457375e-07
6.4604999174e+07,1.8667251603e+01,2.0853743981e+00,1.052037e-07
6.4789720777e+07,1.8463244939e+01,2.0845915021e+00,8.078080e-07
6.5014441981e+07,1.8510327449e+01,2.0836510552e+00,8.607305e-07
6.5199163583e+07,1.8568330014e+01,2.0828819891e+00,6.605721e-07
6.5383884786e+07,1.8562743788e+01,2.0821206745e+00,5.985279e-07
6.5608605989e+07,1.8616672345e+01,2.0812350032e+00,6.004283e-07
6.5793327592e+07,1.8514920995e+01,2.0805186905e+00,6.745472e-07
6.6018048796e+07,1.8527751047e+01,2.0796580340e+00,6.271443e-07
6.6202770398e+07,1.8579354101e+01,2.0789879772e+00,7.885736e-07
6.6387491601e+07,1.8700640756e+01,2.0783555649e+00,5.966918e-08
6.6612212804e+07,1.8796023245e+01,2.0776635126e+00,3.794826e-07
6.6796934407e+07,1.8607458146e+01,2.0771445064e+00,9.682499e-07
6.6981655610e+07,1.8523087248e+01,2.0766585051e+00,6.485377e-07
6.7206376813e+07,1.8815164397e+01,2.0761934104e+00,6.840020e-07
6.7391098416e+07,1.8617413831e+01,2.0758338143e+00,5.852373e-07
6.7615819619e+07,1.8557533787e+01,2.0754298356e+00,5.794503e-07
6.7800541222e+07,1.8909361579e+01,2.0751978744e+00,6.227448e-07
6.7985262425e+07,1.8541385809e+01,2.0749782177e+00,8.330990e-07
6.8209983628e+07,1.8471117788e+01,2.0747396074e+00,8.317198e-07
6.8394705231e+07,1.8985647759e+01,2.0746284839e+00,2.684594e-07
6.8619426434e+07,1.8585679840e+01,2.0745695162e+00,9.631090e-07
6.8804148037e+07,1.8653733367e+01,2.0745477053e+00,9.098206e-07
6.8988869240e+07,1.8613256164e+01,2.0746081941e+00,6.671114e-07
6.9213590443e+07,1.8949140395e+01,2.0747399612e+00,7.220440e-07
6.9398312046e+07,1.8888716549e+01,2.0749533026e+00,5.916557e-07
6.9583033249e+07,1.8639106829e+01,2.0751652546e+00,6.425670e-07
6.9807754852e+07,1.8584754146e+01,2.0755024538e+00,6.055396e-07
6.9992476055e+07,1.8812314762e+01,2.0758384381e+00,8.088256e-07
7.0217197258e+07,1.9058238116e+01,2.0764108479e+00,7.303644e-07
7.0401918861e+07,1.8821338419e+01,2.0769753494e+00,9.100443e-07
7.0586640064e+07,1.8884358778e+01,2.0775788280e+00,9.500043e-07
7.0811361667e+07,1.8793614626e+01,2.0784509952e+00,8.335842e-07
7.0996082870e+07,1.9061621936e+01,2.0793357937e+00,7.568106e-07
7.1180804072e+07,1.8936692020e+01,2.0802283645e+00,5.899998e-07
7.1405525676e+07,1.8907449578e+01,2.0814072409e+00,6.091712e-07
7.1590246879e+07,1.9228594711e+01,2.0825282031e+00,6.086744e-07
7.1814968082e+07,1.8888334864e+01,2.0838851002e+00,5.979125e-07
7.1999689685e+07,1.8551779632e+01,2.0850992830e+00,7.218405e-07
7.2184410887e+07,1.9343696202e+01,2.0864937684e+00,8.663864e-07
7.2409132491e+07,1.8672464395e+01,2.0882889129e+00,9.261325e-07
7.2593853693e+07,1.9460278657e+01,2.0899181498e+00,8.001374e-07
7.2818574897e+07,1.8572428059e+01,2.0920588318e+00,1.019348e-07
7.3003296500e+07,1.9666129516e+01,2.0939965859e+00,8.637200e-07
7.3188017702e+07,1.8561466067e+01,2.0960838609e+00,6.201525e-07
7.3412739306e+07,1.9339879305e+01,2.0987486818e+00,6.435575e-07
7.3597460508e+07,1.8937824644e+01,2.1010683085e+00,5.941616e-07
7.3782181711e+07,1.9671701270e+01,2.1035718685e+00,7.071384e-07
7.4006903315e+07,1.9162546307e+01,2.1068201170e+00,6.742370e-07
7.4191624517e+07,1.9610597706e+01,2.1095769126e+00,9.185280e-07
7.4416346121e+07,1.8853144774e+01,2.1132127300e+00,7.940101e-07
7.4601067323e+07,1.9918515797e+01,2.1163651693e+00,6.789180e-08
7.4785788526e+07,1.9329326814e+01,2.1196816600e+00,8.145419e-07
7.5010510130e+07,1.9051018225e+01,2.1239795645e+00,8.664076e-07
7.5195231332e+07,2.0170260284e+01,2.1276485517e+00,6.418348e-07
7.5419952936e+07,1.8573126628e+01,2.1323800831e+00,7.254626e-07
7.5604674138e+07,1.9705783974e+01,2.1364664200e+00,6.075628e-07
7.5789395341e+07,2.0247261134e+01,2.1406512179e+00,6.692492e-07
7.6014116944e+07,1.9192326831e+01,2.1460964438e+00,6.202742e-07
7.6198838147e+07,2.0061119489e+01,2.1506830568e+00,7.754616e-07
7.6383559350e+07,1.9253194679e+01,2.1554560614e+00,4.123086e-09
7.6608280953e+07,2.0337761009e+01,2.1614232023e+00,3.043910e-07
7.6793002156e+07,2.0102568205e+01,2.1666082321e+00,8.828336e-07
7.7017723759e+07,2.0685950885e+01,2.1730158770e+00,8.617987e-07
7.7202444962e+07,1.8844476698e+01,2.1785108530e+00,7.238612e-07
7.7387166165e+07,2.0843868026e+01,2.1841091276e+00,6.100271e-07
7.7611887768e+07,2.0021008750e+01,2.1911545991e+00,6.038900e-07
7.7796608971e+07,2.0380748723e+01,2.1970100405e+00,6.051075e-07
7.7981330574e+07,2.0625205853e+01,2.2030806726e+00,7.623009e-07
7.8206051777e+07,2.0803622564e+01,2.2104487072e+00,7.514925e-07
7.8390772980e+07,1.9300491827e+01,2.2166204870e+00,3.716994e-08
7.8615494583e+07,2.0586841355e+01,2.2242899037e+00,9.725385e-07
7.8800215786e+07,2.0789793551e+01,2.2306098771e+00,8.210079e-07
7.8984937389e+07,1.8690165943e+01,2.2371030194e+00,7.309609e-07
7.9209658592e+07,2.1234368122e+01,2.2451131386e+00,7.804710e-07
7.9394379795e+07,2.0322003392e+01,2.2517630602e+00,5.990749e-07
7.9619101398e+07,2.0698993743e+01,2.2601261160e+00,6.427414e-07
7.9803822601e+07,2.1096605703e+01,2.2669907358e+00,6.012118e-07
7.9988544204e+07,2.0171347807e+01,2.2740581212e+00,7.456714e-07
8.0213265407e+07,2.1132719256e+01,2.2826839783e+00,6.961553e-07
8.0397986610e+07,2.0777398489e+01,2.2899435219e+00,9.405807e-07
8.0582708213e+07,2.0920186573e+01,2.2971229530e+00,8.604936e-07
8.0807429416e+07,2.0617626459e+01,2.3060167113e+00,6.969779e-07
8.0992150619e+07,2.1104880844e+01,2.3132681270e+00,7.797482e-07
8.1216872222e+07,2.0062108963e+01,2.3222200960e+00,9.451077e-07
8.1401593425e+07,2.1370537853e+01,2.3294993636e+00,6.171782e-07
8.1586315027e+07,2.0473477791e+01,2.3368630553e+00,5.818985e-07
8.1811036231e+07,2.1237289694e+01,2.3456970109e+00,5.783581e-07
8.1995757434e+07,1.9079139085e+01,2.3529893485e+00,7.175721e-07
8.2180479036e+07,2.1037894987e+01,2.3602113735e+00,9.381371e-07
8.2405200240e+07,2.1518623103e+01,2.3689124369e+00,9.170337e-07
8.2589921842e+07,1.9495333443e+01,2.3760757249e+00,6.392910e-07
8.2814643046e+07,2.1028654806e+01,2.3847865874e+00,5.927919e-07
8.2999364249e+07,2.1109496811e+01,2.3918403014e+00,9.042549e-07
8.3184085851e+07,2.1007641903e+01,2.3989756565e+00,6.223113e-07
8.3408807055e+07,2.1056894761e+01,2.4074457729e+00,6.570521e-07
8.3593528657e+07,2.1059098525e+01,2.4144782607e+00,5.820766e-07
8.3818249861e+07,2.1238143141e+01,2.4228812793e+00,5.857578e-07
8.4002971064e+07,2.1132283299e+01,2.4298459555e+00,6.678697e-07
8.4187692666e+07,2.1039645423e+01,2.4366463731e+00,9.206315e-07
8.4412413870e+07,2.0923028131e+01,2.4449586840e+00,8.489168e-07
8.4597135472e+07,2.1461032714e+01,2.4516413706e+00,2.083541e-07
8.4781856675e+07,2.0584830807e+01,2.4584066068e+00,9.046336e-07
8.5006577878e+07,2.1212931901e+01,2.4664665306e+00,8.936605e-07
8.5191299481e+07,2.1169700580e+01,2.4731357270e+00,6.512535e-07
8.5416020685e+07,2.1133897300e+01,2.4810159523e+00,7.190999e-07
8.5600742287e+07,2.1046871698e+01,2.4875424324e+00,5.957975e-07
8.5785463490e+07,2.1542963644e+01,2.4939242369e+00,6.624672e-07
8.6010184693e+07,2.1066474103e+01,2.5016605781e+00,6.387263e-07
8.6194906296e+07,1.8900437487e+01,2.5080929673e+00,7.932346e-07
8.6419627500e+07,2.1569533861e+01,2.5160224207e+00,7.395559e-07
8.6604348702e+07,2.1063210097e+01,2.5225694112e+00,6.703043e-07
8.6789070305e+07,2.1610338808e+01,2.5293297015e+00,8.899124e-07
8.7013791508e+07,2.1367211617e+01,2.5376053819e+00,8.969176e-07
8.7198513111e+07,2.0970510127e+01,2.5446338324e+00,7.452250e-07
8.7383234314e+07,2.1850416914e+01,2.5516532784e+00,6.076531e-07
8.7607955517e+07,2.1218507801e+01,2.5604194242e+00,6.097108e-07
8.7792677120e+07,2.1378519322e+01,2.5676090867e+00,6.017332e-07
8.8017398323e+07,2.1936870779e+01,2.5766318998e+00,5.999046e-07
8.8202119926e+07,2.1053236214e+01,2.5840772072e+00,7.244373e-07
8.8386841129e+07,2.1939230368e+01,2.5917337249e+00,5.927770e-07
8.8611562332e+07,2.1653582738e+01,2.6010417881e+00,9.480928e-07
8.8796283935e+07,2.1551669080e+01,2.6088758838e+00,7.272857e-07
8.8981005138e+07,2.1515070583e+01,2.6166856868e+00,7.507895e-07
8.9205726741e+07,2.1959749657e+01,2.6264503317e+00,7.954134e-07
8.9390447944e+07,2.1482307340e+01,2.6345247107e+00,6.158651e-07
8.9615169147e+07,2.1354215033e+01,2.6446316671e+00,6.355733e-07
8.9799890750e+07,2.1954263166e+01,2.6530228586e+00,6.041393e-07
8.9984611953e+07,2.2322209511e+01,2.6615195448e+00,7.387762e-07
9.0209333556e+07,2.1796129110e+01,2.6720456096e+00,6.620851e-07
9.0394054759e+07,2.1997087181e+01,2.6809327660e+00,8.901916e-07
9.0618775962e+07,2.2109797051e+01,2.6918277324e+00,8.261541e-07
9.0803497565e+07,2.2582052993e+01,2.7010597336e+00,1.226227e-07
9.0988218768e+07,2.1935413160e+01,2.7103054677e+00,7.997788e-07
9.1212939971e+07,2.2623295384e+01,2.7218011049e+00,8.823013e-07
9.1397661574e+07,2.1785959174e+01,2.7312493304e+00,6.585870e-07
9.1582382776e+07,2.2567111363e+01,2.7408972658e+00,5.955492e-07
9.1807104380e+07,1.9886844926e+01,2.7526849133e+00,5.896856e-07
9.1991825583e+07,2.2627211974e+01,2.7624876413e+00,6.765992e-07
9.2216546786e+07,2.0143738090e+01,2.7745209194e+00,6.295128e-07
9.2401268389e+07,2.3039063214e+01,2.7845010637e+00,8.206909e-07
9.2585989591e+07,2.0854755064e+01,2.7945558358e+00,2.884367e-07
9.2810711195e+07,2.2861794409e+01,2.8068329235e+00,2.039727e-07
9.2995432398e+07,2.2619414119e+01,2.8170766729e+00,9.386659e-07
9.3180153600e+07,2.2732424267e+01,2.8272809184e+00,6.349767e-07
9.3404875204e+07,1.9721839378e+01,2.8398998581e+00,7.045944e-07
9.3589596406e+07,2.2540572346e+01,2.8503857970e+00,5.900079e-07
9.3814318010e+07,2.2927193274e+01,2.8632027271e+00,5.947061e-07
9.3999039212e+07,2.3393161140e+01,2.8738560137e+00,6.193483e-07
9.4183760415e+07,2.1631978238e+01,2.8847175616e+00,8.975915e-07
9.4408482019e+07,2.3207088573e+01,2.8980514027e+00,8.130449e-07
9.4593203221e+07,2.1606823420e+01,2.9092308560e+00,3.134684e-07
9.4817924825e+07,2.3321043422e+01,2.9229072765e+00,9.530507e-07
9.5002646027e+07,2.1222370137e+01,2.9342705304e+00,9.684984e-07
9.5187367230e+07,2.3564959962e+01,2.9456745491e+00,6.843651e-07
9.5412088834e+07,2.2945342218e+01,2.9597156170e+00,7.631821e-07
9.5596810036e+07,2.3364900767e+01,2.9712629650e+00,5.759004e-07
9.5781531239e+07,2.3389445408e+01,2.9830189845e+00,6.313172e-07
9.6006252842e+07,2.3293770598e+01,2.9973628074e+00,6.073010e-07
9.6190974045e+07,2.3781433530e+01,3.0093588414e+00,8.427483e-07
9.6415695648e+07,2.2845760693e+01,3.0239415456e+00,7.242617e-07
9.6600416851e+07,2.3863543067e+01,3.0360613056e+00,9.290013e-07
9.6785138054e+07,2.3125989088e+01,3.0481978922e+00,9.314989e-07
9.7009859657e+07,2.3569615566e+01,3.0628116150e+00,8.483191e-07
9.7194580860e+07,2.0066455612e+01,3.0747666212e+00,7.752235e-07
9.7419302463e+07,2.3345345713e+01,3.0891715156e+00,8.739032e-07
9.7604023666e+07,2.3605507783e+01,3.1008760193e+00,6.113245e-07
9.7788744869e+07,2.3908669703e+01,3.1125511413e+00,6.144916e-07
9.8013466472e+07,2.2404191491e+01,3.1268175116e+00,5.781318e-07
9.8198187675e+07,2.3714549895e+01,3.1384563865e+00,7.168148e-07
9.8382909278e+07,2.3108904184e+01,3.1500545482e+00,9.075954e-07
9.8607630481e+07,2.3680617139e+01,3.1641937017e+00,9.603313e-07
9.8792351684e+07,2.3381866442e+01,3.1756466871e+00,8.508055e-07
9.9017073287e+07,2.4115757758e+01,3.1895627720e+00,1.161797e-08
9.9201794490e+07,2.0612191618e+01,3.2008541814e+00,8.062407e-07
9.9386516093e+07,2.3961624053e+01,3.2120499527e+00,6.098156e-07
9.9611237296e+07,2.3216532889e+01,3.2256225365e+00,6.311366e-07
9.9795958499e+07,2.3678620147e+01,3.2365943180e+00,5.999836e-07
9.9980680102e+07,2.3195517942e+01,3.2475816876e+00,7.116835e-07
1.0020540130e+08,2.3682909167e+01,3.2607477479e+00,6.777321e-07
1.0039012251e+08,2.3765723325e+01,3.2715634274e+00,9.234916e-07
1.0061484411e+08,2.0208798795e+01,3.2844978742e+00,7.885144e-07
1.0079956531e+08,2.3677590650e+01,3.2950271846e+00,5.952043e-08
1.0098428692e+08,2.1947065069e+01,3.3054308049e+00,8.149294e-07
1.0120900812e+08,2.3629191418e+01,3.3179972219e+00,8.534021e-07
1.0139372932e+08,2.3572769531e+01,3.3280836678e+00,6.576409e-07
1.0161845093e+08,2.3338914812e+01,3.3401434891e+00,7.085046e-07
1.0180317213e+08,2.2966133891e+01,3.3498991689e+00,5.935713e-07
1.0198789373e+08,2.3467557275e+01,3.3593039261e+00,6.617940e-07
1.0221261493e+08,2.2565427321e+01,3.3704310863e+00,6.215829e-07
1.0239733614e+08,2.3299844437e+01,3.3793793354e+00,8.045102e-07
1.0258205774e+08,2.3167458073e+01,3.3880072646e+00,1.196028e-08
1.0280677894e+08,2.3236587738e+01,3.3982857106e+00,3.315234e-07
1.0299150055e+08,2.2688365861e+01,3.4063356518e+00,9.022124e-07
1.0321622175e+08,2.3124797745e+01,3.4158030089e+00,8.771612e-07
1.0340094295e+08,1.9116761387e+01,3.4231463224e+00,7.195585e-07
1.0358566456e+08,2.2883418575e+01,3.4300741397e+00,6.078967e-07
1.0381038576e+08,2.1642760381e+01,3.4378199036e+00,6.078917e-07
1.0399510736e+08,2.2745962630e+01,3.4436550287e+00,6.111975e-07
1.0421982856e+08,2.1241061055e+01,3.4499452748e+00,5.939990e-07
1.0440454977e+08,2.2389250405e+01,3.4543002367e+00,7.760634e-07
1.0458927137e+08,2.1741038736e+01,3.4579680172e+00,8.453608e-07
1.0481399257e+08,2.1396444881e+01,3.4610431315e+00,9.181167e-07
1.0499871378e+08,1.9197493845e+01,3.4621401326e+00,9.037872e-07
1.0518343538e+08,1.9259335776e+01,3.4608277979e+00,7.260774e-07
1.0540815658e+08,2.0262627421e+01,3.4562832665e+00,7.664925e-07
1.0559287819e+08,1.9961375206e+01,3.4563898259e+00,5.989806e-07
1.0581759939e+08,2.1981439903e+01,3.4590740513e+00,6.338473e-07
1.0600232059e+08,2.1903535417e+01,3.4626028353e+00,5.994586e-07
1.0618704219e+08,2.1835579753e+01,3.4670921236e+00,7.781678e-07
1.0641176340e+08,2.2646729572e+01,3.4733673003e+00,6.889849e-07
1.0659648500e+08,2.0513780778e+01,3.4791521241e+00,9.108054e-07
1.0678120620e+08,2.3011562326e+01,3.4853144794e+00,8.992580e-07
1.0700592741e+08,2.2639607578e+01,3.4932956127e+00,7.358986e-07
1.0719064901e+08,2.3372349209e+01,3.5000362074e+00,8.205998e-07
1.0741537021e+08,2.2776128405e+01,3.5086064378e+00,9.044275e-07
1.0760009182e+08,2.3386736857e+01,3.5157891642e+00,6.432280e-07
1.0778481302e+08,2.2736989167e+01,3.5232457062e+00,5.932788e-07
1.0800953422e+08,2.3170088084e+01,3.5324579946e+00,5.699945e-07
1.0819425582e+08,2.3682211697e+01,3.5402520740e+00,6.739672e-07
1.0841897703e+08,2.3228709777e+01,3.5497687538e+00,6.390339e-07
1.0860369863e+08,2.3309892186e+01,3.5577552342e+00,9.449864e-07
1.0878841983e+08,2.3984516916e+01,3.5657274213e+00,5.142643e-07
1.0901314104e+08,2.2554061211e+01,3.5755539037e+00,8.894057e-11
1.0919786264e+08,2.3560522629e+01,3.5837921656e+00,9.108774e-07
1.0938258384e+08,2.3961137451e+01,3.5920430693e+00,6.137595e-07
1.0960730505e+08,2.2417285720e+01,3.6022969523e+00,6.510150e-07
1.0979202665e+08,2.3993076336e+01,3.6108415958e+00,5.805068e-07
1.1001674785e+08,2.3901829513e+01,3.6214147683e+00,5.902277e-07
1.1020146945e+08,2.3659879978e+01,3.6303418557e+00,6.484176e-07
1.1038619066e+08,2.4121665777e+01,3.6393254566e+00,9.580242e-07
1.1061091186e+08,2.4025162442e+01,3.6505121563e+00,8.366276e-07
1.1079563346e+08,2.3712406495e+01,3.6597154798e+00,3.948475e-07
1.1098035467e+08,2.4380045091e+01,3.6690977168e+00,8.267929e-07
1.1120507627e+08,2.4136282428e+01,3.6804986474e+00,9.045910e-07
1.1138979747e+08,2.3918429549e+01,3.6900428255e+00,6.658844e-07
1.1161451867e+08,2.4598714166e+01,3.7016455598e+00,7.178933e-07
1.1179924028e+08,2.4129897100e+01,3.7113282904e+00,5.910959e-07
1.1198396148e+08,2.3994651018e+01,3.7209957594e+00,6.554421e-07
1.1220868308e+08,2.4683944752e+01,3.7329579515e+00,6.160326e-07
1.1239340429e+08,2.4200151386e+01,3.7427698422e+00,7.952051e-07
1.1261812549e+08,2.2529879943e+01,3.7549032980e+00,7.474829e-07
1.1280284709e+08,2.4656433584e+01,3.7649097635e+00,7.353964e-07
1.1298756830e+08,2.4372966221e+01,3.7749142712e+00,8.850105e-07
1.1321228990e+08,2.3818855735e+01,3.7872268977e+00,8.560959e-07
1.1339701110e+08,2.4758818454e+01,3.7972934712e+00,7.281089e-07
1.1358173230e+08,2.1853081975e+01,3.8074130217e+00,6.018180e-07
1.1380645391e+08,2.5087029181e+01,3.8197683776e+00,6.120229e-07
1.1399117511e+08,2.4367460849e+01,3.8298860424e+00,6.214852e-07
1.1421589631e+08,2.4588080430e+01,3.8422863294e+00,6.075589e-07
1.1440061792e+08,2.4554959686e+01,3.8523710158e+00,7.404540e-07
1.1458533912e+08,2.4686039302e+01,3.8625168154e+00,7.390165e-07
1.1481006072e+08,2.4164172693e+01,3.8747515667e+00,9.022146e-07
1.1499478193e+08,2.4768967099e+01,3.8848797430e+00,6.201839e-07
1.1521950313e+08,2.4571522484e+01,3.8970821992e+00,2.843947e-07
1.1540422473e+08,2.4778461047e+01,3.9071656550e+00,7.691182e-07
1.1558894593e+08,2.4469160554e+01,3.9171353816e+00,6.106042e-07
1.1581366754e+08,2.4817660926e+01,3.9293722827e+00,6.495025e-07
1.1599838874e+08,2.4721057550e+01,3.9393693668e+00,6.038582e-07
1.1618310994e+08,2.4341968626e+01,3.9494573979e+00,7.537330e-07
1.1640783155e+08,2.5043031247e+01,3.9616754150e+00,6.745384e-07
1.1659255275e+08,2.5002204171e+01,3.9717086464e+00,8.847606e-07
1.1681727435e+08,2.3776170043e+01,3.9839888937e+00,8.140039e-07
1.1700199556e+08,2.5216533509e+01,3.9940090052e+00,5.175680e-08
1.1718671676e+08,2.1444665511e+01,4.0040135469e+00,7.766462e-07
1.1741143836e+08,2.4919418832e+01,4.0161624670e+00,8.969746e-07
1.1759615956e+08,2.4409391129e+01,4.0261247093e+00,6.538449e-07
1.1778088117e+08,2.4943695963e+01,4.0361795532e+00,6.055996e-07
1.1800560237e+08,2.4464254907e+01,4.0483345645e+00,5.897104e-07
1.1819032357e+08,2.5537894377e+01,4.0584303970e+00,6.394522e-07
1.1841504518e+08,2.3629438363e+01,4.0706980069e+00,6.118551e-07
1.1859976638e+08,2.5320757951e+01,4.0808678896e+00,8.710082e-07
1.1878448758e+08,2.4592199814e+01,4.0910142759e+00,3.500326e-07
1.1900920919e+08,2.5083728397e+01,4.1034628371e+00,5.282762e-07
1.1919393039e+08,2.4965870300e+01,4.1136449504e+00,9.199167e-07
1.1941865199e+08,2.5519825132e+01,4.1261783878e+00,9.217742e-07
1.1960337319e+08,2.4275790841e+01,4.1364200396e+00,6.948707e-07
1.1978809440e+08,2.5699051045e+01,4.1467452303e+00,5.770597e-07
1.2001281600e+08,2.5465323482e+01,4.1592169577e+00,5.971208e-07
1.2019753720e+08,2.4412960189e+01,4.1694456535e+00,6.221327e-07
1.2038225881e+08,2.5305414498e+01,4.1797029964e+00,8.950610e-07
1.2060698001e+08,2.5433718042e+01,4.1920643196e+00,8.073904e-07
1.2079170121e+08,2.4339047234e+01,4.2022317415e+00,6.523262e-07
1.2101642282e+08,2.5867097918e+01,4.2146303902e+00,9.473883e-07
1.2120114402e+08,2.4111842226e+01,4.2247204521e+00,9.402988e-07
1.2138586562e+08,2.5729058902e+01,4.2348071149e+00,7.223311e-07
1.2161058682e+08,2.4645241389e+01,4.2469490076e+00,7.903454e-07
1.2179530803e+08,2.5387053074e+01,4.2569385545e+00,5.900084e-07
1.2198002963e+08,2.3605551850e+01,4.2668279795e+00,6.134678e-07
1.2220475083e+08,2.5550976421e+01,4.2787974297e+00,5.971889e-07
1.2238947244e+08,2.3465184680e+01,4.2885804958e+00,7.771164e-07
1.2261419364e+08,2.5828341469e+01,4.3003414108e+00,7.058342e-07
1.2279891484e+08,2.2664739126e+01,4.3099241384e+00,9.055451e-07
1.2298363644e+08,2.5693502733e+01,4.3194543642e+00,9.433518e-07
1.2320835765e+08,2.4412361354e+01,4.3309870590e+00,8.309177e-07
1.2339307885e+08,2.5329055483e+01,4.3403741417e+00,7.372544e-07
1.2361780045e+08,2.3226732750e+01,4.3517757864e+00,8.186448e-07
1.2380252166e+08,2.5385390854e+01,4.3610371913e+00,6.136528e-07
1.2398724326e+08,2.5328238094e+01,4.3702040992e+00,6.061286e-07
1.2421196446e+08,2.5457860987e+01,4.3813303018e+00,5.983678e-07
1.2439668567e+08,2.4093603988e+01,4.3905057379e+00,7.244992e-07
1.2458140727e+08,2.5479199654e+01,4.3995856663e+00,8.924435e-07
1.2480612847e+08,2.2513011575e+01,4.4105820351e+00,9.648959e-07
1.2499085007e+08,2.5403364508e+01,4.4195301226e+00,1.477889e-07
1.2521557128e+08,2.1603744570e+01,4.4303383611e+00,1.282138e-07
1.2540029248e+08,2.5759883972e+01,4.4391684235e+00,7.614596e-07
1.2558501408e+08,2.3936725434e+01,4.4479908113e+00,6.165930e-07
1.2580973529e+08,2.5460167012e+01,4.4586056074e+00,6.403856e-07
1.2599445689e+08,2.5119832149e+01,4.4673344133e+00,5.862094e-07
1.2621917809e+08,2.5133314004e+01,4.4777446502e+00,6.037751e-07
1.2640389930e+08,2.5110154690e+01,4.4862907960e+00,6.894965e-07
1.2658862090e+08,2.5238981196e+01,4.4946691288e+00,9.051876e-07
1.2681334210e+08,2.5141707136e+01,4.5048459672e+00,8.207080e-07
1.2699806370e+08,2.4766584216e+01,4.5130715389e+00,5.702525e-08
1.2718278491e+08,2.5246326398e+01,4.5213155797e+00,7.789656e-07
1.2740750611e+08,2.4620062326e+01,4.5311968502e+00,8.563262e-07
1.2759222771e+08,2.4692646620e+01,4.5393177641e+00,6.626280e-07
1.2781694892e+08,2.5156293476e+01,4.5490687369e+00,7.004031e-07
1.2800167012e+08,2.5596074000e+01,4.5570477725e+00,6.036481e-07
1.2818639172e+08,2.4600299130e+01,4.5650132205e+00,6.495163e-07
1.2841111293e+08,2.4916359190e+01,4.5747743553e+00,6.126569e-07
1.2859583453e+08,2.5555715330e+01,4.5827393174e+00,7.918903e-07
1.2878055573e+08,2.4800970877e+01,4.5907628795e+00,7.312869e-08
1.2900527693e+08,2.5315805160e+01,4.6004312041e+00,4.166905e-07
1.2918999854e+08,2.5325882979e+01,4.6084637963e+00,9.199786e-07
1.2941471974e+08,2.5276188944e+01,4.6181590561e+00,8.418172e-07
1.2959944134e+08,2.5535833304e+01,4.6261866160e+00,7.045165e-07
1.2978416255e+08,2.4358073708e+01,4.6341420945e+00,5.916712e-07
1.3000888375e+08,2.5492586195e+01,4.6438988162e+00,5.984135e-07
1.3019360535e+08,2.4584780552e+01,4.6518675629e+00,6.143111e-07
1.3041832656e+08,2.5740348276e+01,4.6616087240e+00,6.105738e-07
1.3060304816e+08,2.1607426936e+01,4.6695983427e+00,7.460654e-07
1.3078776936e+08,2.5879876222e+01,4.6775898984e+00,7.780820e-07
1.3101249056e+08,2.5457613489e+01,4.6873864168e+00,9.001782e-07
1.3119721217e+08,2.5376117154e+01,4.6953754382e+00,8.507850e-07
1.3138193337e+08,2.4648240475e+01,4.7034855819e+00,7.251788e-07
1.3160665497e+08,2.5556134495e+01,4.7133478509e+00,7.879211e-07
1.3179137618e+08,2.5932534813e+01,4.7214909759e+00,6.190081e-07
1.3201609738e+08,2.5873637920e+01,4.7314701964e+00,6.367479e-07
1.3220081898e+08,2.4864457194e+01,4.7397921028e+00,5.887162e-07
1.3238554018e+08,2.6136103094e+01,4.7481237319e+00,7.553510e-07
1.3261026139e+08,2.4209579095e+01,4.7583278738e+00,6.678480e-07
1.3279498299e+08,2.5830663276e+01,4.7667723508e+00,9.373611e-07
1.3301970419e+08,2.5257404484e+01,4.7770283275e+00,9.758217e-07
1.3320442580e+08,2.6038492871e+01,4.7855159755e+00,2.952100e-07
1.3338914700e+08,2.3722840826e+01,4.7939604351e+00,7.992931e-07
1.3361386820e+08,2.6301856985e+01,4.8041573162e+00,8.554376e-07
1.3379858981e+08,2.5401728368e+01,4.8125450025e+00,6.494620e-07
1.3398331101e+08,2.6106715800e+01,4.8207911146e+00,5.962598e-07
1.3420803261e+08,2.5124787144e+01,4.8308093889e+00,5.849401e-07
1.3439275380e+08,2.5791524617e+01,4.8389207060e+00,6.656198e-07
1.3461747499e+08,2.5996880039e+01,4.8487713918e+00,6.318454e-07
1.3480219658e+08,2.3853850916e+01,4.8567802921e+00,9.658375e-07
1.3498691777e+08,2.5961735261e+01,4.8648099737e+00,2.730292e-07
1.3521163935e+08,2.5663005279e+01,4.8745605539e+00,5.751866e-07
1.3539636054e+08,2.5338627834e+01,4.8826592252e+00,8.519143e-07
1.3558108213e+08,2.6130991487e+01,4.8906931315e+00,6.459139e-07
1.3580580332e+08,2.6217845563e+01,4.9003799687e+00,6.832622e-07
1.3599052451e+08,2.4425873642e+01,4.9083078484e+00,5.745204e-07
1.3621524609e+08,2.5953173261e+01,4.9178136974e+00,5.864731e-07
1.3639996728e+08,2.5877015057e+01,4.9255521014e+00,6.429940e-07
1.3658468887e+08,2.5211044960e+01,4.9333104197e+00,9.512817e-07
1.3680941006e+08,2.6050150863e+01,4.9426066161e+00,8.059455e-07
1.3699413165e+08,2.4968092736e+01,4.9502541709e+00,5.749715e-07
1.3721885283e+08,2.5630646825e+01,4.9593994432e+00,7.535651e-07
1.3740357402e+08,2.6024381633e+01,4.9668988512e+00,8.908416e-07
1.3758829561e+08,2.5428742574e+01,4.9742400907e+00,6.916347e-07
1.3781301680e+08,2.5655974629e+01,4.9831428912e+00,7.307698e-07
1.3799773839e+08,2.5943494742e+01,4.9903047279e+00,5.994021e-07
1.3818245958e+08,2.5584621353e+01,4.9974650661e+00,6.439407e-07
1.3840718116e+08,2.4768778035e+01,5.0059746059e+00,5.968535e-07
1.3859190235e+08,2.6002633870e+01,5.0128934521e+00,7.664765e-07
1.3881662354e+08,2.3442151514e+01,5.0210997162e+00,7.363736e-07
1.3900134513e+08,2.6012067598e+01,5.0276701542e+00,8.200172e-07
1.3918606632e+08,2.5293169293e+01,5.0340810093e+00,9.807288e-07
1.3941078790e+08,2.4449869860e+01,5.0417470722e+00,6.562842e-08
1.3959550909e+08,2.5984793444e+01,5.0478356422e+00,7.272149e-07
1.3978023068e+08,2.5017689880e+01,5.0537961785e+00,5.926921e-07
1.4000495187e+08,2.4681019033e+01,5.0609201007e+00,6.045840e-07
1.4018967306e+08,2.5861666650e+01,5.0665637677e+00,6.152921e-07
1.4041439464e+08,2.4821849401e+01,5.0732582922e+00,6.087881e-07
1.4059911583e+08,2.5289670530e+01,5.0786769980e+00,7.245085e-07
1.4078383742e+08,2.5225325025e+01,5.0838780557e+00,9.360268e-07
1.4100855861e+08,2.5131748286e+01,5.0900975400e+00,8.763244e-07
1.4119328020e+08,2.4393189944e+01,5.0949817810e+00,1.022003e-07
1.4141800138e+08,2.5357511210e+01,5.1007568039e+00,5.090611e-08
1.4160272257e+08,2.4314866453e+01,5.1052451788e+00,7.723178e-07
1.4178744416e+08,2.5259640638e+01,5.1096180910e+00,6.318938e-07
1.4201216535e+08,2.4452790562e+01,5.1145989660e+00,6.616235e-07
1.4219688694e+08,2.4948214823e+01,5.1185422061e+00,5.937319e-07
1.4238160813e+08,2.2497112443e+01,5.1222432264e+00,6.970293e-07
1.4260632971e+08,2.4609111509e+01,5.1263891038e+00,6.366545e-07
1.4279105090e+08,2.2562508949e+01,5.1294730390e+00,8.420032e-07
1.4301577209e+08,2.4413206373e+01,5.1328203170e+00,8.255557e-07
1.4320049368e+08,2.4152327450e+01,5.1351168045e+00,1.173174e-07
1.4338521487e+08,2.2777399506e+01,5.1370236240e+00,8.097939e-07
1.4360993645e+08,2.3951269912e+01,5.1387460622e+00,9.290125e-07
1.4379465764e+08,2.3347652548e+01,5.1394852602e+00,6.903205e-07
1.4401937923e+08,2.2274615302e+01,5.1394678483e+00,7.275627e-07
1.4420410042e+08,2.2724811090e+01,5.1382544210e+00,6.019051e-07
1.4438882161e+08,2.0976188473e+01,5.1351632868e+00,6.342730e-07
1.4461354319e+08,2.2631952794e+01,5.1296176024e+00,6.021849e-07
1.4479826438e+08,2.1604933392e+01,5.1278087632e+00,8.208709e-07
1.4498298597e+08,2.3643797397e+01,5.1273392878e+00,3.400307e-07
1.4520770716e+08,2.1777643607e+01,5.1278623543e+00,8.957260e-07
1.4539242875e+08,2.3917115359e+01,5.1289928044e+00,9.131270e-07
1.4561714993e+08,2.3772490972e+01,5.1309417095e+00,7.887719e-07
1.4580187112e+08,2.4354479396e+01,5.1330331171e+00,7.337767e-07
1.4598659271e+08,2.3366753508e+01,5.1354103019e+00,5.913999e-07
1.4621131390e+08,2.5085280027e+01,5.1387696725e+00,6.267342e-07
1.4639603549e+08,2.2122369474e+01,5.1417981808e+00,6.079838e-07
1.4658075667e+08,2.4993018436e+01,5.1450866291e+00,8.181378e-07
1.4680547826e+08,2.5271955153e+01,5.1493177609e+00,6.967847e-07
1.4699019945e+08,2.1755525403e+01,5.1530470655e+00,9.307348e-07
1.4721492064e+08,2.5115921231e+01,5.1578077513e+00,9.326982e-07
1.4739964223e+08,2.5041399610e+01,5.1618678545e+00,7.478556e-07
1.4758436342e+08,2.4694100386e+01,5.1661389192e+00,7.535982e-07
1.4780908500e+08,2.5468512748e+01,5.1714594663e+00,8.706903e-07
1.4799380619e+08,2.2272383056e+01,5.1759911591e+00,6.329552e-07
1.4821852778e+08,2.5350624550e+01,5.1816454703e+00,6.732157e-07
1.4840324897e+08,2.4594983742e+01,5.1863508859e+00,5.721637e-07
1.4858797016e+08,2.5525897984e+01,5.1911811629e+00,6.850167e-07
1.4881269174e+08,2.2408914497e+01,5.1971331831e+00,6.372449e-07
1.4899741293e+08,2.6041934416e+01,5.2021140415e+00,9.852946e-07
1.4918213452e+08,2.4500517915e+01,5.2071316140e+00,6.768160e-07
1.4940685571e+08,2.5805737752e+01,5.2133737925e+00,3.399688e-07
1.4959157730e+08,2.5155174001e+01,5.2185198598e+00,8.993037e-07
1.4981629848e+08,2.5635490919e+01,5.2249212210e+00,8.991375e-07
1.5000101967e+08,2.4412611236e+01,5.2301975167e+00,6.563426e-07
1.5018574126e+08,2.5811727360e+01,5.2355768397e+00,5.741994e-07
1.5041046245e+08,2.5649754617e+01,5.2421303899e+00,5.891137e-07
1.5059518404e+08,2.1150182347e+01,5.2476018247e+00,6.387911e-07
1.5081990522e+08,2.5796474646e+01,5.2542847743e+00,6.094392e-07
1.5100462681e+08,2.5918206856e+01,5.2597706718e+00,8.550540e-07
1.5118934800e+08,2.5374216961e+01,5.2653593337e+00,2.016320e-07
1.5141406919e+08,2.6061536849e+01,5.2721782322e+00,6.672592e-07
1.5159879078e+08,2.3283131431e+01,5.2778660373e+00,9.089113e-07
1.5178351196e+08,2.6367227485e+01,5.2835742530e+00,6.681666e-07
1.5200823355e+08,2.5149012853e+01,5.2905520608e+00,7.518279e-07
1.5219295474e+08,2.6427369237e+01,5.2963755677e+00,5.837307e-07
1.5241767633e+08,2.4596649921e+01,5.3034555758e+00,5.949503e-07
1.5260239752e+08,2.6170406308e+01,5.3093467286e+00,6.123982e-07
1.5278711870e+08,2.4141654694e+01,5.3152287740e+00,8.133077e-07
1.5301184029e+08,2.6280451739e+01,5.3224536665e+00,7.379543e-07
1.5319656148e+08,2.5850281718e+01,5.3283779808e+00,6.693303e-07
1.5338128307e+08,2.6552402362e+01,5.3343905133e+00,8.911870e-07
1.5360600426e+08,2.5004667987e+01,5.3416814712e+00,9.513703e-07
1.5379072585e+08,2.6640909376e+01,5.3477551266e+00,7.571171e-07
1.5401544703e+08,2.5923996948e+01,5.3551825241e+00,7.788970e-07
1.5420016822e+08,2.5827095111e+01,5.3614188868e+00,6.066761e-07
1.5438488981e+08,2.6903558402e+01,5.3676747757e+00,6.145347e-07
1.5460961100e+08,2.6590425654e+01,5.3753608485e+00,5.997386e-07
1.5479433259e+08,2.4326515378e+01,5.3817700672e+00,7.201859e-07
1.5501905377e+08,2.6903296543e+01,5.3895563325e+00,6.823889e-07
1.5520377536e+08,2.4641129890e+01,5.3959769659e+00,9.321465e-07
1.5538849655e+08,2.6670026595e+01,5.4024652439e+00,6.013725e-07
1.5561321774e+08,2.5947696559e+01,5.4103354201e+00,2.487587e-08
1.5579793933e+08,2.6583325094e+01,5.4168491649e+00,7.801907e-07
1.5598266051e+08,2.5504625072e+01,5.4232930193e+00,6.074838e-07
1.5620738210e+08,2.7013862835e+01,5.4311736463e+00,6.670214e-07
1.5639210329e+08,2.5263062909e+01,5.4376684628e+00,6.088055e-07
1.5661682488e+08,2.6981277543e+01,5.4455509196e+00,6.020272e-07
1.5680154607e+08,2.3536699665e+01,5.4520620617e+00,6.715115e-07
1.5698626725e+08,2.6824126406e+01,5.4585954751e+00,8.803240e-07
1.5721098884e+08,2.4643238838e+01,5.4665589182e+00,8.031180e-07
1.5739571003e+08,2.6771222786e+01,5.4731143021e+00,4.746538e-08
1.5758043162e+08,2.6366733667e+01,5.4797597439e+00,7.886138e-07
1.5780515281e+08,2.7333394556e+01,5.4878505593e+00,8.885793e-07
1.5798987439e+08,2.6363935394e+01,5.4945198454e+00,6.803809e-07
1.5821459558e+08,2.3945883847e+01,5.5026729806e+00,7.187486e-07
1.5839931677e+08,2.7062837641e+01,5.5093812397e+00,5.904680e-07
1.5858403836e+08,2.6861926061e+01,5.5160494508e+00,6.307096e-07
1.5880875955e+08,2.3465307999e+01,5.5242260748e+00,6.208215e-07
1.5899348114e+08,2.7163165777e+01,5.5309909787e+00,7.981001e-07
1.5921820232e+08,2.4121664673e+01,5.5392827726e+00,7.757364e-07
1.5940292391e+08,2.7454792806e+01,5.5461467918e+00,8.415840e-07
1.5958764510e+08,2.3243427363e+01,5.5530283158e+00,9.332555e-07
1.5981236629e+08,2.7143045009e+01,5.5614446475e+00,8.456228e-07
1.5999708788e+08,2.6790128823e+01,5.5684067971e+00,7.229017e-07
1.6018180906e+08,2.6979871532e+01,5.5753408218e+00,5.956748e-07
1.6040653065e+08,2.6981501316e+01,5.5838912309e+00,6.265600e-07
1.6059125184e+08,2.7260726633e+01,5.5909002825e+00,6.153626e-07
1.6081597343e+08,2.6668785779e+01,5.5995271622e+00,5.860363e-07
1.6100069462e+08,2.7330921714e+01,5.6065887290e+00,7.435439e-07
1.6118541580e+08,2.7272279609e+01,5.6137512170e+00,8.423007e-07
1.6141013739e+08,2.6305801504e+01,5.6224503970e+00,9.099992e-07
1.6159485858e+08,2.7790294048e+01,5.6296764444e+00,8.692045e-07
1.6181958017e+08,2.7497384963e+01,5.6384724597e+00,1.708491e-07
1.6200430136e+08,2.7062881658e+01,5.6457604378e+00,8.213902e-07
1.6218902294e+08,2.6238212419e+01,5.6531192647e+00,6.181279e-07
1.6241374413e+08,2.7391688782e+01,5.6621024947e+00,6.531169e-07
1.6259846532e+08,2.7552296526e+01,5.6694852445e+00,5.861504e-07
1.6278318691e+08,2.7548379391e+01,5.6769589410e+00,7.252490e-07
1.6300790810e+08,2.7463093934e+01,5.6859979905e+00,6.672899e-07
1.6319262968e+08,2.7354946709e+01,5.6934930176e+00,9.199307e-07
1.6341735087e+08,2.7838833043e+01,5.7025403645e+00,9.256089e-07
1.6360207246e+08,2.7297342664e+01,5.7100235929e+00,4.429266e-07
1.6378679365e+08,2.7410210835e+01,5.7174303935e+00,8.749257e-07
1.6401151484e+08,2.7760068936e+01,5.7265102015e+00,9.263244e-07
1.6419623642e+08,2.6573127001e+01,5.7339426216e+00,6.565261e-07
1.6438095761e+08,2.7980401471e+01,5.7414255844e+00,5.795634e-07
1.6460567920e+08,2.6629502128e+01,5.7504579492e+00,5.740950e-07
1.6479040039e+08,2.8071986203e+01,5.7579130016e+00,6.498679e-07
1.6501512198e+08,2.7369752938e+01,5.7669687727e+00,6.117176e-07
1.6519984317e+08,2.7486737131e+01,5.7743518621e+00,9.213220e-07
1.6538456435e+08,2.7858087637e+01,5.7817878028e+00,5.553942e-07
1.6560928594e+08,2.7904921350e+01,5.7907425139e+00,8.309173e-07
1.6579400713e+08,2.7434933937e+01,5.7980762816e+00,8.958246e-07
1.6601872872e+08,2.4964416355e+01,5.8069516067e+00,9.411008e-07
1.6620344991e+08,2.7602308257e+01,5.8141877321e+00,7.147852e-07
1.6638817149e+08,2.7780614794e+01,5.8213283197e+00,5.856577e-07
1.6661289268e+08,2.6698946723e+01,5.8300220386e+00,6.001395e-07
1.6679761387e+08,2.7696406807e+01,5.8371002980e+00,6.318015e-07
1.6698233546e+08,2.6965897363e+01,5.8441375716e+00,8.794590e-07
1.6720705665e+08,2.8093300450e+01,5.8526922918e+00,7.705261e-07
1.6739177823e+08,2.5265172108e+01,5.8596635322e+00,8.109200e-07
1.6761649942e+08,2.7893776322e+01,5.8681363179e+00,9.193509e-07
1.6780122101e+08,2.7325693279e+01,5.8751091837e+00,9.707275e-07
1.6798594220e+08,2.7651588796e+01,5.8820027471e+00,7.339152e-07
1.6821066339e+08,2.7439548582e+01,5.8904303236e+00,7.804056e-07
1.6839538497e+08,2.7660940913e+01,5.8972889798e+00,5.976274e-07
1.6858010616e+08,2.7781925772e+01,5.9041891167e+00,6.105886e-07
1.6880482775e+08,2.6849267704e+01,5.9124922803e+00,5.976360e-07
1.6898954894e+08,2.7755934791e+01,5.9193237059e+00,7.547038e-07
1.6921427053e+08,2.6045044719e+01,5.9275845754e+00,7.018395e-07
1.6939899171e+08,2.7939807690e+01,5.9343286706e+00,9.466604e-07
1.6958371290e+08,2.7426310831e+01,5.9410543900e+00,9.472941e-07
1.6980843449e+08,2.4862960993e+01,5.9492806083e+00,1.910852e-07
1.6999315568e+08,2.7773991198e+01,5.9560262136e+00,7.696190e-07
1.7021787727e+08,2.7697529029e+01,5.9642289129e+00,8.270404e-07
1.7040259845e+08,2.6402006888e+01,5.9710421348e+00,6.318914e-07
1.7058732004e+08,2.7869848249e+01,5.9778698799e+00,6.086896e-07
1.7081204123e+08,2.7624832689e+01,5.9862295041e+00,5.974921e-07
1.7099676242e+08,2.8025260857e+01,5.9931989366e+00,6.843968e-07
1.7118148401e+08,2.7737317455e+01,6.0001412964e+00,9.194307e-07
1.7140620520e+08,2.8101677801e+01,6.0087055336e+00,8.317844e-07
1.7159092678e+08,2.6522383927e+01,6.0157314909e+00,3.105844e-08
1.7181564797e+08,2.8116041557e+01,6.0243703620e+00,1.710552e-07
1.7200036956e+08,2.7091060333e+01,6.0314937812e+00,8.466046e-07
1.7218509075e+08,2.8200707339e+01,6.0387055207e+00,6.521209e-07
1.7240981194e+08,2.6980284650e+01,6.0474895063e+00,6.905545e-07
1.7259453352e+08,2.8673599939e+01,6.0547853353e+00,6.030809e-07
1.7281925471e+08,2.7984195919e+01,6.0637040191e+00,6.077971e-07
1.7300397630e+08,2.8089258252e+01,6.0709945615e+00,6.304687e-07
1.7318869749e+08,2.7774835541e+01,6.0783553583e+00,8.113788e-07
1.7341341908e+08,2.8322202602e+01,6.0872663840e+00,7.445473e-07
1.7359814026e+08,2.8105468732e+01,6.0945834897e+00,1.655991e-07
1.7378286145e+08,2.7915938781e+01,6.1019741492e+00,8.783396e-07
1.7400758304e+08,2.8352162335e+01,6.1109404573e+00,8.689497e-07
1.7419230423e+08,2.7468905815e+01,6.1183348717e+00,7.161974e-07
1.7441702582e+08,2.8263812396e+01,6.1274123693e+00,7.612202e-07
1.7460174700e+08,2.8486350851e+01,6.1348591834e+00,6.051461e-07
1.7478646859e+08,2.6744621124e+01,6.1423682005e+00,6.102738e-07
1.7501118978e+08,2.8670004882e+01,6.1515467344e+00,6.030518e-07
1.7519591097e+08,2.7365870070e+01,6.1591173348e+00,7.873118e-07
1.7538063256e+08,2.8787021926e+01,6.1666848478e+00,7.725667e-07
1.7560535374e+08,2.8098860374e+01,6.1760071203e+00,9.382595e-07
1.7579007533e+08,2.8929159276e+01,6.1836676023e+00,8.208061e-07
1.7601479652e+08,2.7435560689e+01,6.1931010266e+00,5.231644e-07
1.7619951811e+08,2.8738018009e+01,6.2008519392e+00,7.905917e-07
1.7638423930e+08,2.8817240923e+01,6.2086779758e+00,6.126433e-07
1.7660896049e+08,2.8587078166e+01,6.2181825094e+00,6.365615e-07
1.7679368207e+08,2.8821816248e+01,6.2260909154e+00,5.939966e-07
1.7701840326e+08,2.9188079551e+01,6.2356816451e+00,5.847565e-07
1.7720312485e+08,2.7516646695e+01,6.2436309207e+00,6.717639e-07
1.7738784604e+08,2.9143597017e+01,6.2515506463e+00,9.145517e-07
1.7761256763e+08,2.8952250872e+01,6.2611942321e+00,8.601813e-07
1.7779728881e+08,2.8493710065e+01,6.2691773607e+00,5.707375e-07
1.7798201000e+08,2.9263395760e+01,6.2771269356e+00,8.188049e-07
1.7820673159e+08,2.8104458067e+01,6.2868389562e+00,9.449878e-07
1.7839145278e+08,2.8824196597e+01,6.2948797016e+00,6.300191e-07
1.7861617437e+08,2.9111399478e+01,6.3046206481e+00,6.823966e-07
1.7880089555e+08,2.8646865838e+01,6.3126814084e+00,5.734382e-07
1.7898561714e+08,2.8881124204e+01,6.3206800914e+00,6.755100e-07
1.7921033833e+08,2.9255666529e+01,6.3304627268e+00,6.327856e-07
1.7939505952e+08,2.8761846126e+01,6.3384344298e+00,9.492787e-07
1.7961978111e+08,2.8837304558e+01,6.3482013238e+00,8.354084e-07
1.7980450229e+08,2.9363033004e+01,6.3561685690e+00,4.961357e-07
1.7998922388e+08,2.8612978282e+01,6.3641938206e+00,9.643385e-07
1.8021394507e+08,2.8966413343e+01,6.3738873440e+00,9.466396e-07
1.8039866666e+08,2.9275924155e+01,6.3819079386e+00,7.010732e-07
1.8058338785e+08,2.8722324296e+01,6.3898694729e+00,5.844813e-07
1.8080810903e+08,2.9104282255e+01,6.3996182460e+00,5.834532e-07
1.8099283062e+08,2.9307654536e+01,6.4075636002e+00,6.158763e-07
1.8121755181e+08,2.8579219720e+01,6.4172298476e+00,5.974015e-07
1.8140227340e+08,2.9358737970e+01,6.4252249399e+00,8.071478e-07
1.8158699459e+08,2.9189071179e+01,6.4331743767e+00,6.764202e-07
1.8181171617e+08,2.8011051527e+01,6.4429148549e+00,9.461500e-07
1.8199643736e+08,2.9725442421e+01,6.4508934392e+00,9.360339e-07
1.8218115855e+08,2.8519990286e+01,6.4588641028e+00,6.818600e-07
1.8240588014e+08,2.9403279442e+01,6.4686304882e+00,7.809584e-07
1.8259060133e+08,2.9203349126e+01,6.4766223477e+00,5.919384e-07
1.8281532292e+08,2.9352736659e+01,6.4864331821e+00,6.119401e-07
1.8300004410e+08,2.8821873264e+01,6.4944816938e+00,6.089896e-07
1.8318476569e+08,2.9480788988e+01,6.5026043210e+00,7.618587e-07
1.8340948688e+08,2.9295898045e+01,6.5124538076e+00,7.021540e-07
1.8359420807e+08,2.9577613788e+01,6.5206158532e+00,8.413160e-07
1.8381892966e+08,2.9432171363e+01,6.5305016061e+00,9.258192e-07
1.8400365084e+08,2.9643756477e+01,6.5386953876e+00,5.801204e-07
1.8418837243e+08,2.9023368274e+01,6.5468373854e+00,8.141186e-07
1.8441309362e+08,2.9388980239e+01,6.5567773170e+00,8.142756e-07
1.8459781521e+08,2.9802523213e+01,6.5648814262e+00,6.221885e-07
1.8478253640e+08,2.8566598615e+01,6.5729774117e+00,6.014105e-07
1.8500725758e+08,2.9179164982e+01,6.5828358475e+00,5.995687e-07
1.8519197917e+08,3.0008359486e+01,6.5908661582e+00,7.053384e-07
1.8541670036e+08,2.8035853959e+01,6.6006593872e+00,6.663673e-07
1.8560142195e+08,2.9660401530e+01,6.6086754483e+00,8.727138e-07
1.8578614314e+08,2.8787516464e+01,6.6166850376e+00,1.169374e-07
1.8601086472e+08,2.9600744706e+01,6.6264649504e+00,1.200282e-07
1.8619558591e+08,2.9433921286e+01,6.6344607053e+00,8.097012e-07
1.8638030710e+08,2.9961173210e+01,6.6425233721e+00,6.293117e-07
1.8660502869e+08,2.8648581642e+01,6.6522704854e+00,6.901009e-07
1.8678974988e+08,3.0068565630e+01,6.6603205668e+00,6.046887e-07
1.8701447146e+08,2.9136846417e+01,6.6700564576e+00,6.054759e-07
1.8719919265e+08,2.9618394502e+01,6.6781050050e+00,6.486345e-07
1.8738391424e+08,2.9832727088e+01,6.6861054384e+00,7.978264e-07
1.8760863543e+08,2.9759063635e+01,6.6958967768e+00,7.582951e-07
1.8779335662e+08,2.9248365868e+01,6.7038986806e+00,3.463319e-08
1.8801807821e+08,3.0285623635e+01,6.7136965046e+00,8.714210e-07
1.8820279939e+08,2.9563009585e+01,6.7217329351e+00,9.354289e-07
1.8838752098e+08,2.9271450185e+01,6.7298535705e+00,6.967890e-07
1.8861224217e+08,3.0332847452e+01,6.7397487445e+00,7.320954e-07
1.8879696376e+08,2.9862067986e+01,6.7479028296e+00,6.111752e-07
1.8898168495e+08,2.7680621332e+01,6.7561282991e+00,6.291904e-07
1.8920640653e+08,3.0478160728e+01,6.7662049188e+00,6.076664e-07
1.8939112772e+08,2.9135793986e+01,6.7744793772e+00,7.604678e-07
1.8961584891e+08,3.0384314107e+01,6.7846202699e+00,7.266119e-07
1.8980057050e+08,2.9679240605e+01,6.7929459219e+00,9.620445e-07
1.8998529169e+08,3.0103691436e+01,6.8013406649e+00,9.194502e-07
1.9021001327e+08,2.9827649607e+01,6.8115151807e+00,5.044269e-07
1.9039473446e+08,3.0245951603e+01,6.8199335403e+00,7.559758e-07
1.9061945605e+08,2.8280351879e+01,6.8301478543e+00,8.327160e-07
1.9080417724e+08,3.0697483002e+01,6.8385957942e+00,6.221570e-07
1.9098889843e+08,2.9145126208e+01,6.8470377998e+00,5.866708e-07
1.9121362001e+08,3.0586485762e+01,6.8573740197e+00,5.939497e-07
1.9139834120e+08,2.8938094849e+01,6.8658394984e+00,7.299870e-07
1.9158306279e+08,3.0397358681e+01,6.8743230978e+00,9.439535e-07
1.9180778398e+08,2.9002852468e+01,6.8846152293e+00,8.643036e-07
1.9199250517e+08,3.0421639387e+01,6.8930405832e+00,6.860248e-07
1.9221722675e+08,3.0227737482e+01,6.9032636344e+00,2.988824e-07
1.9240194794e+08,2.9634144675e+01,6.9116703391e+00,8.806871e-07
1.9258666953e+08,2.9978708297e+01,6.9200993451e+00,6.239661e-07
1.9281139072e+08,3.0525299645e+01,6.9303128322e+00,6.601999e-07
1.9299611231e+08,2.8356303105e+01,6.9387219435e+00,5.900635e-07
1.9318083350e+08,3.0452072103e+01,6.9471724716e+00,6.998264e-07
1.9340555508e+08,2.9599041949e+01,6.9574628957e+00,6.226099e-07
1.9359027627e+08,3.0833760751e+01,6.9659624201e+00,8.652141e-07
1.9381499746e+08,2.9572398492e+01,6.9762540458e+00,8.787402e-07
1.9399971905e+08,3.0964532141e+01,6.9847358434e+00,4.194934e-07
1.9418444024e+08,2.9277917293e+01,6.9932152849e+00,9.527591e-07
1.9440916182e+08,3.0649727955e+01,7.0035180509e+00,9.788008e-07
1.9459388301e+08,3.0076296131e+01,7.0120410549e+00,6.556982e-07
1.9481860460e+08,3.0755360833e+01,7.0223881954e+00,7.258544e-07
1.9500332579e+08,2.9483634379e+01,7.0309318977e+00,5.747308e-07
1.9518804698e+08,3.0808518114e+01,7.0394570744e+00,6.456105e-07
1.9541276856e+08,3.0585785209e+01,7.0499018339e+00,6.046023e-07
1.9559748975e+08,3.0300092423e+01,7.0584890528e+00,8.561642e-07
1.9578221134e+08,3.0627795718e+01,7.0671695628e+00,8.763273e-08
1.9600693253e+08,3.0867949541e+01,7.0777063577e+00,8.815594e-07
1.9619165412e+08,3.1021310286e+01,7.0863760027e+00,9.510249e-07
1.9641637530e+08,2.7298366756e+01,7.0969661996e+00,9.595965e-07
1.9660109649e+08,3.0816437140e+01,7.1056993701e+00,7.468891e-07
1.9678581808e+08,3.1242356530e+01,7.1144160111e+00,5.930758e-07
1.9701053927e+08,3.0201526874e+01,7.1251075531e+00,6.023481e-07
1.9719526086e+08,3.1171177542e+01,7.1338794135e+00,6.062677e-07
1.9741998204e+08,2.9423989836e+01,7.1446122380e+00,5.867622e-07
1.9760470363e+08,3.1097644665e+01,7.1534247378e+00,7.193813e-07
1.9778942482e+08,3.0804807225e+01,7.1622950618e+00,9.029573e-07
1.9801414601e+08,3.1071799737e+01,7.1730669572e+00,9.487961e-07
1.9819886760e+08,3.1088898670e+01,7.1820098331e+00,8.672430e-07
1.9838358879e+08,3.0977108965e+01,7.1909343891e+00,7.537970e-07
1.9860831037e+08,3.1217080175e+01,7.2018892067e+00,8.481679e-07
1.9879303156e+08,3.1018921959e+01,7.2108716821e+00,6.109093e-07
1.9901775315e+08,3.1795749223e+01,7.2218867027e+00,6.484987e-07
1.9920247434e+08,3.0017133650e+01,7.2309683652e+00,6.044001e-07
1.9938719553e+08,3.1525977846e+01,7.2400521669e+00,7.251704e-07
1.9961191711e+08,3.0864838903e+01,7.2511573937e+00,6.761133e-07
1.9979663830e+08,3.1415344223e+01,7.2602385878e+00,9.215551e-07
2.0000000029e+08,3.0747160106e+01,7.2702341035e+00,6.244021e-07
2.0020608108e+08,2.8879955034e+01,7.2803675875e+00,9.808763e-08
2.0039080267e+08,3.1264115842e+01,7.2894341176e+00,8.336408e-07
2.0061552385e+08,3.1718191081e+01,7.3004158251e+00,8.535276e-07
2.0080024504e+08,2.7794068016e+01,7.3094720113e+00,6.434572e-07
2.0098496663e+08,3.1569870976e+01,7.3185679691e+00,5.819234e-07
2.0120968782e+08,3.1587019003e+01,7.3296805753e+00,6.036162e-07
2.0139440941e+08,3.1379103338e+01,7.3389211878e+00,6.633866e-07
2.0161913059e+08,3.1129179637e+01,7.3501682314e+00,6.311896e-07
2.0180385218e+08,3.2201245607e+01,7.3595143857e+00,7.634217e-07
2.0198857337e+08,3.0599239875e+01,7.3689188627e+00,1.651515e-08
2.0221329456e+08,3.2068506857e+01,7.3804164134e+00,3.962076e-07
2.0239801615e+08,3.0364483091e+01,7.3899719270e+00,8.851166e-07
2.0258273734e+08,3.2083294085e+01,7.3995623214e+00,6.703729e-07
2.0280745892e+08,3.1387192594e+01,7.4113425800e+00,7.348566e-07
2.0299218011e+08,3.1848406889e+01,7.4210458253e+00,6.092094e-07
2.0321690170e+08,3.2171278637e+01,7.4329615501e+00,6.147872e-07
2.0340162289e+08,3.1450692761e+01,7.4427490347e+00,5.961431e-07
2.0358634408e+08,3.1996762282e+01,7.4525941827e+00,7.558284e-07
2.0381106566e+08,3.2289487100e+01,7.4645166743e+00,7.328174e-07
2.0399578685e+08,3.1185533504e+01,7.4743031798e+00,6.530639e-07
2.0418050844e+08,3.1936693477e+01,7.4840912127e+00,9.298735e-07
2.0440522963e+08,3.2403704828e+01,7.4959121862e+00,6.627745e-07
2.0458995122e+08,3.0573878790e+01,7.5056075685e+00,7.493938e-07
2.0481467240e+08,3.1863003717e+01,7.5174021562e+00,7.860462e-07
2.0499939359e+08,3.2531527371e+01,7.5270167997e+00,6.087792e-07
2.0518411518e+08,2.9972636807e+01,7.5366318046e+00,6.028848e-07
2.0540883637e+08,3.2228957952e+01,7.5482686310e+00,6.002732e-07
2.0559355796e+08,3.2189873308e+01,7.5578453158e+00,7.085992e-07
2.0581827914e+08,3.1965160008e+01,7.5694189259e+00,6.646184e-07
2.0600300073e+08,3.2250046868e+01,7.5789577062e+00,8.423684e-07
2.0618772192e+08,3.2145120627e+01,7.5884253134e+00,6.454869e-07
2.0641244311e+08,3.1942150499e+01,7.5999787769e+00,3.317134e-07
2.0659716470e+08,3.2148766367e+01,7.6094147365e+00,8.295292e-07
2.0678188589e+08,3.2339633070e+01,7.6188892335e+00,6.224651e-07
2.0700660747e+08,2.9281603279e+01,7.6303980341e+00,6.518680e-07
2.0719132866e+08,3.2751801963e+01,7.6398288115e+00,5.858185e-07
2.0741605025e+08,3.0867836433e+01,7.6512785200e+00,5.846091e-07
2.0760077144e+08,3.2343232940e+01,7.6606971740e+00,6.534415e-07
2.0778549263e+08,3.2491594595e+01,7.6700547928e+00,8.874891e-07
2.0801021421e+08,3.0994110884e+01,7.6814713435e+00,8.302224e-07
2.0819493540e+08,3.2572685409e+01,7.6908168478e+00,3.032889e-07
2.0841965699e+08,3.2541785655e+01,7.7021756455e+00,4.439534e-07
2.0860437818e+08,3.1112262845e+01,7.7115417816e+00,9.921601e-07
2.0878909977e+08,3.2782431374e+01,7.7208910830e+00,6.647564e-07
2.0901382095e+08,3.2232234648e+01,7.7322585456e+00,7.082524e-07
2.0919854214e+08,3.2329703540e+01,7.7416305029e+00,5.859088e-07
2.0938326373e+08,3.1789398245e+01,7.7509479931e+00,6.646131e-07
2.0960798492e+08,3.2681632643e+01,7.7623288055e+00,6.192486e-07
2.0979270651e+08,2.8498000028e+01,7.7716828054e+00,8.380870e-07
2.1001742769e+08,3.2971892743e+01,7.7830891353e+00,7.920969e-07
2.1020214928e+08,3.1529576704e+01,7.7924543937e+00,9.055301e-07
2.1038687047e+08,3.2899369299e+01,7.8018737243e+00,9.854023e-07
2.1061159166e+08,3.1020084080e+01,7.8133390799e+00,9.583546e-07
2.1079631325e+08,3.2631009889e+01,7.8227706263e+00,6.956987e-07
2.1098103444e+08,3.2303926468e+01,7.8322662012e+00,5.700572e-07
2.1120575602e+08,3.2951544606e+01,7.8438176691e+00,5.942076e-07
2.1139047721e+08,3.1715471723e+01,7.8533414887e+00,6.274130e-07
2.1161519880e+08,3.2732544246e+01,7.8649690562e+00,6.009683e-07
2.1179991999e+08,3.2833434031e+01,7.8744878899e+00,7.623009e-07
2.1198464118e+08,3.1344105365e+01,7.8840326337e+00,7.975782e-07
2.1220936276e+08,3.3345268302e+01,7.8956223801e+00,9.189436e-07
2.1239408395e+08,3.2640698529e+01,7.9051466332e+00,9.271016e-07
2.1261880554e+08,3.1539902328e+01,7.9167961470e+00,3.082087e-07
2.1280352673e+08,3.3326464954e+01,7.9263576735e+00,8.081700e-07
2.1298824832e+08,2.9185352853e+01,7.9359463506e+00,6.085942e-07
2.1321296950e+08,3.3188149207e+01,7.9476473125e+00,6.250185e-07
2.1339769069e+08,3.2408650033e+01,7.9573216949e+00,5.910022e-07
2.1358241228e+08,3.3146921013e+01,7.9669884934e+00,7.130732e-07
2.1380713347e+08,2.8406158850e+01,7.9788006819e+00,6.903936e-07
2.1399185506e+08,3.3192369552e+01,7.9885345459e+00,9.291252e-07
2.1421657624e+08,3.0488577567e+01,8.0004139525e+00,8.806614e-07
2.1440129783e+08,3.3617658496e+01,8.0102135850e+00,2.215793e-07
2.1458601902e+08,3.2412671608e+01,8.0200447303e+00,8.337846e-07
2.1481074021e+08,3.3383065739e+01,8.0319591946e+00,8.318681e-07
2.1499546180e+08,3.1541258999e+01,8.0417475837e+00,6.299542e-07
2.1518018299e+08,3.3134584810e+01,8.0515487030e+00,5.977720e-07
2.1540490457e+08,3.3497024668e+01,8.0634189809e+00,6.021304e-07
2.1558962576e+08,3.2072988209e+01,8.0732066340e+00,6.840259e-07
2.1581434735e+08,3.3313661141e+01,8.0850861559e+00,6.270410e-07
2.1599906854e+08,3.2909267300e+01,8.0948434402e+00,8.042243e-07
2.1618378973e+08,3.3053846992e+01,8.1046524120e+00,1.144197e-07
2.1640851131e+08,3.3425056181e+01,8.1165415977e+00,3.551944e-07
2.1659323250e+08,3.1808166447e+01,8.1263339143e+00,8.533881e-07
2.1681795409e+08,3.3510993728e+01,8.1382012352e+00,9.018387e-07
2.1700267528e+08,3.2657993361e+01,8.1479531599e+00,7.005085e-07
2.1718739687e+08,3.3603521332e+01,8.1576354949e+00,6.011279e-07
2.1741211805e+08,3.2332472745e+01,8.1693951342e+00,6.048170e-07
2.1759683924e+08,3.3770204733e+01,8.1789757701e+00,6.230648e-07
2.1778156083e+08,3.0799909990e+01,8.1885240244e+00,7.615747e-07
2.1800628202e+08,3.3387953641e+01,8.2000884698e+00,7.376714e-07
2.1819100361e+08,3.2380821174e+01,8.2095471799e+00,3.951078e-07
2.1841572479e+08,3.3495052600e+01,8.2209696091e+00,9.496039e-07
2.1860044638e+08,3.0873293319e+01,8.2303355699e+00,8.284456e-07
2.1878516757e+08,3.3688587537e+01,8.2396608842e+00,7.311359e-07
2.1900988876e+08,3.3270168935e+01,8.2509269294e+00,7.677122e-07
2.1919461035e+08,3.1250436555e+01,8.2601730239e+00,6.233822e-07
2.1941933153e+08,3.3747357144e+01,8.2713850562e+00,6.307270e-07
2.1960405312e+08,3.2863929255e+01,8.2805342322e+00,5.916359e-07
2.1978877431e+08,3.3478284295e+01,8.2896920130e+00,7.235669e-07
2.2001349590e+08,3.3550090264e+01,8.3007292861e+00,6.736219e-07
2.2019821709e+08,3.1807646262e+01,8.3097952616e+00,9.708794e-07
2.2038293828e+08,3.3807919143e+01,8.3188016770e+00,8.482727e-07
2.2060765986e+08,3.1549713327e+01,8.3297438981e+00,3.290815e-07
2.2079238105e+08,3.3403570040e+01,8.3386847031e+00,7.771632e-07
2.2101710264e+08,3.3037194597e+01,8.3495599794e+00,8.827462e-07
2.2120182383e+08,3.3306846280e+01,8.3584455980e+00,6.477254e-07
2.2138654542e+08,3.1750769631e+01,8.3673549482e+00,5.995273e-07
2.2161126660e+08,3.3711003504e+01,8.3781484461e+00,5.964826e-07
2.2179598779e+08,3.1033395116e+01,8.3870087432e+00,7.042109e-07
2.2198070938e+08,3.3783007604e+01,8.3958417255e+00,8.963519e-07
2.2220543057e+08,3.2635579440e+01,8.4066301245e+00,8.252141e-07
2.2239015216e+08,3.3497006566e+01,8.4154852421e+00,8.693938e-08
2.2261487334e+08,3.3382242666e+01,8.4262665722e+00,4.521055e-07
2.2279959493e+08,3.2138119416e+01,8.4351749347e+00,9.798388e-07
2.2298431612e+08,3.3596701312e+01,8.4440679120e+00,6.428687e-07
2.2320903731e+08,3.3709889521e+01,8.4548745581e+00,6.725275e-07
2.2339375890e+08,3.2982198143e+01,8.4637807694e+00,5.740904e-07
2.2361848008e+08,3.3591620999e+01,8.4745388915e+00,5.814149e-07
2.2380320167e+08,3.2416460272e+01,8.4833891199e+00,6.325689e-07
2.2398792286e+08,3.3516452121e+01,8.4921966584e+00,8.578183e-07
2.2421264445e+08,2.9748820922e+01,8.5029051719e+00,7.977501e-07
2.2439736564e+08,3.3735039666e+01,8.5116929729e+00,1.080507e-07
2.2458208683e+08,3.2938898197e+01,8.5204940402e+00,9.801178e-07
2.2480680841e+08,3.3828681023e+01,8.5311272338e+00,9.548675e-07
2.2499152960e+08,3.2905877206e+01,8.5398810408e+00,6.543222e-07
2.2521625119e+08,3.3661163431e+01,8.5504513418e+00,7.429262e-07
2.2540097238e+08,3.2764334534e+01,8.5591457906e+00,5.940015e-07
2.2558569397e+08,3.3493834649e+01,8.5677932264e+00,6.273076e-07
2.2581041515e+08,3.3564199581e+01,8.5783181450e+00,5.972724e-07
2.2599513634e+08,3.3433412136e+01,8.5868842240e+00,8.037384e-07
2.2621985793e+08,3.2405580457e+01,8.5972935397e+00,7.195623e-07
2.2640457912e+08,3.3905842582e+01,8.6057689836e+00,9.021309e-07
2.2658930071e+08,3.3510090626e+01,8.6142008729e+00,9.298777e-07
2.2681402189e+08,3.2474315400e+01,8.6244186019e+00,8.259799e-07
2.2699874348e+08,3.3749017461e+01,8.6328302576e+00,7.953529e-07
2.2718346467e+08,3.3459106114e+01,8.6411953038e+00,5.935153e-07
2.2740818586e+08,3.2252123223e+01,8.6513974173e+00,6.057629e-07
2.2759290745e+08,3.4051182710e+01,8.6597541468e+00,6.024613e-07
2.2781762863e+08,3.0574718126e+01,8.6699428973e+00,5.958464e-07
2.2800235022e+08,3.3811670292e+01,8.6783192794e+00,7.060702e-07
2.2818707141e+08,3.2643802506e+01,8.6866984547e+00,8.991895e-07
2.2841179300e+08,3.3511986228e+01,8.6968500793e+00,9.025354e-07
2.2859651419e+08,3.3680427371e+01,8.7052225097e+00,5.749744e-07
2.2878123538e+08,3.3514177702e+01,8.7135311904e+00,7.802273e-07
2.2900595696e+08,3.3017995820e+01,8.7236756675e+00,8.928677e-07
2.2919067815e+08,3.4014027572e+01,8.7319643644e+00,6.245747e-07
2.2941539974e+08,3.3482258516e+01,8.7420678891e+00,6.531378e-07
2.2960012093e+08,3.3195942975e+01,8.7503182466e+00,5.888347e-07
2.2978484252e+08,3.4016239556e+01,8.7585933369e+00,6.753661e-07
2.3000956370e+08,3.3136889713e+01,8.7685811868e+00,6.543784e-07
2.3019428489e+08,3.3273962888e+01,8.7767945960e+00,8.827639e-07
2.3041900648e+08,3.3995326572e+01,8.7866835173e+00,7.723793e-07
2.3060372767e+08,3.3568458898e+01,8.7947547893e+00,4.233979e-08
2.3078844926e+08,3.2671423131e+01,8.8027747221e+00,8.566560e-07
2.3101317044e+08,3.3851453968e+01,8.8125154521e+00,8.717069e-07
2.3119789203e+08,3.3381645812e+01,8.8204254913e+00,6.863623e-07
2.3138261322e+08,3.3267592515e+01,8.8283228950e+00,6.072316e-07
2.3160733441e+08,3.3694287740e+01,8.8378198461e+00,6.104160e-07
2.3179205600e+08,3.1969287098e+01,8.8455930052e+00,6.416197e-07
2.3201677718e+08,3.3837408269e+01,8.8549336831e+00,6.019535e-07
2.3220149877e+08,3.3332385313e+01,8.8625798282e+00,7.268654e-07
2.3238621996e+08,3.3030188066e+01,8.8701319572e+00,1.554260e-07
2.3261094155e+08,3.3785263212e+01,8.8792997363e+00,7.734347e-07
2.3279566274e+08,3.2955889299e+01,8.8867530642e+00,9.071005e-07
2.3298038393e+08,3.3747504404e+01,8.8942159241e+00,6.965099e-07
2.3320510551e+08,3.1892559214e+01,8.9031946802e+00,7.761664e-07
2.3338982670e+08,3.3521700856e+01,8.9105378064e+00,6.040024e-07
2.3361454829e+08,3.3246321832e+01,8.9193792949e+00,6.398043e-07
2.3379926948e+08,3.3287648657e+01,8.9265170599e+00,6.078160e-07
2.3398399107e+08,2.9328034644e+01,8.9335879656e+00,7.213244e-07
2.3420871225e+08,3.3423631399e+01,8.9420742394e+00,7.003610e-07
2.3439343344e+08,3.3107354042e+01,8.9489235890e+00,8.942626e-07
2.3461815503e+08,3.2651614816e+01,8.9571301366e+00,8.612952e-07
2.3480287622e+08,3.3184827940e+01,8.9638255208e+00,3.301187e-07
2.3498759781e+08,3.2990401563e+01,8.9703734978e+00,7.627580e-07
2.3521231899e+08,3.2396663967e+01,8.9781986346e+00,8.236318e-07
2.3539704058e+08,3.2991153098e+01,8.9845277976e+00,6.484216e-07
2.3558176177e+08,3.2466136260e+01,8.9906764881e+00,5.991581e-07
2.3580648296e+08,3.3037812925e+01,8.9980059027e+00,5.850811e-07
2.3599120455e+08,2.9461757132e+01,9.0038375105e+00,6.826851e-07
2.3621592573e+08,3.2540875080e+01,9.0106992541e+00,6.633608e-07
2.3640064732e+08,3.1676129568e+01,9.0161406051e+00,8.348167e-07
2.3658536851e+08,3.2203596054e+01,9.0213381375e+00,3.523674e-07
2.3681009010e+08,3.0524175195e+01,9.0273593603e+00,2.510906e-07
2.3699481129e+08,3.1883493520e+01,9.0319524817e+00,8.703816e-07
2.3721953247e+08,3.1267538530e+01,9.0370849754e+00,1.007219e-06
2.3740425406e+08,3.0432239149e+01,9.0407587315e+00,6.651415e-07
2.3758897525e+08,3.0705990644e+01,9.0438689875e+00,5.818307e-07
2.3781369684e+08,2.9256701953e+01,9.0462388712e+00,6.013921e-07
2.3799841803e+08,2.9587454311e+01,9.0464345244e+00,6.550111e-07
2.3818313961e+08,3.0591444077e+01,9.0484102074e+00,8.315501e-07
2.3840786080e+08,3.0740933365e+01,9.0521489869e+00,8.037972e-07
2.3859258199e+08,3.1682215654e+01,9.0559073369e+00,8.147909e-08
2.3881730358e+08,3.1932437008e+01,9.0610016907e+00,7.830957e-07
2.3900202477e+08,3.1810198846e+01,9.0655553405e+00,1.018508e-06
2.3918674636e+08,3.1965128628e+01,9.0704144612e+00,6.759330e-07
2.3941146754e+08,3.2409908291e+01,9.0765792921e+00,7.059182e-07
2.3959618913e+08,3.1925304081e+01,9.0818847266e+00,5.826721e-07
2.3978091032e+08,3.2495582145e+01,9.0873184275e+00,6.442483e-07
2.4000563151e+08,3.2675749342e+01,9.0941569035e+00,6.204492e-07
2.4019035310e+08,3.2537288759e+01,9.0998736125e+00,8.058333e-07
2.4041507428e+08,3.2907995257e+01,9.1070223993e+00,7.669752e-07
2.4059979587e+08,3.2928856298e+01,9.1129707963e+00,9.339675e-07
2.4078451706e+08,3.3365454690e+01,9.1190568886e+00,9.638275e-07
2.4100923865e+08,3.1291654857e+01,9.1265351079e+00,7.264182e-07
2.4119395984e+08,3.3539140686e+01,9.1327667060e+00,7.102991e-07
2.4141868102e+08,3.2198435550e+01,9.1404024027e+00,8.547281e-07
2.4160340261e+08,3.3320241443e+01,9.1466775358e+00,6.123685e-07
2.4178812380e+08,3.2775122094e+01,9.1529690158e+00,6.237953e-07
2.4201284539e+08,3.3276376058e+01,9.1606792623e+00,5.877144e-07
2.4219756658e+08,3.3317110449e+01,9.1670000323e+00,7.228327e-07
2.4238228816e+08,3.2758141564e+01,9.1733978940e+00,8.873695e-07
2.4260700935e+08,3.3425813766e+01,9.1811912832e+00,9.037551e-07
2.4279173054e+08,3.3584596617e+01,9.1876269663e+00,8.532953e-07
2.4301645213e+08,3.2358811634e+01,9.1955454845e+00,2.261502e-07
2.4320117332e+08,3.3542564803e+01,9.2021340760e+00,8.602091e-07
2.4338589490e+08,3.2960021470e+01,9.2087366546e+00,6.158562e-07
2.4361061609e+08,3.4079000241e+01,9.2168517239e+00,6.318956e-07
2.4379533768e+08,3.2569282833e+01,9.2235511962e+00,5.991818e-07
2.4398005887e+08,3.4145143627e+01,9.2302426458e+00,7.086536e-07
2.4420478006e+08,3.1117521023e+01,9.2384181731e+00,6.765404e-07
2.4438950165e+08,3.3882760671e+01,9.2451449706e+00,9.042868e-07
2.4461422283e+08,3.2229042908e+01,9.2533618634e+00,8.199046e-07
2.4479894442e+08,3.3805410223e+01,9.2601010058e+00,1.414906e-07
2.4498366561e+08,3.3820595923e+01,9.2668805833e+00,8.612076e-07
2.4520838720e+08,3.4119645086e+01,9.2751014967e+00,8.891373e-07
2.4539310839e+08,3.3041119976e+01,9.2819066498e+00,6.589078e-07
2.4561782957e+08,3.4122866417e+01,9.2901569867e+00,7.121964e-07
2.4580255116e+08,3.2518063597e+01,9.2969289529e+00,5.965544e-07
2.4598727235e+08,3.3835519554e+01,9.3037081250e+00,6.481833e-07
2.4621199394e+08,3.3992501367e+01,9.3118855827e+00,6.280301e-07
2.4639671513e+08,3.2542204004e+01,9.3186329406e+00,7.785074e-07
2.4658143671e+08,3.3956057051e+01,9.3253521230e+00,1.875731e-07
2.4680615790e+08,3.4131457428e+01,9.3334941544e+00,6.372449e-07
2.4699087909e+08,3.3236272822e+01,9.3402107636e+00,8.747203e-07
2.4721560068e+08,3.3863479738e+01,9.3483171709e+00,7.004629e-07
2.4740032187e+08,3.4088282101e+01,9.3550030832e+00,7.272123e-07
2.4758504345e+08,3.3552737396e+01,9.3616390238e+00,6.097893e-07
2.4780976464e+08,3.3953403377e+01,9.3697366103e+00,6.300723e-07
2.4799448623e+08,3.3950835378e+01,9.3763341670e+00,6.136511e-07
2.4821920742e+08,3.3288074280e+01,9.3843825772e+00,5.901804e-07
2.4840392861e+08,3.4160356359e+01,9.3909440049e+00,6.961007e-07
2.4858865019e+08,3.3778569052e+01,9.3975307465e+00,5.410813e-07
2.4881337138e+08,3.3459431440e+01,9.4054688595e+00,9.927124e-07
2.4899809297e+08,3.4320988962e+01,9.4119999775e+00,4.092066e-07
2.4918281416e+08,3.3712808481e+01,9.4184721019e+00,7.608529e-07
2.4940753575e+08,3.2841956793e+01,9.4263585353e+00,8.091320e-07
2.4959225693e+08,3.4328453179e+01,9.4327902545e+00,6.241177e-07
2.4981697812e+08,3.3187176823e+01,9.4405896999e+00,6.460372e-07
2.5000169971e+08,3.4095340231e+01,9.4470077886e+00,5.920386e-07
2.5018642090e+08,3.3927575698e+01,9.4533545830e+00,7.068660e-07
2.5041114249e+08,3.1464512502e+01,9.4610621303e+00,6.663545e-07
2.5059586368e+08,3.4310050088e+01,9.4673472235e+00,9.537840e-07
2.5078058526e+08,3.3386481454e+01,9.4735907820e+00,1.039839e-08
2.5100530645e+08,3.3876045928e+01,9.4812006974e+00,1.581816e-07
2.5119002764e+08,3.2678809516e+01,9.4874031592e+00,8.124760e-07
2.5141474923e+08,3.4027065466e+01,9.4949210305e+00,9.668759e-07
2.5159947042e+08,3.2545135860e+01,9.5010489936e+00,6.636546e-07
2.5178419200e+08,3.4164143221e+01,9.5071660844e+00,5.887586e-07
2.5200891319e+08,3.3316183092e+01,9.5145334253e+00,5.851937e-07
2.5219363478e+08,3.4202248686e+01,9.5205813674e+00,6.530185e-07
2.5241835597e+08,3.1406187123e+01,9.5278661862e+00,6.245916e-07
2.5260307716e+08,3.3854070638e+01,9.5338383302e+00,8.078827e-07
2.5278779874e+08,3.2777130844e+01,9.5397803829e+00,2.129130e-07
2.5301251993e+08,3.3664574802e+01,9.5470090816e+00,1.341816e-07
2.5319724152e+08,3.3890343672e+01,9.5528959900e+00,1.038011e-06
2.5338196271e+08,3.1004814113e+01,9.5587904677e+00,6.503738e-07
2.5360668430e+08,3.3857357445e+01,9.5659446730e+00,6.955457e-07
2.5379140548e+08,3.3582253697e+01,9.5717923788e+00,5.871635e-07
2.5401612667e+08,3.4062647528e+01,9.5789409557e+00,5.964120e-07
2.5420084826e+08,3.3849489662e+01,9.5847870205e+00,6.268569e-07
2.5438556945e+08,3.2513694918e+01,9.5906703653e+00,8.226760e-07
2.5461029104e+08,3.4289177415e+01,9.5978245133e+00,7.501579e-07
2.5479501222e+08,3.2970478007e+01,9.6037321349e+00,5.290321e-07
2.5501973381e+08,3.4058378222e+01,9.6108865194e+00,9.166488e-07
2.5520445500e+08,3.3689197030e+01,9.6168071411e+00,8.129038e-07
2.5538917619e+08,3.4012526365e+01,9.6226954896e+00,6.808098e-07
2.5561389778e+08,3.3406228055e+01,9.6299107907e+00,7.695516e-07
2.5579861896e+08,3.4014851250e+01,9.6358192817e+00,5.986916e-07
2.5598334055e+08,3.3844080794e+01,9.6417573390e+00,6.118836e-07
2.5620806174e+08,3.4090114213e+01,9.6489282317e+00,5.959849e-07
2.5639278333e+08,3.3753669850e+01,9.6548760599e+00,7.527331e-07
2.5661750452e+08,3.4200992640e+01,9.6620887550e+00,7.007782e-07
2.5680222571e+08,3.0656904064e+01,9.6680738623e+00,8.991030e-07
2.5698694729e+08,3.4061247146e+01,9.6740801873e+00,7.119801e-07
2.5721166848e+08,3.4523086341e+01,9.6814034647e+00,3.530052e-07
2.5739639007e+08,3.2403785285e+01,9.6874806958e+00,8.244584e-07
2.5758111126e+08,3.4308830520e+01,9.6935650936e+00,6.066975e-07
2.5780583285e+08,3.3799556228e+01,9.7009898642e+00,6.393407e-07
2.5799055403e+08,3.4180432065e+01,9.7071419530e+00,6.105732e-07
2.5821527522e+08,3.4174768487e+01,9.7146173366e+00,5.924051e-07
2.5839999681e+08,3.4661813723e+01,9.7208326293e+00,6.684901e-07
2.5858471800e+08,3.3731015586e+01,9.7270278804e+00,8.814889e-07
2.5880943959e+08,3.4687626861e+01,9.7346241389e+00,8.533885e-07
2.5899416077e+08,3.1623282679e+01,9.7408650995e+00,1.088087e-07
2.5921888236e+08,3.4514638837e+01,9.7484528597e+00,5.709951e-07
2.5940360355e+08,3.3349134569e+01,9.7546793543e+00,8.950512e-07
2.5958832474e+08,3.4565790340e+01,9.7609244187e+00,6.352563e-07
2.5981304633e+08,3.2439463195e+01,9.7685309169e+00,6.701782e-07
2.5999776751e+08,3.4907981785e+01,9.7747816950e+00,5.961857e-07
2.6018248910e+08,3.4043733613e+01,9.7810778818e+00,6.608257e-07
2.6040721029e+08,3.4741500541e+01,9.7887128713e+00,6.453636e-07
2.6059193188e+08,3.3885411139e+01,9.7950117223e+00,8.188296e-07
2.6081665307e+08,3.3961155499e+01,9.8027137182e+00,7.193720e-07
2.6100137425e+08,3.4946630282e+01,9.8090053717e+00,3.401831e-07
2.6118609584e+08,3.4057525869e+01,9.8152867501e+00,8.734176e-07
2.6141081703e+08,3.4353444410e+01,9.8229643738e+00,8.710819e-07
2.6159553862e+08,3.4959960444e+01,9.8292537031e+00,7.143158e-07
2.6178025981e+08,3.3521091476e+01,9.8355817895e+00,6.034599e-07
2.6200498140e+08,3.4752337261e+01,9.8432367694e+00,6.202313e-07
2.6218970258e+08,3.3557178195e+01,9.8495372127e+00,6.229789e-07
2.6241442377e+08,3.4736715259e+01,9.8571508055e+00,6.004336e-07
2.6259914536e+08,3.4783745664e+01,9.8634238764e+00,7.023397e-07
2.6278386655e+08,3.4047666188e+01,9.8696417546e+00,4.877121e-07
2.6300858814e+08,3.4665073626e+01,9.8772257940e+00,9.218483e-07
2.6319330932e+08,3.4575073523e+01,9.8834117286e+00,8.195140e-07
2.6341803091e+08,3.4886356779e+01,9.8909548455e+00,2.092252e-07
2.6360275210e+08,3.3048253847e+01,9.8971123936e+00,7.931308e-07
2.6378747329e+08,3.5158345346e+01,9.9032880587e+00,6.202826e-07
2.6401219488e+08,3.4173087603e+01,9.9108194331e+00,6.508122e-07
2.6419691606e+08,3.4891354684e+01,9.9169958779e+00,5.982794e-07
2.6438163765e+08,3.4158263028e+01,9.9232058052e+00,6.843518e-07
2.6460635884e+08,3.4365243691e+01,9.9308026628e+00,6.682502e-07
2.6479108043e+08,3.5163461782e+01,9.9370379623e+00,9.930994e-07
2.6501580162e+08,3.4801578052e+01,9.9446676421e+00,8.118631e-07
2.6520052280e+08,3.4483396601e+01,9.9509904265e+00,1.412697e-07
2.6538524439e+08,3.5312601920e+01,9.9573164010e+00,7.952993e-07
2.6560996558e+08,3.3967157892e+01,9.9650827978e+00,8.572658e-07
2.6579468717e+08,3.5033393348e+01,9.9715271821e+00,6.507260e-07
2.6601940836e+08,3.4275311477e+01,9.9793860808e+00,6.774294e-07
2.6620412994e+08,3.5383784356e+01,9.9859106408e+00,5.910517e-07
2.6638885113e+08,3.4721702569e+01,9.9924588640e+00,6.759207e-07
2.6661357232e+08,3.5408585552e+01,1.0000396390e+01,6.492361e-07
2.6679829391e+08,3.5084089368e+01,1.0006968434e+01,8.034103e-07
2.6698301510e+08,3.5280624014e+01,1.0013514962e+01,1.522069e-07
2.6720773668e+08,3.5357440695e+01,1.0021542953e+01,1.559166e-07
2.6739245787e+08,3.4625076862e+01,1.0028112045e+01,9.210551e-07
2.6761717946e+08,3.5627411413e+01,1.0036146187e+01,9.599695e-07
2.6780190065e+08,3.4722827238e+01,1.0042766001e+01,6.858913e-07
2.6798662184e+08,3.5364688492e+01,1.0049358333e+01,5.921031e-07
2.6821134343e+08,3.3408078682e+01,1.0057383278e+01,5.921494e-07
2.6839606461e+08,3.5363243402e+01,1.0063997535e+01,6.286225e-07
2.6858078620e+08,3.5446171623e+01,1.0070593357e+01,7.915602e-07
2.6880550739e+08,3.3608088987e+01,1.0078644229e+01,7.784537e-07
2.6899022898e+08,3.5338800580e+01,1.0085280507e+01,5.600737e-08
2.6921495017e+08,3.5446811986e+01,1.0093321901e+01,9.718214e-07
2.6939967135e+08,3.4070838178e+01,1.0099936457e+01,8.671376e-07
2.6958439294e+08,3.5345160108e+01,1.0106560608e+01,6.775289e-07
2.6980911413e+08,3.5172542687e+01,1.0114586092e+01,7.082615e-07
2.6999383572e+08,3.5714494484e+01,1.0121221129e+01,5.902944e-07
2.7021855691e+08,3.4211051281e+01,1.0129281702e+01,6.149718e-07
2.7040327849e+08,3.5843134687e+01,1.0135870148e+01,6.121205e-07
2.7058799968e+08,3.5258667768e+01,1.0142463989e+01,7.730263e-07
2.7081272087e+08,3.5493172411e+01,1.0150405636e+01,7.182057e-07
2.7099744246e+08,3.5161134374e+01,1.0156932204e+01,9.063034e-07
2.7118216365e+08,3.5297836112e+01,1.0163398023e+01,8.209977e-07
2.7140688523e+08,3.5664867232e+01,1.0171284655e+01,3.416621e-07
2.7159160642e+08,3.2554992216e+01,1.0177742742e+01,7.356024e-07
2.7181632801e+08,3.5517304271e+01,1.0185600779e+01,9.108401e-07
2.7200104920e+08,3.4269917613e+01,1.0192064753e+01,6.228211e-07
2.7218577039e+08,3.5666941057e+01,1.0198573004e+01,6.112034e-07
2.7241049197e+08,3.5352756591e+01,1.0206497082e+01,5.935051e-07
2.7259521316e+08,3.5387256934e+01,1.0213099174e+01,6.925577e-07
2.7281993475e+08,3.6032593748e+01,1.0221175696e+01,6.535670e-07
2.7300465594e+08,3.5623442554e+01,1.0227875369e+01,8.825142e-07
2.7318937753e+08,3.3174254884e+01,1.0234679803e+01,2.200116e-07
2.7341409872e+08,3.5931116533e+01,1.0243049362e+01,2.642661e-07
2.7359881990e+08,3.5863602670e+01,1.0249985570e+01,8.761009e-07
2.7378354149e+08,3.6216878730e+01,1.0257031667e+01,6.388834e-07
2.7400826268e+08,3.4427995828e+01,1.0265651969e+01,6.607102e-07
2.7419298427e+08,3.6599535312e+01,1.0272824236e+01,5.967531e-07
2.7441770546e+08,3.4494847809e+01,1.0281629081e+01,6.046015e-07
2.7460242704e+08,3.6407942237e+01,1.0288916445e+01,6.414588e-07
2.7478714823e+08,3.3949249160e+01,1.0296251802e+01,8.632036e-07
2.7501186942e+08,3.6625690600e+01,1.0305246739e+01,7.698080e-07
2.7519659101e+08,3.5872808778e+01,1.0312706269e+01,4.056324e-07
2.7538131220e+08,3.6726523068e+01,1.0320173621e+01,8.837124e-07
2.7560603378e+08,3.6323144248e+01,1.0329362007e+01,8.638911e-07
2.7579075497e+08,3.6876902289e+01,1.0336923661e+01,6.729986e-07
2.7601547656e+08,3.6430395575e+01,1.0346207959e+01,7.461253e-07
2.7620019775e+08,3.6692021458e+01,1.0353842307e+01,6.127466e-07
2.7638491894e+08,3.4951471578e+01,1.0361516353e+01,6.415433e-07
2.7660964052e+08,3.7117995736e+01,1.0370912327e+01,6.165748e-07
2.7679436171e+08,3.6807944819e+01,1.0378644913e+01,7.288149e-07
2.7701908330e+08,3.6499458501e+01,1.0388083552e+01,6.729318e-07
2.7720380449e+08,3.6705719596e+01,1.0395912539e+01,8.083561e-07
2.7738852608e+08,3.7002284889e+01,1.0403732067e+01,8.525997e-07
2.7761324726e+08,3.6623126735e+01,1.0413310259e+01,3.840567e-07
2.7779796845e+08,3.6865820233e+01,1.0421172334e+01,7.516171e-07
2.7798269004e+08,3.7077061653e+01,1.0429095936e+01,6.292692e-07
2.7820741123e+08,3.7193047180e+01,1.0438728106e+01,6.308709e-07
2.7839213282e+08,3.6827005887e+01,1.0446710201e+01,5.814986e-07
2.7861685400e+08,3.7393932720e+01,1.0456408553e+01,5.886031e-07
2.7880157559e+08,3.7177988909e+01,1.0464437789e+01,6.640936e-07
2.7898629678e+08,3.6781032042e+01,1.0472455334e+01,8.467656e-07
2.7921101797e+08,3.7770640544e+01,1.0482289489e+01,9.687462e-07
2.7939573956e+08,3.6363095259e+01,1.0490385445e+01,2.266402e-07
2.7958046075e+08,3.7511839278e+01,1.0498545941e+01,7.800981e-07
2.7980518233e+08,3.7728186378e+01,1.0508474938e+01,8.308284e-07
2.7998990352e+08,3.6927797787e+01,1.0516686305e+01,6.383567e-07
2.8021462511e+08,3.7658744935e+01,1.0526650912e+01,6.893896e-07
2.8039934630e+08,3.2797524021e+01,1.0534868932e+01,5.947345e-07
2.8058406749e+08,3.7405312859e+01,1.0543115499e+01,6.838579e-07
2.8080878907e+08,3.7874144072e+01,1.0553153401e+01,6.289978e-07
2.8099351026e+08,3.6986966993e+01,1.0561437437e+01,8.929254e-07
2.8121823185e+08,3.7495574975e+01,1.0571557233e+01,7.620219e-07
2.8140295304e+08,3.7453156169e+01,1.0579848819e+01,2.056485e-07
2.8158767463e+08,3.7778308904e+01,1.0588192583e+01,8.672731e-07
2.8181239581e+08,3.5428479332e+01,1.0598352755e+01,1.007006e-06
2.8199711700e+08,3.8233454368e+01,1.0606743947e+01,6.703485e-07
2.8218183859e+08,3.7034035536e+01,1.0615131961e+01,5.849804e-07
2.8240655978e+08,3.7892768616e+01,1.0625395520e+01,5.834124e-07
2.8259128137e+08,3.7386508528e+01,1.0633824054e+01,6.351533e-07
2.8281600255e+08,3.7931510360e+01,1.0644140258e+01,6.139485e-07
2.8300072414e+08,3.3390320102e+01,1.0652636367e+01,7.476738e-07
2.8318544533e+08,3.8068575043e+01,1.0661150812e+01,2.558997e-07
2.8341016652e+08,3.7355437029e+01,1.0671510360e+01,3.754226e-07
2.8359488811e+08,3.8179845159e+01,1.0680071222e+01,1.028353e-06
2.8381960929e+08,3.8065974030e+01,1.0690469419e+01,5.430308e-07
2.8400433088e+08,3.6846325608e+01,1.0699062655e+01,7.189158e-07
2.8418905207e+08,3.8584432754e+01,1.0707644411e+01,5.968623e-07
2.8441377366e+08,3.7699245159e+01,1.0718097082e+01,6.139415e-07
2.8459849485e+08,3.7645626099e+01,1.0726738184e+01,6.125906e-07
2.8478321604e+08,3.8553933572e+01,1.0735369617e+01,7.908444e-07
2.8500793762e+08,3.5635166745e+01,1.0745906960e+01,7.218847e-07
2.8519265881e+08,3.8699108622e+01,1.0754594189e+01,8.174684e-07
2.8541738040e+08,3.7628835024e+01,1.0765196610e+01,8.950605e-07
2.8560210159e+08,3.8352001300e+01,1.0773919769e+01,5.908249e-07
2.8578682318e+08,3.7439984838e+01,1.0782693450e+01,7.116116e-07
2.8601154436e+08,3.8622654350e+01,1.0793366053e+01,7.798954e-07
2.8619626555e+08,3.6559055509e+01,1.0802165416e+01,6.074769e-07
2.8638098714e+08,3.8888884195e+01,1.0811002154e+01,6.206062e-07
2.8660570833e+08,3.7060357425e+01,1.0821792243e+01,6.109771e-07
2.8679042992e+08,3.8933782268e+01,1.0830670489e+01,7.128826e-07
2.8701515110e+08,3.5199726206e+01,1.0841507635e+01,6.703256e-07
2.8719987269e+08,3.8625919630e+01,1.0850431306e+01,8.616564e-07
2.8738459388e+08,3.8985874946e+01,1.0859356497e+01,4.526003e-07
2.8760931507e+08,3.8247266696e+01,1.0870275243e+01,4.720966e-08
2.8779403666e+08,3.8784965107e+01,1.0879237255e+01,8.370307e-07
2.8801875784e+08,3.7881752032e+01,1.0890174342e+01,9.349178e-07
2.8820347943e+08,3.8907867023e+01,1.0899206415e+01,6.528895e-07
2.8838820062e+08,3.8755542056e+01,1.0908234409e+01,5.865993e-07
2.8861292221e+08,3.8205453541e+01,1.0919275125e+01,5.916779e-07
2.8879764340e+08,3.8959169697e+01,1.0928338886e+01,6.539304e-07
2.8898236459e+08,3.8354057363e+01,1.0937439240e+01,8.894164e-07
2.8920708617e+08,3.9219163967e+01,1.0948489046e+01,8.139564e-07
2.8939180736e+08,3.8794322948e+01,1.0957618446e+01,2.455297e-07
2.8961652895e+08,3.9240766054e+01,1.0968693687e+01,7.530213e-07
2.8980125014e+08,3.8586323514e+01,1.0977830183e+01,8.904048e-07
2.8998597173e+08,3.9142002103e+01,1.0986937954e+01,6.668937e-07
2.9021069291e+08,3.9062537596e+01,1.0998063645e+01,6.948268e-07
2.9039541410e+08,3.8890610124e+01,1.1007183596e+01,6.070060e-07
2.9058013569e+08,3.9104761353e+01,1.1016333924e+01,6.427716e-07
2.9080485688e+08,3.9549132102e+01,1.1027409899e+01,6.119622e-07
2.9098957847e+08,3.6962113933e+01,1.1036511574e+01,7.672339e-07
2.9121429965e+08,3.8997883283e+01,1.1047583932e+01,6.979340e-07
2.9139902124e+08,3.9506670776e+01,1.1056657633e+01,7.841883e-07
2.9158374243e+08,3.6855611065e+01,1.1065751707e+01,8.780290e-07
2.9180846362e+08,3.9479855008e+01,1.1076800282e+01,7.983357e-07
2.9199318521e+08,3.9064152259e+01,1.1085880219e+01,7.410726e-07
2.9221790639e+08,3.8618430321e+01,1.1096982254e+01,7.985674e-07
2.9240262798e+08,3.9743672060e+01,1.1106085050e+01,6.346825e-07
2.9258734917e+08,3.8640229383e+01,1.1115229313e+01,6.065368e-07
2.9281207076e+08,3.9099682571e+01,1.1126318131e+01,5.960664e-07
2.9299679195e+08,3.9622128981e+01,1.1135447720e+01,6.790477e-07
2.9318151314e+08,3.8581866003e+01,1.1144528940e+01,7.417272e-07
2.9340623472e+08,3.9323885680e+01,1.1155595266e+01,9.683218e-07
2.9359095591e+08,3.9382908084e+01,1.1164649581e+01,5.296997e-07
2.9381567750e+08,3.9147760632e+01,1.1175702212e+01,1.644246e-07
2.9400039869e+08,3.9144115220e+01,1.1184744936e+01,8.256288e-07
2.9418512028e+08,3.9500760058e+01,1.1193800313e+01,6.441395e-07
2.9440984146e+08,3.7932773924e+01,1.1204747640e+01,6.646296e-07
2.9459456265e+08,3.9741424110e+01,1.1213715872e+01,5.881730e-07
2.9481928424e+08,3.9394130420e+01,1.1224553807e+01,5.863143e-07
2.9500400543e+08,3.7438041029e+01,1.1233431032e+01,6.458418e-07
2.9518872702e+08,3.9496416257e+01,1.1242288215e+01,9.848538e-07
2.9541344820e+08,3.9314230190e+01,1.1253017443e+01,8.078937e-07
2.9559816979e+08,3.6029734529e+01,1.1261855153e+01,4.390185e-08
2.9578289098e+08,3.9620697353e+01,1.1270689798e+01,8.060948e-07
2.9600761217e+08,3.9045519837e+01,1.1281426348e+01,8.743522e-07
2.9619233376e+08,3.9435844605e+01,1.1290282524e+01,6.808838e-07
2.9641705494e+08,3.9567179676e+01,1.1301007634e+01,7.186900e-07
2.9660177653e+08,3.9411177014e+01,1.1309840851e+01,6.010612e-07
2.9678649772e+08,3.6624466355e+01,1.1318635204e+01,6.576074e-07
2.9701121931e+08,3.9563994795e+01,1.1329308979e+01,6.060716e-07
2.9719594050e+08,3.7176060200e+01,1.1338059445e+01,7.838209e-07
2.9738066169e+08,3.9750324811e+01,1.1346771751e+01,2.594122e-07
2.9760538327e+08,3.6701706023e+01,1.1357354913e+01,1.333379e-07
2.9779010446e+08,3.9799969993e+01,1.1366026614e+01,9.502229e-07
2.9801482605e+08,3.9634433946e+01,1.1376591381e+01,7.244938e-07
2.9819954724e+08,3.9008886495e+01,1.1385232202e+01,7.049686e-07
2.9838426883e+08,3.9638485465e+01,1.1393899501e+01,5.799587e-07
2.9860899001e+08,3.9625305973e+01,1.1404393434e+01,5.976799e-07
2.9879371120e+08,3.8591228942e+01,1.1413008032e+01,6.259697e-07
2.9901843279e+08,3.9406208917e+01,1.1423512111e+01,6.105951e-07
2.9920315398e+08,3.9588385028e+01,1.1432112548e+01,7.611053e-07
2.9938787557e+08,3.8553479336e+01,1.1440700945e+01,6.055129e-07
2.9961259675e+08,3.9660431212e+01,1.1451155236e+01,9.494278e-07
2.9979731834e+08,3.9572528694e+01,1.1459721120e+01,2.734028e-07
2.9998203953e+08,3.7540366106e+01,1.1468298142e+01,6.883949e-07
3.0020676072e+08,3.9985263225e+01,1.1478740324e+01,7.249734e-07
3.0039148231e+08,3.8676267011e+01,1.1487323061e+01,6.096625e-07
3.0061620349e+08,3.9506093863e+01,1.1497708644e+01,6.392921e-07
3.0080092508e+08,3.9757334601e+01,1.1506236362e+01,6.000170e-07
3.0098564627e+08,3.8890235939e+01,1.1514694895e+01,7.302161e-07
3.0121036786e+08,3.9788924210e+01,1.1524955887e+01,6.757846e-07
3.0139508905e+08,3.8920412107e+01,1.1533304353e+01,8.963759e-07
3.0161981023e+08,3.9556657018e+01,1.1543436406e+01,8.595083e-07
3.0180453182e+08,3.8919854181e+01,1.1551723976e+01,3.557760e-08
3.0198925301e+08,3.9322487235e+01,1.1559950502e+01,7.500808e-07
3.0221397460e+08,3.8958821089e+01,1.1569949306e+01,9.209938e-07
3.0239869579e+08,3.9672051017e+01,1.1578103773e+01,6.379082e-07
3.0258341738e+08,3.8073039949e+01,1.1586209637e+01,6.019374e-07
3.0280813856e+08,3.9547554842e+01,1.1596014272e+01,5.965510e-07
3.0299285975e+08,3.9267692004e+01,1.1603973413e+01,6.730893e-07
3.0321758134e+08,3.8255028126e+01,1.1613566211e+01,6.388288e-07
3.0340230253e+08,3.9196458132e+01,1.1621397077e+01,8.634355e-07
3.0358702412e+08,3.9247005079e+01,1.1629136016e+01,1.620776e-07
3.0381174530e+08,3.8618425477e+01,1.1638468436e+01,2.338740e-07
3.0399646689e+08,3.9354561601e+01,1.1646108690e+01,9.404341e-07
3.0418118808e+08,3.7895851937e+01,1.1653657276e+01,6.605663e-07
3.0440590927e+08,3.9178429403e+01,1.1662778685e+01,6.790121e-07
3.0459063086e+08,3.8713546865e+01,1.1670209008e+01,5.938781e-07
3.0481535204e+08,3.8847326631e+01,1.1679122050e+01,6.079094e-07
3.0500007363e+08,3.8541800321e+01,1.1686398556e+01,6.230764e-07
3.0518479482e+08,3.8803055331e+01,1.1693565709e+01,8.373623e-07
3.0540951641e+08,3.8424114746e+01,1.1702214255e+01,7.342096e-07
3.0559423760e+08,3.8455113975e+01,1.1709211110e+01,6.535218e-07
3.0581895878e+08,3.8722728185e+01,1.1717641850e+01,8.168682e-07
3.0600368037e+08,3.6774048807e+01,1.1724458903e+01,7.837786e-07
3.0618840156e+08,3.8841766394e+01,1.1731203309e+01,7.031042e-07
3.0641312315e+08,3.7684767833e+01,1.1739261189e+01,7.994521e-07
3.0659784434e+08,3.8510029424e+01,1.1745798026e+01,6.279080e-07
3.0678256593e+08,3.8287302831e+01,1.1752195160e+01,6.160137e-07
3.0700728711e+08,3.6282093692e+01,1.1759841083e+01,5.933835e-07
3.0719200830e+08,3.8254959131e+01,1.1765980086e+01,6.991365e-07
3.0741672989e+08,3.8201020805e+01,1.1773202281e+01,6.495731e-07
3.0760145108e+08,3.7366701249e+01,1.1778930075e+01,8.878064e-07
3.0778617267e+08,3.7490176593e+01,1.1784476574e+01,8.257214e-07
3.0801089385e+08,3.7101558900e+01,1.1790845795e+01,1.246615e-07
3.0819561544e+08,3.7004919355e+01,1.1795766244e+01,8.175554e-07
3.0838033663e+08,3.5171129000e+01,1.1800271222e+01,6.229214e-07
3.0860505782e+08,3.5845372618e+01,1.1805009264e+01,6.506881e-07
3.0878977941e+08,3.3892979660e+01,1.1807585909e+01,5.931329e-07
3.0901450059e+08,3.6441172773e+01,1.1810732642e+01,5.945736e-07
3.0919922218e+08,3.4486064900e+01,1.1814653322e+01,6.514172e-07
3.0938394337e+08,3.7459970648e+01,1.1819131208e+01,9.720750e-07
3.0960866496e+08,3.6809460184e+01,1.1825065712e+01,8.881517e-07
3.0979338615e+08,3.7575347750e+01,1.1830198040e+01,3.472809e-07
3.1001810733e+08,3.7213618003e+01,1.1836729817e+01,5.960645e-08
3.1020282892e+08,3.7844258866e+01,1.1842234974e+01,8.639477e-07
3.1038755011e+08,3.6692036755e+01,1.1847891386e+01,6.608903e-07
3.1061227170e+08,3.8602679030e+01,1.1854913274e+01,7.265579e-07
3.1079699289e+08,3.7524698403e+01,1.1860802972e+01,5.841157e-07
3.1098171448e+08,3.7991040765e+01,1.1866836240e+01,6.310310e-07
3.1120643566e+08,3.8712054878e+01,1.1874283690e+01,6.298808e-07
3.1139115685e+08,3.8435953243e+01,1.1880509285e+01,8.890913e-07
3.1161587844e+08,3.7161538424e+01,1.1888242206e+01,7.504491e-07
3.1180059963e+08,3.8863056577e+01,1.1894671129e+01,6.510071e-08
3.1198532122e+08,3.8343836072e+01,1.1901201070e+01,8.774033e-07
3.1221004240e+08,3.8993200667e+01,1.1909209940e+01,1.012138e-06
3.1239476399e+08,3.8659996432e+01,1.1915894798e+01,7.080200e-07
3.1261948518e+08,3.9017381392e+01,1.1924068826e+01,7.355638e-07
3.1280420637e+08,3.8970609267e+01,1.1930879702e+01,5.960980e-07
3.1298892796e+08,3.8932168897e+01,1.1937704533e+01,6.263789e-07
3.1321364914e+08,3.9376418441e+01,1.1946110601e+01,6.139562e-07
3.1339837073e+08,3.8683669452e+01,1.1953045731e+01,7.341418e-07
3.1358309192e+08,3.9250239467e+01,1.1960058750e+01,3.061210e-09
3.1380781351e+08,3.9256254482e+01,1.1968605360e+01,9.652802e-07
3.1399253470e+08,3.9186019293e+01,1.1975698877e+01,8.942154e-07
3.1421725588e+08,3.9280402668e+01,1.1984323406e+01,1.334437e-07
3.1440197747e+08,3.9300354378e+01,1.1991470570e+01,7.306966e-07
3.1458669866e+08,3.9526815060e+01,1.1998626252e+01,5.960473e-07
3.1481142025e+08,3.9266849140e+01,1.2007388072e+01,6.215506e-07
3.1499614144e+08,3.9154725248e+01,1.2014661086e+01,6.080007e-07
3.1518086303e+08,3.9632871530e+01,1.2021940468e+01,7.424984e-07
3.1540558421e+08,3.9240208175e+01,1.2030837805e+01,7.135565e-07
3.1559030540e+08,4.0027447959e+01,1.2038207569e+01,8.856910e-07
3.1581502699e+08,3.7325054783e+01,1.2047187100e+01,8.717791e-07
3.1599974818e+08,4.0232485406e+01,1.2054614237e+01,2.346954e-07
3.1618446977e+08,3.7086646452e+01,1.2062063811e+01,7.304721e-07
3.1640919095e+08,3.9927238595e+01,1.2071179445e+01,8.481067e-07
3.1659391254e+08,3.9407810555e+01,1.2078689412e+01,6.474280e-07
3.1681863373e+08,4.0112297064e+01,1.2087890993e+01,6.626548e-07
3.1700335492e+08,3.5458440462e+01,1.2095468770e+01,5.981945e-07
3.1718807651e+08,4.0368282635e+01,1.2103067393e+01,6.806844e-07
3.1741279769e+08,3.6980282262e+01,1.2112346696e+01,6.501280e-07
3.1759751928e+08,4.0548078475e+01,1.2119998416e+01,8.389415e-07
3.1778224047e+08,3.9528760923e+01,1.2127660534e+01,2.030874e-07
3.1800696206e+08,4.0022865797e+01,1.2137039657e+01,7.679502e-09
3.1819168325e+08,4.0486844110e+01,1.2144750992e+01,8.732211e-07
3.1841640443e+08,3.9551236305e+01,1.2154208489e+01,8.924362e-07
3.1860112602e+08,4.0411412038e+01,1.2161993279e+01,6.694767e-07
3.1878584721e+08,4.0508416256e+01,1.2169818269e+01,5.994515e-07
3.1901056880e+08,3.9459702886e+01,1.2179418918e+01,6.061101e-07
3.1919528999e+08,4.0667471519e+01,1.2187323905e+01,6.437316e-07
3.1938001158e+08,4.0218287587e+01,1.2195274620e+01,8.507971e-07
3.1960473276e+08,4.0368177561e+01,1.2204931828e+01,7.781795e-07
3.1978945395e+08,4.0702318930e+01,1.2212903271e+01,1.345167e-07
3.2001417554e+08,4.0744091799e+01,1.2222561357e+01,8.563689e-07
3.2019889673e+08,3.9766006815e+01,1.2230526551e+01,8.816007e-07
3.2038361832e+08,4.1053832887e+01,1.2238458617e+01,6.939089e-07
3.2060833950e+08,4.0189772814e+01,1.2248131972e+01,7.414146e-07
3.2079306109e+08,4.0583359467e+01,1.2256037529e+01,6.114425e-07
3.2101778228e+08,4.0841946505e+01,1.2265673694e+01,6.334130e-07
3.2120250347e+08,4.0585820453e+01,1.2273549308e+01,6.077988e-07
3.2138722506e+08,3.9505517107e+01,1.2281429645e+01,7.728808e-07
3.2161194624e+08,4.1052135712e+01,1.2290956262e+01,6.818080e-07
3.2179666783e+08,3.9740702036e+01,1.2298747575e+01,8.849275e-07
3.2198138902e+08,4.0933983672e+01,1.2306537698e+01,8.543796e-07
3.2220611061e+08,4.0704128373e+01,1.2315941341e+01,1.850793e-07
3.2239083180e+08,3.8599642532e+01,1.2323660525e+01,7.740600e-07
3.2261555298e+08,4.0880923001e+01,1.2333015913e+01,8.364380e-07
3.2280027457e+08,4.0219084904e+01,1.2340659036e+01,6.516578e-07
3.2298499576e+08,4.0504126077e+01,1.2348298363e+01,6.021614e-07
3.2320971735e+08,3.9729515481e+01,1.2357490972e+01,5.842644e-07
3.2339443854e+08,4.0523831583e+01,1.2365000805e+01,6.562768e-07
3.2361916012e+08,3.7315505474e+01,1.2374040660e+01,6.295517e-07
3.2380388131e+08,4.0808093491e+01,1.2381388536e+01,9.945949e-07
3.2398860250e+08,3.8883576203e+01,1.2388654229e+01,7.284642e-08
3.2421332409e+08,4.0537054803e+01,1.2397410554e+01,4.115003e-07
3.2439804528e+08,3.7321718650e+01,1.2404508660e+01,8.427554e-07
3.2458276687e+08,4.0192710340e+01,1.2411520924e+01,6.479823e-07
3.2480748805e+08,3.8956208938e+01,1.2419941267e+01,6.762766e-07
3.2499220964e+08,4.0036089778e+01,1.2426734111e+01,5.761669e-07
3.2521693083e+08,3.9374836119e+01,1.2434854511e+01,5.982571e-07
3.2540165202e+08,3.9758527900e+01,1.2441435727e+01,6.449013e-07
3.2558637361e+08,3.9661774764e+01,1.2447875370e+01,9.830157e-07
3.2581109479e+08,3.8333310564e+01,1.2455546296e+01,7.975464e-07
3.2599581638e+08,3.9826043439e+01,1.2461710335e+01,3.026681e-07
3.2618053757e+08,3.9050922030e+01,1.2467692003e+01,8.275997e-07
3.2640525916e+08,3.8483302774e+01,1.2474754826e+01,9.591419e-07
3.2658998035e+08,3.9188786408e+01,1.2480298837e+01,7.097525e-07
3.2681470153e+08,3.7388396348e+01,1.2486707765e+01,7.244912e-07
3.2699942312e+08,3.8510537312e+01,1.2491587405e+01,5.892281e-07
3.2718414431e+08,3.7554933385e+01,1.2496028113e+01,6.375434e-07
3.2740886590e+08,3.6340514491e+01,1.2500272048e+01,6.014972e-07
3.2759358709e+08,3.7290880547e+01,1.2502503107e+01,7.781971e-07
3.2781830867e+08,3.7815497575e+01,1.2507161979e+01,7.113525e-07
3.2800302986e+08,3.8494338988e+01,1.2511754540e+01,6.404082e-07
3.2818775105e+08,3.8004854607e+01,1.2516706993e+01,1.005551e-06
3.2841247264e+08,3.9001865587e+01,1.2523134197e+01,4.553253e-08
3.2859719383e+08,3.4955616610e+01,1.2528642874e+01,7.082998e-07
3.2878191541e+08,3.9353737527e+01,1.2534314456e+01,5.942538e-07
3.2900663660e+08,3.9253936876e+01,1.2541373365e+01,6.140679e-07
3.2919135819e+08,3.8000521542e+01,1.2547318371e+01,6.195927e-07
3.2941607938e+08,3.9801892545e+01,1.2554666394e+01,6.033106e-07
3.2960080057e+08,3.9526026274e+01,1.2560801122e+01,7.315068e-07
3.2978552216e+08,3.9892125337e+01,1.2567057899e+01,8.660447e-07
3.3001024334e+08,4.0069868071e+01,1.2574773433e+01,9.125863e-07
3.3019496493e+08,3.9557134159e+01,1.2581220401e+01,4.608343e-08
3.3041968612e+08,4.0503704147e+01,1.2589207239e+01,1.179859e-07
3.3060440771e+08,3.9643338422e+01,1.2595836481e+01,7.773053e-07
3.3078912890e+08,4.0713509181e+01,1.2602568361e+01,6.244991e-07
3.3101385008e+08,3.9969490082e+01,1.2610851451e+01,6.318568e-07
3.3119857167e+08,4.0408091096e+01,1.2617699785e+01,5.955886e-07
3.3138329286e+08,4.0277167225e+01,1.2624634901e+01,7.213994e-07
3.3160801445e+08,4.0797643523e+01,1.2633115961e+01,6.654928e-07
3.3179273564e+08,4.0234801537e+01,1.2640168110e+01,8.697646e-07
3.3201745722e+08,4.0788253817e+01,1.2648784526e+01,7.970746e-07
3.3220217841e+08,4.0851972564e+01,1.2655947098e+01,1.620500e-07
3.3238689960e+08,3.9555191430e+01,1.2663137665e+01,7.824712e-07
3.3261162119e+08,4.1228985006e+01,1.2671975353e+01,9.393887e-07
3.3279634238e+08,4.0811818456e+01,1.2679276928e+01,6.613242e-07
3.3298106396e+08,4.0300706585e+01,1.2686644531e+01,6.085938e-07
3.3320578515e+08,4.1405796707e+01,1.2695643827e+01,6.012331e-07
3.3339050674e+08,4.0858059738e+01,1.2703097114e+01,6.396716e-07
3.3361522793e+08,4.0403480216e+01,1.2712274637e+01,6.135045e-07
3.3379994912e+08,4.1487374290e+01,1.2719878696e+01,8.463749e-07
3.3398467070e+08,4.1304463401e+01,1.2727539617e+01,6.629009e-08
3.3420939189e+08,4.1235458399e+01,1.2736964802e+01,7.384248e-07
3.3439411348e+08,4.1538350240e+01,1.2744748219e+01,8.927706e-07
3.3461883467e+08,4.1682197516e+01,1.2754316371e+01,7.473474e-07
3.3480355626e+08,3.9313027628e+01,1.2762224565e+01,7.134353e-07
3.3498827744e+08,4.1783402526e+01,1.2770186814e+01,5.930415e-07
3.3521299863e+08,4.0414776660e+01,1.2779931479e+01,6.240405e-07
3.3539772022e+08,4.2116061819e+01,1.2787966063e+01,6.221706e-07
3.3558244141e+08,4.0511854582e+01,1.2796053474e+01,8.272459e-07
3.3580716300e+08,4.2336174588e+01,1.2805915644e+01,7.043280e-07
3.3599188419e+08,4.1985921030e+01,1.2814078317e+01,8.448940e-07
3.3621660577e+08,4.1110990941e+01,1.2824008708e+01,8.977273e-07
3.3640132696e+08,4.2478687441e+01,1.2832218911e+01,7.062879e-07
3.3658604815e+08,4.1623287593e+01,1.2840414432e+01,7.358999e-07
3.3681076974e+08,4.1752993165e+01,1.2850432923e+01,8.209444e-07
3.3699549093e+08,4.2538393689e+01,1.2858639484e+01,6.220230e-07
3.3718021251e+08,4.0540465867e+01,1.2866854174e+01,5.953551e-07
3.3740493370e+08,4.2082856740e+01,1.2876878840e+01,5.875586e-07
3.3758965529e+08,4.2484708485e+01,1.2885114922e+01,6.705763e-07
3.3781437648e+08,4.2047576018e+01,1.2895144053e+01,6.449193e-07
3.3799909767e+08,4.1459080946e+01,1.2903397729e+01,9.696469e-07
3.3818381925e+08,4.2389428525e+01,1.2911613276e+01,6.639251e-07
3.3840854044e+08,4.1818901859e+01,1.2921608206e+01,4.574555e-07
3.3859326203e+08,4.2083668307e+01,1.2929764278e+01,8.568465e-07
3.3881798322e+08,4.2402753991e+01,1.2939664811e+01,8.795169e-07
3.3900270481e+08,4.0802735541e+01,1.2947725264e+01,6.812687e-07
3.3918742599e+08,4.2415963662e+01,1.2955744180e+01,5.851111e-07
3.3941214718e+08,4.0861907339e+01,1.2965388435e+01,5.839773e-07
3.3959686877e+08,4.2450152384e+01,1.2973259080e+01,6.324532e-07
3.3978158996e+08,4.1439014367e+01,1.2981072576e+01,1.014066e-06
3.4000631155e+08,4.1721282025e+01,1.2990475883e+01,8.632707e-07
3.4019103273e+08,4.2092959483e+01,1.2998174021e+01,8.406049e-08
3.4041575432e+08,4.1797088240e+01,1.3007424635e+01,7.720616e-07
3.4060047551e+08,4.1312443920e+01,1.3014990670e+01,8.957025e-07
3.4078519670e+08,4.2147643910e+01,1.3022453171e+01,6.715189e-07
3.4100991829e+08,3.9175088827e+01,1.3031451494e+01,7.316652e-07
3.4119463947e+08,4.1705632453e+01,1.3038758385e+01,5.762892e-07
3.4141936106e+08,4.2079355600e+01,1.3047526181e+01,6.056235e-07
3.4160408225e+08,4.1184924211e+01,1.3054630802e+01,6.235762e-07
3.4178880384e+08,4.0455983764e+01,1.3061665444e+01,8.120104e-07
3.4201352503e+08,4.1717079329e+01,1.3070063833e+01,7.236613e-07
3.4219824622e+08,4.0112590336e+01,1.3076878371e+01,5.106842e-07
3.4238296780e+08,4.1529323434e+01,1.3083572160e+01,8.954426e-07
3.4260768899e+08,4.1206133486e+01,1.3091627893e+01,9.990636e-07
3.4279241058e+08,4.0714521067e+01,1.3098126268e+01,7.337067e-07
3.4301713177e+08,4.1104944922e+01,1.3105942802e+01,7.522511e-07
3.4320185336e+08,4.0580166769e+01,1.3112221046e+01,6.081671e-07
3.4338657454e+08,4.0888741250e+01,1.3118416128e+01,6.147516e-07
3.4361129573e+08,3.9766144970e+01,1.3125752607e+01,5.942737e-07
3.4379601732e+08,4.0512560190e+01,1.3131650573e+01,7.283944e-07
3.4398073851e+08,3.7540124300e+01,1.3137393156e+01,4.731281e-07
3.4420546010e+08,4.0409346139e+01,1.3144189265e+01,9.812669e-07
3.4439018128e+08,3.8079803836e+01,1.3149596163e+01,5.369665e-07
3.4461490287e+08,4.0312354852e+01,1.3155945773e+01,1.759363e-07
3.4479962406e+08,3.8693520991e+01,1.3160905377e+01,7.426820e-07
3.4498434525e+08,3.8814152467e+01,1.3165599912e+01,5.995106e-07
3.4520906684e+08,3.9112969739e+01,1.3170672066e+01,6.430784e-07
3.4539378802e+08,3.6060478717e+01,1.3173717264e+01,6.143075e-07
3.4561850961e+08,3.6616283206e+01,1.3177182875e+01,6.017894e-07
3.4580323080e+08,3.9709196959e+01,1.3181330822e+01,6.891450e-07
3.4598795239e+08,3.8217015132e+01,1.3185985531e+01,9.029332e-07
3.4621267358e+08,4.0263667600e+01,1.3192089028e+01,8.296351e-07
3.4639739476e+08,3.9407288750e+01,1.3197353339e+01,1.776552e-08
3.4658211635e+08,4.0434023642e+01,1.3202765684e+01,7.621291e-07
3.4680683754e+08,3.6958361064e+01,1.3209549572e+01,8.579756e-07
3.4699155913e+08,4.0729958876e+01,1.3215248546e+01,6.508802e-07
3.4721628032e+08,3.8598335507e+01,1.3222328096e+01,6.775734e-07
3.4740100191e+08,4.1264658558e+01,1.3228243777e+01,5.979592e-07
3.4758572309e+08,4.0429028980e+01,1.3234267707e+01,6.594553e-07
3.4781044428e+08,4.1245190005e+01,1.3241672308e+01,6.394634e-07
3.4799516587e+08,4.0532215607e+01,1.3247855985e+01,8.209207e-07
3.4821988706e+08,4.1156986866e+01,1.3255427306e+01,7.955645e-07
3.4840460865e+08,3.9829351093e+01,1.3261714415e+01,5.249610e-07
3.4858932983e+08,4.1455499776e+01,1.3268030843e+01,8.911315e-07
3.4881405142e+08,4.0672781473e+01,1.3275779919e+01,7.708715e-07
3.4899877261e+08,4.1336021213e+01,1.3282239861e+01,6.966852e-07
3.4918349380e+08,4.1513904482e+01,1.3288719368e+01,5.979220e-07
3.4940821539e+08,4.1384476534e+01,1.3296672302e+01,6.076716e-07
3.4959293657e+08,4.1341107422e+01,1.3303287401e+01,6.181997e-07
3.4981765816e+08,4.1560594715e+01,1.3311363815e+01,6.056048e-07
3.5000237935e+08,4.1654780843e+01,1.3318072030e+01,7.555147e-07
3.5018710094e+08,4.1749437346e+01,1.3324792432e+01,8.241706e-07
3.5041182213e+08,4.1546269996e+01,1.3333053856e+01,9.011992e-07
3.5059654331e+08,4.2201618904e+01,1.3339851890e+01,8.822838e-07
3.5078126490e+08,4.1584464476e+01,1.3346702473e+01,7.203084e-07
3.5100598609e+08,4.1763614194e+01,1.3355033782e+01,7.552855e-07
3.5119070768e+08,4.2311705554e+01,1.3361941712e+01,6.199847e-07
3.5141542887e+08,4.1750295071e+01,1.3370354077e+01,6.524049e-07
3.5160015045e+08,4.1907160446e+01,1.3377321638e+01,5.987314e-07
3.5178487164e+08,4.2427084928e+01,1.3384275668e+01,7.337629e-07
3.5200959283e+08,4.1349492835e+01,1.3392778527e+01,6.597380e-07
3.5219431442e+08,4.2529603321e+01,1.3399758302e+01,9.143444e-07
3.5241903561e+08,4.0198243497e+01,1.3408291763e+01,9.442528e-07
3.5260375719e+08,4.2155248882e+01,1.3415310429e+01,1.870940e-07
3.5278847838e+08,4.2557204248e+01,1.3422337435e+01,8.164230e-07
3.5301319997e+08,3.9065172733e+01,1.3430929248e+01,9.078203e-07
3.5319792116e+08,4.2315875353e+01,1.3438020246e+01,6.534763e-07
3.5338264235e+08,4.2231537493e+01,1.3445112428e+01,5.801615e-07
3.5360736394e+08,4.2622186962e+01,1.3453802126e+01,5.716913e-07
3.5379208512e+08,4.0423393886e+01,1.3460959518e+01,6.512133e-07
3.5401680671e+08,4.2980826417e+01,1.3469715104e+01,6.219299e-07
3.5420152790e+08,4.1193244309e+01,1.3476922315e+01,9.616084e-07
3.5438624949e+08,4.2801899363e+01,1.3484171294e+01,4.496180e-07
3.5461097068e+08,4.2276749749e+01,1.3492986591e+01,6.847050e-07
3.5479569186e+08,4.2654825247e+01,1.3500273048e+01,8.564209e-07
3.5498041345e+08,4.0896023220e+01,1.3507562074e+01,6.516012e-07
3.5520513464e+08,4.2915401038e+01,1.3516462999e+01,6.968434e-07
3.5538985623e+08,4.1678918751e+01,1.3523781659e+01,5.873190e-07
3.5561457742e+08,4.3017238385e+01,1.3532718331e+01,5.950316e-07
3.5579929900e+08,4.2716316193e+01,1.3540050368e+01,6.026257e-07
3.5598402019e+08,4.1718628203e+01,1.3547418666e+01,9.153360e-07
3.5620874138e+08,4.3366124780e+01,1.3556364788e+01,7.751911e-07
3.5639346297e+08,4.1812875613e+01,1.3563720592e+01,6.628115e-07
3.5661818416e+08,4.2589705266e+01,1.3572714046e+01,8.191427e-07
3.5680290574e+08,4.3338585932e+01,1.3580103037e+01,9.731257e-07
3.5698762693e+08,4.0626922547e+01,1.3587518828e+01,7.111860e-07
3.5721234852e+08,4.3283834208e+01,1.3596565267e+01,7.707675e-07
3.5739706971e+08,4.1991678141e+01,1.3604026864e+01,5.888135e-07
3.5758179090e+08,4.3010798576e+01,1.3611490055e+01,6.326706e-07
3.5780651248e+08,4.3029749798e+01,1.3620634334e+01,6.024599e-07
3.5799123367e+08,4.3107738418e+01,1.3628159543e+01,7.680579e-07
3.5821595526e+08,4.1482550547e+01,1.3637371726e+01,7.001395e-07
3.5840067645e+08,4.3688055035e+01,1.3644951151e+01,8.681832e-07
3.5858539804e+08,4.2523422232e+01,1.3652567634e+01,9.808996e-07
3.5881011923e+08,4.3425616570e+01,1.3661832178e+01,2.044015e-07
3.5899484041e+08,4.3289483466e+01,1.3669503840e+01,7.433113e-07
3.5921956200e+08,4.3373978480e+01,1.3678836045e+01,7.925488e-07
3.5940428319e+08,4.2363073623e+01,1.3686543720e+01,6.186126e-07
3.5958900478e+08,4.3548131397e+01,1.3694296530e+01,6.032122e-07
3.5981372597e+08,4.3350302758e+01,1.3703740424e+01,5.989785e-07
3.5999844755e+08,4.3245312055e+01,1.3711561607e+01,6.866630e-07
3.6018316874e+08,4.3728097904e+01,1.3719394672e+01,9.490677e-07
3.6040788993e+08,4.3257250647e+01,1.3728974645e+01,8.789683e-07
3.6059261152e+08,4.3577309323e+01,1.3736897954e+01,1.445044e-08
3.6081733271e+08,4.3840796643e+01,1.3746538834e+01,7.976782e-08
3.6100205429e+08,4.3332662801e+01,1.3754503882e+01,7.784254e-07
3.6118677548e+08,4.3899098002e+01,1.3762467756e+01,6.252719e-07
3.6141149707e+08,4.3903571153e+01,1.3772225416e+01,6.885409e-07
3.6159621826e+08,4.3366380052e+01,1.3780252279e+01,6.081372e-07
3.6178093945e+08,4.4095787056e+01,1.3788325236e+01,7.012883e-07
3.6200566103e+08,4.3525179740e+01,1.3798154167e+01,6.369379e-07
3.6219038222e+08,4.4454442715e+01,1.3806279407e+01,8.386731e-07
3.6241510381e+08,4.1980200641e+01,1.3816169369e+01,7.791998e-07
3.6259982500e+08,4.4353627260e+01,1.3824332344e+01,8.077201e-08
3.6278454659e+08,4.2802841407e+01,1.3832518755e+01,8.453073e-07
3.6300926777e+08,4.4225857883e+01,1.3842497286e+01,9.480569e-07
3.6319398896e+08,4.4219957782e+01,1.3850710640e+01,6.869397e-07
3.6341871055e+08,4.4095739269e+01,1.3860765668e+01,7.059943e-07
3.6360343174e+08,4.4330550059e+01,1.3869047905e+01,5.888448e-07
3.6378815333e+08,4.3985807654e+01,1.3877366591e+01,6.269048e-07
3.6401287451e+08,4.4553159180e+01,1.3887546330e+01,6.212998e-07
3.6419759610e+08,4.4518109438e+01,1.3895926697e+01,7.916884e-07
3.6438231729e+08,4.3294531497e+01,1.3904345323e+01,3.880589e-07
3.6460703848e+08,4.4765135301e+01,1.3914637494e+01,8.773765e-07
3.6479176007e+08,4.3375125732e+01,1.3923101370e+01,8.811950e-07
3.6501648126e+08,4.5173924561e+01,1.3933449542e+01,7.129688e-07
3.6520120284e+08,4.4308110876e+01,1.3941996482e+01,7.422569e-07
3.6538592403e+08,4.4893307277e+01,1.3950541841e+01,6.095872e-07
3.6561064562e+08,4.4937911240e+01,1.3961004442e+01,6.418819e-07
3.6579536681e+08,4.4737384980e+01,1.3969607768e+01,5.958097e-07
3.6598008800e+08,4.5078997084e+01,1.3978261628e+01,7.781667e-07
3.6620480958e+08,4.4241060554e+01,1.3988792787e+01,6.780781e-07
3.6638953077e+08,4.5091378598e+01,1.3997493275e+01,9.202164e-07
3.6661425236e+08,4.2836967080e+01,1.4008081132e+01,8.976327e-07
3.6679897355e+08,4.5070939171e+01,1.4016780071e+01,6.608246e-07
3.6698369514e+08,4.4781878689e+01,1.4025468369e+01,7.768428e-07
3.6720841632e+08,4.5073408495e+01,1.4036071066e+01,8.568587e-07
3.6739313751e+08,4.5065062919e+01,1.4044774625e+01,6.292778e-07
3.6761785910e+08,4.4407563611e+01,1.4055387674e+01,6.755775e-07
3.6780258029e+08,4.5362104137e+01,1.4064151907e+01,5.877259e-07
3.6798730188e+08,4.5232071385e+01,1.4072917496e+01,6.688427e-07
3.6821202306e+08,4.5096357727e+01,1.4083633732e+01,6.274229e-07
3.6839674465e+08,4.5314896718e+01,1.4092497515e+01,9.250945e-07
3.6858146584e+08,4.5073628738e+01,1.4101355262e+01,4.841951e-07
3.6880618703e+08,4.5851095258e+01,1.4112179812e+01,1.814189e-07
3.6899090862e+08,4.4419161972e+01,1.4121074197e+01,9.069033e-07
3.6921562980e+08,4.5420295236e+01,1.4131858299e+01,9.112451e-07
3.6940035139e+08,4.5257598338e+01,1.4140728358e+01,6.911368e-07
3.6958507258e+08,4.5382786307e+01,1.4149551245e+01,5.789252e-07
3.6980979417e+08,4.5184136180e+01,1.4160283022e+01,5.821247e-07
3.6999451536e+08,4.5079828646e+01,1.4169057238e+01,6.260955e-07
3.7021923654e+08,4.5418046082e+01,1.4179745716e+01,6.065858e-07
3.7040395813e+08,4.2237861741e+01,1.4188516721e+01,8.448998e-07
3.7058867932e+08,4.5497652322e+01,1.4197270360e+01,3.639233e-07
3.7081340091e+08,4.4248881672e+01,1.4207891157e+01,8.681307e-07
3.7099812210e+08,4.5889796911e+01,1.4216613133e+01,8.945185e-07
3.7118284369e+08,4.4979310811e+01,1.4225290649e+01,6.884121e-07
3.7140756487e+08,4.4639926779e+01,1.4235864200e+01,7.682150e-07
3.7159228606e+08,4.5900715923e+01,1.4244545587e+01,5.944571e-07
3.7181700765e+08,4.5543461598e+01,1.4255103624e+01,6.082237e-07
3.7200172884e+08,4.4814843086e+01,1.4263783646e+01,6.084715e-07
3.7218645043e+08,4.5675047430e+01,1.4272489669e+01,7.816952e-07
3.7241117161e+08,4.5224138050e+01,1.4283061124e+01,7.150983e-07
3.7259589320e+08,4.5944067785e+01,1.4291792845e+01,8.903140e-07
3.7278061439e+08,4.3568945902e+01,1.4300525241e+01,9.114360e-07
3.7300533558e+08,4.5593536778e+01,1.4311120479e+01,9.459135e-07
3.7319005717e+08,4.5396274859e+01,1.4319827886e+01,7.610814e-07
3.7341477835e+08,4.5718971913e+01,1.4330371763e+01,7.640284e-07
3.7359949994e+08,4.5255495264e+01,1.4339047454e+01,6.012408e-07
3.7378422113e+08,4.5553546345e+01,1.4347679156e+01,6.004330e-07
3.7400894272e+08,4.5591719275e+01,1.4358186740e+01,6.036688e-07
3.7419366391e+08,4.3847919695e+01,1.4366778429e+01,7.307862e-07
3.7441838509e+08,4.5926365679e+01,1.4377207288e+01,6.805373e-07
3.7460310668e+08,4.1824634791e+01,1.4385736181e+01,9.402698e-07
3.7478782787e+08,4.6012580344e+01,1.4394226879e+01,4.276207e-07
3.7501254946e+08,4.4388712223e+01,1.4404502271e+01,9.500768e-08
3.7519727065e+08,4.5432877341e+01,1.4412927137e+01,7.657571e-07
3.7538199224e+08,4.5817274018e+01,1.4421296962e+01,6.212794e-07
3.7560671342e+08,4.4935741363e+01,1.4431423240e+01,6.706751e-07
3.7579143461e+08,4.4580171342e+01,1.4439716530e+01,6.046743e-07
3.7601615620e+08,4.5800263444e+01,1.4449711330e+01,5.866886e-07
3.7620087739e+08,4.4784070938e+01,1.4457844308e+01,6.593496e-07
3.7638559898e+08,4.5492657415e+01,1.4465919898e+01,8.671146e-07
3.7661032016e+08,4.3508684869e+01,1.4475605910e+01,8.188321e-07
3.7679504175e+08,4.4995728736e+01,1.4483450423e+01,6.039357e-08
3.7701976294e+08,4.3941393826e+01,1.4492857603e+01,4.507312e-07
3.7720448413e+08,4.4992612715e+01,1.4500426644e+01,8.840205e-07
3.7738920572e+08,4.3377104044e+01,1.4507866036e+01,6.702107e-07
3.7761392690e+08,4.4777164499e+01,1.4516665552e+01,7.006396e-07
3.7779864849e+08,4.4015222068e+01,1.4523701943e+01,6.020661e-07
3.7798336968e+08,4.3565578720e+01,1.4530482442e+01,6.442108e-07
3.7820809127e+08,4.3777107287e+01,1.4538379104e+01,6.162419e-07
3.7839281246e+08,4.2555397043e+01,1.4544401604e+01,7.971531e-07
3.7861753364e+08,4.1316355689e+01,1.4550748125e+01,7.650019e-07
3.7880225523e+08,4.1868260710e+01,1.4554790303e+01,7.861690e-07
3.7898697642e+08,4.3014734144e+01,1.4560290592e+01,9.364384e-07
3.7921169801e+08,4.4103843930e+01,1.4567750169e+01,6.962270e-07
3.7939641920e+08,4.3672646166e+01,1.4574265918e+01,7.195699e-07
3.7958114079e+08,4.3034448873e+01,1.4581056715e+01,6.035391e-07
3.7980586197e+08,4.4872381098e+01,1.4589576638e+01,6.173725e-07
3.7999058316e+08,4.4326908100e+01,1.4596741937e+01,6.082464e-07
3.8021530475e+08,4.4850328183e+01,1.4605653485e+01,6.007385e-07
3.8040002594e+08,4.3841454190e+01,1.4613085376e+01,7.447062e-07
3.8058474753e+08,4.5142651624e+01,1.4620635129e+01,9.277575e-07
3.8080946871e+08,4.3996573559e+01,1.4629924485e+01,9.047450e-07
3.8099419030e+08,4.5545854584e+01,1.4637665048e+01,7.087532e-07
3.8121891149e+08,4.4255468997e+01,1.4647148630e+01,1.418980e-07
3.8140363268e+08,4.5900185857e+01,1.4655026939e+01,8.175586e-07
3.8158835427e+08,4.3628487407e+01,1.4662962468e+01,6.336570e-07
3.8181307545e+08,4.5646688955e+01,1.4672668626e+01,6.596434e-07
3.8199779704e+08,4.4433345588e+01,1.4680701102e+01,5.908969e-07
3.8218251823e+08,4.5741639933e+01,1.4688753572e+01,7.124256e-07
3.8240723982e+08,4.3758210444e+01,1.4698600090e+01,6.364914e-07
3.8259196101e+08,4.6176380278e+01,1.4706709318e+01,9.159921e-07
3.8281668219e+08,4.4193801848e+01,1.4716603497e+01,9.407312e-07
3.8300140378e+08,4.5887108805e+01,1.4724768882e+01,4.583011e-07
3.8318612497e+08,4.6152481334e+01,1.4732920462e+01,8.606125e-07
3.8341084656e+08,4.5384046744e+01,1.4742864503e+01,9.304787e-07
3.8359556775e+08,4.5834967106e+01,1.4751071298e+01,6.542934e-07
3.8378028934e+08,4.6071506615e+01,1.4759266907e+01,5.813408e-07
3.8400501052e+08,4.5604633171e+01,1.4769281656e+01,5.875303e-07
3.8418973171e+08,4.6350667259e+01,1.4777523836e+01,6.545631e-07
3.8441445330e+08,4.6132210912e+01,1.4787610147e+01,6.071957e-07
3.8459917449e+08,4.6075035574e+01,1.4795893975e+01,9.222821e-07
3.8478389608e+08,4.5921650791e+01,1.4804222477e+01,3.469113e-07
3.8500861726e+08,4.6147785279e+01,1.4814341587e+01,7.902996e-07
3.8519333885e+08,4.6105544261e+01,1.4822700112e+01,9.214577e-07
3.8541806004e+08,4.6357079176e+01,1.4832861088e+01,9.533437e-07
3.8560278123e+08,4.6215979394e+01,1.4841253331e+01,7.258479e-07
3.8578750282e+08,4.6533843028e+01,1.4849634629e+01,5.798685e-07
3.8601222400e+08,4.6198624337e+01,1.4859877145e+01,5.859642e-07
3.8619694559e+08,4.6389839202e+01,1.4868280112e+01,6.037362e-07
3.8638166678e+08,4.5802906613e+01,1.4876706363e+01,8.905942e-07
3.8660638837e+08,4.6544532733e+01,1.4886941925e+01,7.565622e-07
3.8679110956e+08,4.5169688143e+01,1.4895361923e+01,8.100910e-07
3.8701583074e+08,4.6626825204e+01,1.4905625984e+01,9.135961e-07
3.8720055233e+08,4.6590576175e+01,1.4914050588e+01,9.752275e-07
3.8738527352e+08,4.5693474847e+01,1.4922491813e+01,7.267478e-07
3.8760999511e+08,4.6913712692e+01,1.4932808272e+01,8.081230e-07
3.8779471630e+08,4.4859612726e+01,1.4941288740e+01,5.978416e-07
3.8801943788e+08,4.6960666980e+01,1.4951624856e+01,6.416428e-07
3.8820415907e+08,4.5137300703e+01,1.4960118501e+01,6.011047e-07
3.8838888026e+08,4.6812929276e+01,1.4968596658e+01,7.552408e-07
3.8861360185e+08,4.6063348656e+01,1.4978900469e+01,6.929973e-07
3.8879832304e+08,4.6741815657e+01,1.4987382813e+01,9.349872e-07
3.8898304463e+08,4.4231742802e+01,1.4995841773e+01,9.198856e-07
3.8920776581e+08,4.7125769038e+01,1.5006119391e+01,2.129387e-07
3.8939248740e+08,4.4732686919e+01,1.5014556648e+01,7.938128e-07
3.8961720859e+08,4.6980191912e+01,1.5024796758e+01,8.063933e-07
3.8980192978e+08,4.6478776069e+01,1.5033191974e+01,6.198532e-07
3.8998665137e+08,4.6582954529e+01,1.5041594720e+01,5.977418e-07
3.9021137255e+08,4.7020223230e+01,1.5051774680e+01,5.995343e-07
3.9039609414e+08,4.6372194500e+01,1.5060155484e+01,6.795712e-07
3.9058081533e+08,4.6839787575e+01,1.5068497018e+01,9.406679e-07
3.9080553692e+08,4.6616421700e+01,1.5078622383e+01,8.254818e-07
3.9099025811e+08,4.6273226507e+01,1.5086952056e+01,4.183146e-08
3.9121497929e+08,4.6745043242e+01,1.5097034461e+01,9.388688e-08
3.9139970088e+08,4.6226377997e+01,1.5105329862e+01,8.434124e-07
3.9158442207e+08,4.6482929784e+01,1.5113586340e+01,6.600471e-07
3.9180914366e+08,4.6689480686e+01,1.5123636276e+01,7.057741e-07
3.9199386485e+08,4.6566719879e+01,1.5131846840e+01,6.011770e-07
3.9221858643e+08,4.6442686826e+01,1.5141836893e+01,5.974731e-07
3.9240330762e+08,4.6962991484e+01,1.5149998599e+01,6.229709e-07
3.9258802881e+08,4.6541594684e+01,1.5158166290e+01,8.171929e-07
3.9281275040e+08,4.6204167012e+01,1.5168045977e+01,7.720617e-07
3.9299747159e+08,4.7084269134e+01,1.5176168448e+01,8.960959e-08
3.9318219318e+08,4.5995248040e+01,1.5184240860e+01,8.886045e-07
3.9340691436e+08,4.6482331611e+01,1.5194047079e+01,8.942469e-07
3.9359163595e+08,4.6929234727e+01,1.5202047912e+01,7.210831e-07
3.9381635714e+08,4.3692281139e+01,1.5211752547e+01,7.565408e-07
3.9400107833e+08,4.6826008348e+01,1.5219683837e+01,6.128613e-07
3.9418579992e+08,4.6324192915e+01,1.5227564291e+01,6.240641e-07
3.9441052110e+08,4.5766801770e+01,1.5237129200e+01,6.054651e-07
3.9459524269e+08,4.6920382426e+01,1.5244941104e+01,7.629332e-07
3.9481996388e+08,4.6155129667e+01,1.5254412958e+01,6.978639e-07
3.9500468547e+08,4.6379989340e+01,1.5262187357e+01,9.019194e-07
3.9518940666e+08,4.6162085014e+01,1.5269902458e+01,8.477077e-07
3.9541412784e+08,4.6570886654e+01,1.5279260678e+01,6.139846e-07
3.9559884943e+08,4.5332944097e+01,1.5286902180e+01,7.767876e-07
3.9578357062e+08,4.6646733245e+01,1.5294482978e+01,6.092995e-07
3.9600829221e+08,4.4969091767e+01,1.5303657931e+01,6.416111e-07
3.9619301340e+08,4.6636805231e+01,1.5311125501e+01,5.972086e-07
3.9641773498e+08,4.5524271107e+01,1.5320155871e+01,5.982093e-07
3.9660245617e+08,4.6013692439e+01,1.5327497713e+01,6.805952e-07
3.9678717736e+08,4.6392822195e+01,1.5334815534e+01,9.314911e-07
3.9701189895e+08,4.5837060400e+01,1.5343636045e+01,8.689632e-07
3.9719662014e+08,4.5584958313e+01,1.5350858801e+01,5.533626e-07
3.9738134173e+08,4.6416961698e+01,1.5358011703e+01,8.204521e-07
3.9760606291e+08,4.5078717160e+01,1.5366645070e+01,9.097398e-07
3.9779078450e+08,4.5762013100e+01,1.5373697744e+01,6.571272e-07
3.9801550569e+08,4.6314989641e+01,1.5382169374e+01,6.980646e-07
3.9820022688e+08,4.3870408195e+01,1.5389073671e+01,5.820494e-07
3.9838494847e+08,4.5849062309e+01,1.5395915064e+01,6.575643e-07
3.9860966965e+08,4.6030620303e+01,1.5404111609e+01,6.229324e-07
3.9879439124e+08,4.3977271793e+01,1.5410771491e+01,9.270909e-07
3.9901911243e+08,4.5713395929e+01,1.5418736190e+01,8.674105e-07
3.9920383402e+08,4.5484000312e+01,1.5425205733e+01,7.471697e-07
3.9938855521e+08,4.4210792684e+01,1.5431560013e+01,9.375298e-07
3.9961327639e+08,4.5604923394e+01,1.5439185710e+01,9.239934e-07
3.9979799798e+08,4.4108687651e+01,1.5445330597e+01,6.878904e-07
4.0000000037e+08,4.5121796621e+01,1.5451929434e+01,6.711705e-07
