time_years,cumulative_log_growth,mean_megno,relative_energy_error
2.0472160000e+05,1.2904096461e+01,2.0035458738e+00,9.957612e-07
3.8944280001e+05,1.3589155255e+01,2.0031632967e+00,6.863240e-07
6.1416440000e+05,1.3976692871e+01,2.0036251262e+00,7.447639e-07
7.9888559996e+05,1.4209322768e+01,2.0043049470e+00,5.879618e-07
9.8360679991e+05,1.4532517383e+01,2.0052262346e+00,6.520859e-07
1.2083283999e+06,1.4605034074e+01,2.0065407000e+00,6.196376e-07
1.3930495998e+06,1.4852555020e+01,2.0068382285e+00,7.824611e-07
1.6177711998e+06,1.5061120932e+01,2.0075016564e+00,7.072494e-07
1.8024923997e+06,1.5011797969e+01,2.0079332633e+00,7.385212e-07
1.9872135997e+06,1.5160955804e+01,2.0082627886e+00,1.026576e-06
2.2119351998e+06,1.5344339848e+01,2.0091578095e+00,1.728532e-07
2.3966563999e+06,1.5271566839e+01,2.0095387578e+00,7.003372e-07
2.5813780001e+06,1.5513247885e+01,2.0094073694e+00,5.945675e-07
2.8060992003e+06,1.5523589619e+01,2.0090299423e+00,6.069508e-07
2.9908204005e+06,1.5521612402e+01,2.0081833158e+00,6.197833e-07
3.2155420007e+06,1.5660099790e+01,2.0065085875e+00,6.044375e-07
3.4002632009e+06,1.5634458668e+01,2.0049685090e+00,7.402408e-07
3.5849848010e+06,1.5695164511e+01,2.0034251474e+00,8.242751e-07
3.8097060013e+06,1.5770181520e+01,2.0017107246e+00,8.977659e-07
3.9944272014e+06,1.5763508088e+01,2.0006077427e+00,5.585872e-07
4.2191488016e+06,1.5901073407e+01,1.9992839104e+00,5.163273e-08
4.4038700018e+06,1.5937813035e+01,1.9983639797e+00,7.396041e-07
4.5885916020e+06,1.5884817785e+01,1.9977440640e+00,6.105274e-07
4.8133128022e+06,1.6040692105e+01,1.9973654964e+00,6.473778e-07
4.9980340024e+06,1.6027790877e+01,1.9977525004e+00,6.107559e-07
5.1827556025e+06,1.6068378956e+01,1.9987537114e+00,7.152803e-07
5.4074768027e+06,1.6157900573e+01,2.0003757902e+00,6.691008e-07
5.5921984029e+06,1.6116973585e+01,2.0020342740e+00,8.700293e-07
5.8169196031e+06,1.6121832126e+01,2.0040142338e+00,8.484455e-07
6.0016408033e+06,1.6418108155e+01,2.0054699733e+00,5.820131e-08
6.1863624035e+06,1.6148812345e+01,2.0069518383e+00,8.285737e-07
6.4110836037e+06,1.6337027752e+01,2.0085395796e+00,9.241796e-07
6.5958052038e+06,1.6506413754e+01,2.0095103874e+00,6.630147e-07
6.7805264040e+06,1.6223820383e+01,2.0104711794e+00,6.058489e-07
7.0052476042e+06,1.6393550464e+01,2.0112603311e+00,5.806369e-07
7.1899692044e+06,1.6519606402e+01,2.0118538741e+00,6.523648e-07
7.4146904046e+06,1.6338466890e+01,2.0127631067e+00,6.404069e-07
7.5994120048e+06,1.6531324396e+01,2.0131762084e+00,8.422428e-07
7.7841332050e+06,1.6442339869e+01,2.0135229895e+00,2.853327e-07
8.0088544052e+06,1.6578690843e+01,2.0140836147e+00,4.902625e-07
8.1935760053e+06,1.6541216588e+01,2.0144855971e+00,8.903109e-07
8.4182972054e+06,1.6531706487e+01,2.0150154475e+00,8.427924e-07
8.6030188047e+06,1.6562400204e+01,2.0158203681e+00,7.027712e-07
8.7877400040e+06,1.6840259065e+01,2.0169961505e+00,6.031218e-07
9.0124612032e+06,1.6555736404e+01,2.0188020048e+00,6.180657e-07
9.1971828025e+06,1.6701029367e+01,2.0204253107e+00,6.190489e-07
9.3819040018e+06,1.6654722975e+01,2.0221828734e+00,8.278065e-07
9.6066256010e+06,1.6742844707e+01,2.0248608507e+00,6.962670e-07
9.7913468003e+06,1.6870699854e+01,2.0276001698e+00,6.516926e-07
1.0016067999e+07,1.6915538638e+01,2.0310463360e+00,8.167751e-07
1.0200789599e+07,1.6849269387e+01,2.0342182679e+00,8.729912e-07
1.0385510798e+07,1.7057205886e+01,2.0380484493e+00,7.186559e-07
1.0610232397e+07,1.6979850090e+01,2.0427487604e+00,7.926377e-07
1.0794953597e+07,1.6804905683e+01,2.0470415260e+00,6.194801e-07
1.1019674796e+07,1.7445915181e+01,2.0531835855e+00,6.293051e-07
1.1204396395e+07,1.6973063571e+01,2.0585095144e+00,5.956368e-07
1.1389117594e+07,1.6962428611e+01,2.0645080375e+00,7.161184e-07
1.1613839193e+07,1.7607309600e+01,2.0723533923e+00,6.526091e-07
1.1798560393e+07,1.7195440268e+01,2.0793394825e+00,9.214080e-07
1.1983281592e+07,1.7392320658e+01,2.0862584874e+00,8.585498e-07
1.2208003191e+07,1.7463535053e+01,2.0952329671e+00,3.463291e-07
1.2392724391e+07,1.7413742172e+01,2.1026210011e+00,7.784336e-07
1.2617445990e+07,1.7513252355e+01,2.1124314570e+00,8.463202e-07
1.2802167189e+07,1.7491576638e+01,2.1204033979e+00,6.447678e-07
1.2986888388e+07,1.7300791890e+01,2.1288458185e+00,5.972132e-07
1.3211609988e+07,1.7782297141e+01,2.1391700887e+00,5.800572e-07
1.3396331187e+07,1.7530792626e+01,2.1479482362e+00,6.871243e-07
1.3581052786e+07,1.7755500526e+01,2.1562705645e+00,1.036088e-06
1.3805773985e+07,1.7187314893e+01,2.1665894623e+00,8.924005e-07
1.3990495185e+07,1.7695578220e+01,2.1751103229e+00,1.885140e-07
1.4215216784e+07,1.7915332517e+01,2.1853154727e+00,1.667079e-07
1.4399937983e+07,1.7249134474e+01,2.1940494505e+00,8.035643e-07
1.4584659582e+07,1.7924706166e+01,2.2029152785e+00,6.232951e-07
1.4809380782e+07,1.7241178477e+01,2.2138423140e+00,6.683949e-07
1.4994101981e+07,1.7965457477e+01,2.2227601111e+00,5.966423e-07
1.5218823580e+07,1.7583959745e+01,2.2334992256e+00,5.931127e-07
1.5403544779e+07,1.8384859610e+01,2.2425582718e+00,6.552956e-07
1.5588266379e+07,1.7241119163e+01,2.2514422936e+00,8.502407e-07
1.5812987578e+07,1.8093737599e+01,2.2624607918e+00,7.845764e-07
1.5997708777e+07,1.7266869944e+01,2.2714061886e+00,2.693686e-07
1.6182430376e+07,1.8240122333e+01,2.2804286187e+00,8.711264e-07
1.6407151576e+07,1.7545072200e+01,2.2913903817e+00,1.028665e-06
1.6591873175e+07,1.8300040441e+01,2.3005026215e+00,6.716465e-07
1.6816594374e+07,1.7184664795e+01,2.3113024039e+00,6.794806e-07
1.7001315573e+07,1.8746234397e+01,2.3200641632e+00,5.801545e-07
1.7186037173e+07,1.7411295323e+01,2.3286243921e+00,6.424312e-07
1.7410758372e+07,1.8265518557e+01,2.3386588231e+00,6.368345e-07
1.7595479971e+07,1.8683502150e+01,2.3467843859e+00,8.007117e-07
1.7780201171e+07,1.7278854898e+01,2.3551741808e+00,2.527879e-07
1.8004922370e+07,1.8223423544e+01,2.3652413559e+00,5.570956e-07
1.8189643969e+07,1.8674604781e+01,2.3733456867e+00,8.935891e-07
1.8414365168e+07,1.7998541053e+01,2.3837435238e+00,6.961890e-07
1.8599086767e+07,1.8701385743e+01,2.3920768764e+00,6.996381e-07
1.8783807967e+07,1.7902842440e+01,2.4008420806e+00,5.949498e-07
1.9008529166e+07,1.8594516750e+01,2.4114898122e+00,6.155871e-07
1.9193250765e+07,1.8295453350e+01,2.4206719023e+00,6.292437e-07
1.9417971964e+07,1.8535665689e+01,2.4314556171e+00,6.003431e-07
1.9602693564e+07,1.8449918677e+01,2.4403975323e+00,6.965514e-07
1.9787414763e+07,1.8587635877e+01,2.4487053457e+00,8.324077e-07
2.0012135962e+07,1.8540013777e+01,2.4588546648e+00,8.881543e-07
2.0196857562e+07,1.8644097720e+01,2.4666531675e+00,6.642550e-07
2.0381578761e+07,1.8747710373e+01,2.4746632684e+00,7.051235e-07
2.0606300360e+07,1.7830619576e+01,2.4838195905e+00,8.123707e-07
2.0791021559e+07,1.9181598008e+01,2.4911530827e+00,6.240157e-07
2.1015742758e+07,1.7487727215e+01,2.4992742926e+00,6.357295e-07
2.1200464358e+07,1.8501379762e+01,2.5056062393e+00,5.983067e-07
2.1385185557e+07,1.9194638138e+01,2.5114382239e+00,6.912894e-07
2.1609907156e+07,1.8357170177e+01,2.5182441996e+00,6.540109e-07
2.1794628356e+07,1.7876719428e+01,2.5237661768e+00,9.073562e-07
2.2019349555e+07,1.9221452875e+01,2.5301834259e+00,8.576312e-07
2.2204071154e+07,1.7537025806e+01,2.5355082943e+00,2.978421e-07
2.2388792353e+07,1.8872602222e+01,2.5408568834e+00,8.180854e-07
2.2613513953e+07,1.8156043786e+01,2.5470351017e+00,8.817185e-07
2.2798235152e+07,1.8813996277e+01,2.5521363483e+00,6.639918e-07
2.2982956351e+07,1.7480557152e+01,2.5570754576e+00,5.968740e-07
2.3207677950e+07,1.8994661774e+01,2.5629441852e+00,5.971864e-07
2.3392399150e+07,1.8269096435e+01,2.5678535584e+00,6.478997e-07
2.3617120749e+07,1.9015369254e+01,2.5733683993e+00,6.172483e-07
2.3801841948e+07,1.8541702902e+01,2.5780553937e+00,8.326867e-07
2.3986563147e+07,1.8902598590e+01,2.5822621676e+00,2.160673e-07
2.4211284747e+07,1.9008168546e+01,2.5874971278e+00,4.367815e-07
2.4396005946e+07,1.8130201853e+01,2.5915059615e+00,8.673331e-07
2.4580727545e+07,1.9278112548e+01,2.5954590899e+00,6.567697e-07
2.4805448744e+07,1.7749064039e+01,2.5995719647e+00,7.114067e-07
2.4990170344e+07,1.8732036503e+01,2.6024124160e+00,6.074673e-07
2.5214891543e+07,1.9013211530e+01,2.6051560445e+00,6.206256e-07
2.5399612742e+07,1.8245956780e+01,2.6070173035e+00,6.265700e-07
2.5584334341e+07,1.8142931546e+01,2.6086564057e+00,7.768778e-07
2.5809055541e+07,1.9138707845e+01,2.6099639378e+00,7.140185e-07
2.5993777140e+07,1.7875065416e+01,2.6106943287e+00,4.962768e-07
2.6218498339e+07,1.8594925864e+01,2.6114316177e+00,9.462859e-07
2.6403219538e+07,1.8588790105e+01,2.6117673404e+00,9.331454e-07
2.6587941138e+07,1.8658630785e+01,2.6121253914e+00,7.282185e-07
2.6812662337e+07,1.8032442033e+01,2.6120175669e+00,7.507803e-07
2.6997383936e+07,1.8966904701e+01,2.6116762583e+00,5.996155e-07
2.7182105136e+07,1.8041788183e+01,2.6110052870e+00,6.046692e-07
2.7406826335e+07,1.8790893138e+01,2.6095556147e+00,5.999222e-07
2.7591547934e+07,1.8312060867e+01,2.6081948909e+00,7.258653e-07
2.7816269133e+07,1.8488698718e+01,2.6059428269e+00,7.068760e-07
2.8000990732e+07,1.8447525597e+01,2.6039727615e+00,1.021417e-06
2.8185711932e+07,1.8116196255e+01,2.6016139293e+00,7.950979e-07
2.8410433131e+07,1.8639892808e+01,2.5986284988e+00,2.119153e-07
2.8595154730e+07,1.8185779062e+01,2.5959893710e+00,7.425063e-07
2.8819875929e+07,1.8485956593e+01,2.5923207038e+00,8.076635e-07
2.9004597529e+07,1.8349338340e+01,2.5890393362e+00,6.376008e-07
2.9189318728e+07,1.7872126258e+01,2.5857164263e+00,6.096399e-07
2.9414039927e+07,1.8310559180e+01,2.5814993362e+00,5.918197e-07
2.9598761527e+07,1.8688514860e+01,2.5779825423e+00,6.882459e-07
2.9783482726e+07,1.7975061852e+01,2.5745836641e+00,9.476806e-07
3.0008204325e+07,1.8326298272e+01,2.5704626632e+00,8.627209e-07
3.0192925524e+07,1.8459101621e+01,2.5671922427e+00,2.374112e-07
3.0417646723e+07,1.8545437223e+01,2.5635778151e+00,9.087048e-08
3.0602368323e+07,1.8173537618e+01,2.5605953526e+00,8.791131e-07
3.0787089522e+07,1.8873998404e+01,2.5577723541e+00,6.178074e-07
3.1011811121e+07,1.7987233164e+01,2.5541623811e+00,6.535141e-07
3.1196532321e+07,1.8675712590e+01,2.5509910488e+00,5.906459e-07
3.1381253520e+07,1.8096759147e+01,2.5477727248e+00,7.028687e-07
3.1605975119e+07,1.8445858891e+01,2.5435413394e+00,6.623777e-07
3.1790696318e+07,1.7997295021e+01,2.5399850123e+00,8.659025e-07
3.2015417917e+07,1.8471603186e+01,2.5354701503e+00,7.951945e-07
3.2200139117e+07,1.8525913146e+01,2.5318023358e+00,3.207586e-07
3.2384860316e+07,1.7888752173e+01,2.5280287242e+00,8.519296e-07
3.2609581915e+07,1.8436674497e+01,2.5232898543e+00,9.242258e-07
3.2794303115e+07,1.8157422783e+01,2.5193323410e+00,6.547854e-07
3.3019024714e+07,1.8226643271e+01,2.5146805945e+00,6.906781e-07
3.3203745913e+07,1.8405870514e+01,2.5107405613e+00,5.935711e-07
3.3388467112e+07,1.8360187584e+01,2.5067511234e+00,6.461661e-07
3.3613188713e+07,1.8247017370e+01,2.5020119895e+00,6.235515e-07
3.3797909915e+07,1.8319223943e+01,2.4980007929e+00,7.954415e-07
3.3982631518e+07,1.8174340786e+01,2.4940249405e+00,1.377660e-07
3.4207352721e+07,1.8471742818e+01,2.4894236979e+00,7.638534e-07
3.4392073924e+07,1.8206360511e+01,2.4855945617e+00,8.920984e-07
3.4616795528e+07,1.8462393362e+01,2.4810741408e+00,7.793510e-07
3.4801516730e+07,1.8041452508e+01,2.4773492100e+00,6.921018e-07
3.4986237933e+07,1.8653934284e+01,2.4737301427e+00,6.056583e-07
3.5210959536e+07,1.7944258723e+01,2.4695015646e+00,6.301119e-07
3.5395680739e+07,1.8497171213e+01,2.4661739817e+00,6.214335e-07
3.5580402342e+07,1.8014983453e+01,2.4630312385e+00,7.547956e-07
3.5805123545e+07,1.8867836049e+01,2.4594698704e+00,6.899103e-07
3.5989844748e+07,1.8469672090e+01,2.4567457924e+00,5.989258e-07
3.6214566351e+07,1.8267669032e+01,2.4533109655e+00,9.218525e-07
3.6399287554e+07,1.8491774806e+01,2.4504188817e+00,6.985334e-07
3.6584009157e+07,1.8475937498e+01,2.4472829946e+00,7.545628e-07
3.6808730360e+07,1.8042588819e+01,2.4434276130e+00,8.193723e-07
3.6993451563e+07,1.8414393293e+01,2.4401203043e+00,6.310146e-07
3.7218173166e+07,1.8430144828e+01,2.4359456179e+00,6.479997e-07
3.7402894369e+07,1.8342870364e+01,2.4324491805e+00,5.923909e-07
3.7587615972e+07,1.8362292896e+01,2.4287021635e+00,6.777858e-07
3.7812337175e+07,1.8379999814e+01,2.4239411718e+00,6.612977e-07
3.7997058378e+07,1.8351486764e+01,2.4198794850e+00,1.010829e-06
3.8181779981e+07,1.8219660095e+01,2.4154910517e+00,4.184213e-07
3.8406501184e+07,1.8147675173e+01,2.4098480065e+00,2.366168e-07
3.8591222787e+07,1.8189600203e+01,2.4048406935e+00,8.074001e-07
3.8815943990e+07,1.8268762570e+01,2.3984027055e+00,8.677593e-07
3.9000665193e+07,1.8088555709e+01,2.3927698005e+00,6.499315e-07
3.9185386796e+07,1.8160545572e+01,2.3869499089e+00,5.957415e-07
3.9410107999e+07,1.8225653885e+01,2.3797335011e+00,5.975781e-07
3.9594829202e+07,1.8112896784e+01,2.3737629986e+00,6.661896e-07
3.9819550805e+07,1.8160398675e+01,2.3666255581e+00,6.163824e-07
4.0004272008e+07,1.8266509206e+01,2.3610444553e+00,8.098857e-07
4.0188993611e+07,1.8193147526e+01,2.3558000834e+00,2.382078e-07
4.0413714814e+07,1.8268055917e+01,2.3499492698e+00,2.714146e-07
4.0598436017e+07,1.8515995082e+01,2.3456495248e+00,8.853121e-07
4.0783157619e+07,1.8400162809e+01,2.3419164280e+00,6.543861e-07
4.1007878823e+07,1.8487290784e+01,2.3380208654e+00,6.802949e-07
4.1192600426e+07,1.8324520213e+01,2.3354033150e+00,5.841113e-07
4.1417321629e+07,1.8834584421e+01,2.3329722594e+00,5.968400e-07
4.1602042832e+07,1.8626894263e+01,2.3314086190e+00,6.502589e-07
4.1786764434e+07,1.8256875411e+01,2.3303492398e+00,8.181550e-07
4.2011485638e+07,1.8989388585e+01,2.3296001747e+00,7.828231e-07
4.2196207241e+07,1.8514163293e+01,2.3294295748e+00,2.436792e-07
4.2380928443e+07,1.9162813855e+01,2.3294674880e+00,9.605555e-07
4.2605649647e+07,1.8619558321e+01,2.3299830972e+00,9.870046e-07
4.2790371249e+07,1.9481646058e+01,2.3305963069e+00,6.752359e-07
4.3015092453e+07,1.8659300886e+01,2.3317998299e+00,7.145852e-07
4.3199814055e+07,1.9177291481e+01,2.3329720470e+00,5.919191e-07
4.3384535258e+07,1.8853088070e+01,2.3344967311e+00,6.339002e-07
4.3609256462e+07,1.9133747325e+01,2.3365334309e+00,6.197856e-07
4.3793978064e+07,1.9207787458e+01,2.3385822556e+00,7.781126e-07
4.4018699268e+07,1.9587846015e+01,2.3411559251e+00,7.349618e-07
4.4203420470e+07,1.8261814497e+01,2.3435622952e+00,8.840449e-07
4.4388142073e+07,1.9702954058e+01,2.3461366470e+00,8.932787e-07
4.4612863277e+07,1.9705012205e+01,2.3494616115e+00,7.796676e-07
4.4797584879e+07,1.8783225020e+01,2.3525050278e+00,6.993060e-07
4.4982306082e+07,1.9986868707e+01,2.3556033494e+00,5.823655e-07
4.5207027285e+07,1.8229649557e+01,2.3596912263e+00,6.151726e-07
4.5391748888e+07,1.9551176820e+01,2.3631764175e+00,6.175702e-07
4.5616470092e+07,1.9606660126e+01,2.3675685961e+00,6.021377e-07
4.5801191694e+07,1.9697907698e+01,2.3714716388e+00,7.026813e-07
4.5985912897e+07,1.9083421343e+01,2.3753099724e+00,8.277955e-07
4.6210634100e+07,2.0114920905e+01,2.3802486863e+00,8.945825e-07
4.6395355703e+07,1.8621976650e+01,2.3843019793e+00,6.637990e-07
4.6580076906e+07,2.0036704717e+01,2.3885230985e+00,7.381662e-07
4.6804798509e+07,1.9642626095e+01,2.3935935444e+00,8.703900e-07
4.6989519712e+07,1.9643536072e+01,2.3979449568e+00,6.323325e-07
4.7214240915e+07,1.9642797867e+01,2.4030797910e+00,6.352208e-07
4.7398962518e+07,2.0017129095e+01,2.4074396556e+00,5.820470e-07
4.7583683721e+07,1.8511015169e+01,2.4116598501e+00,6.872946e-07
4.7808405324e+07,2.0133613708e+01,2.4167261626e+00,6.608297e-07
4.7993126527e+07,1.9878466457e+01,2.4206511110e+00,9.248363e-07
4.8217847730e+07,1.8930294670e+01,2.4253153190e+00,8.381975e-07
4.8402569333e+07,1.9888877730e+01,2.4291659319e+00,1.884168e-07
4.8587290536e+07,1.9700004264e+01,2.4328145279e+00,8.415152e-07
4.8812011739e+07,1.9267819305e+01,2.4373795002e+00,8.611960e-07
4.8996733342e+07,2.0163764444e+01,2.4409679072e+00,6.574959e-07
4.9181454545e+07,1.8347684950e+01,2.4446454117e+00,5.994790e-07
4.9406176148e+07,2.0196172022e+01,2.4491113121e+00,6.113802e-07
4.9590897351e+07,1.8269475356e+01,2.4528042192e+00,6.556208e-07
4.9815618554e+07,1.9830352032e+01,2.4572764924e+00,6.153496e-07
5.0000340157e+07,1.9500865384e+01,2.4610190100e+00,7.580059e-07
5.0185061360e+07,1.9870327680e+01,2.4646492978e+00,1.238001e-07
5.0409782963e+07,1.8899533492e+01,2.4691944716e+00,4.347247e-07
5.0594504166e+07,2.0289230496e+01,2.4728030449e+00,8.798124e-07
5.0819225369e+07,1.8637339833e+01,2.4772621172e+00,8.839627e-07
5.1003946972e+07,2.0253975522e+01,2.4808508519e+00,7.268509e-07
5.1188668175e+07,1.9800339815e+01,2.4844999705e+00,6.030755e-07
5.1413389778e+07,1.9845364707e+01,2.4886302412e+00,6.171568e-07
5.1598110981e+07,1.8742439940e+01,2.4919232879e+00,6.147446e-07
5.1782832183e+07,1.9836524616e+01,2.4951570160e+00,7.668594e-07
5.2007553787e+07,1.9869292633e+01,2.4988177006e+00,7.048966e-07
5.2192274989e+07,1.9880801362e+01,2.5016887331e+00,5.436616e-08
5.2416996593e+07,1.9904453594e+01,2.5051954264e+00,1.014047e-06
5.2601717796e+07,1.9681503471e+01,2.5077828757e+00,8.533011e-07
5.2786438998e+07,1.9819231680e+01,2.5103591757e+00,7.092981e-07
5.3011160602e+07,1.9771684386e+01,2.5131310997e+00,7.809977e-07
5.3195881804e+07,1.9569609677e+01,2.5153555832e+00,6.162703e-07
5.3380603007e+07,1.9905690816e+01,2.5172671873e+00,6.215089e-07
5.3605324611e+07,1.9506098732e+01,2.5195385457e+00,5.874559e-07
5.3790045813e+07,1.9707323288e+01,2.5211231255e+00,7.496431e-07
5.4014767417e+07,1.9954489015e+01,2.5230031581e+00,6.938815e-07
5.4199488619e+07,1.9207824159e+01,2.5242621647e+00,1.004640e-06
5.4384209822e+07,1.9834574769e+01,2.5254758530e+00,8.215706e-07
5.4608931426e+07,1.9245845299e+01,2.5266084158e+00,3.085516e-07
5.4793652628e+07,1.9819695304e+01,2.5274875040e+00,7.485830e-07
5.5018374232e+07,1.8609888231e+01,2.5282930324e+00,9.116704e-07
5.5203095434e+07,1.9531423908e+01,2.5288410808e+00,6.246256e-07
5.5387816637e+07,1.9676591913e+01,2.5291863586e+00,6.035910e-07
5.5612538240e+07,1.8654391583e+01,2.5294578530e+00,5.898490e-07
5.5797259443e+07,1.9100948253e+01,2.5295087090e+00,7.191654e-07
5.5981981046e+07,2.0024176728e+01,2.5293692745e+00,9.331345e-07
5.6206702249e+07,1.8930303847e+01,2.5290931151e+00,8.670103e-07
5.6391423452e+07,1.9383254989e+01,2.5287565418e+00,6.797697e-07
5.6616145055e+07,1.9109473322e+01,2.5280867197e+00,4.916121e-07
5.6800866258e+07,1.9581018751e+01,2.5275144878e+00,9.263210e-07
5.6985587861e+07,1.8719056181e+01,2.5267532133e+00,6.297756e-07
5.7210309064e+07,1.9752388302e+01,2.5256978734e+00,6.451616e-07
5.7395030267e+07,1.8489877367e+01,2.5246498061e+00,5.781128e-07
5.7619751870e+07,1.9535329626e+01,2.5231741084e+00,5.853246e-07
5.7804473073e+07,1.9183407891e+01,2.5218583371e+00,6.602407e-07
5.7989194276e+07,1.9197400717e+01,2.5203217035e+00,9.056293e-07
5.8213915879e+07,1.8691466430e+01,2.5183284002e+00,8.338026e-07
5.8398637082e+07,1.9254753578e+01,2.5164972291e+00,3.819036e-07
5.8583358685e+07,1.9154883045e+01,2.5145932131e+00,9.417036e-07
5.8808079888e+07,1.8731822317e+01,2.5120166585e+00,9.171602e-07
5.8992801091e+07,1.8968652494e+01,2.5097707839e+00,6.414444e-07
5.9217522694e+07,1.9157175154e+01,2.5067863145e+00,6.953180e-07
5.9402243897e+07,1.8761882309e+01,2.5041975975e+00,5.987000e-07
5.9586965500e+07,1.8505739527e+01,2.5014574614e+00,6.578164e-07
5.9811686703e+07,1.9097457477e+01,2.4979388657e+00,6.235137e-07
5.9996407906e+07,1.8918989472e+01,2.4948740614e+00,7.910461e-07
6.0181129509e+07,1.8602467473e+01,2.4916849616e+00,7.942144e-08
6.0405850712e+07,1.9094405085e+01,2.4875844759e+00,5.961142e-07
6.0590572315e+07,1.8786352191e+01,2.4840873520e+00,8.946797e-07
6.0815293518e+07,1.8636977031e+01,2.4796067115e+00,8.360878e-07
6.1000014721e+07,1.8758990561e+01,2.4758224116e+00,7.278921e-07
6.1184736323e+07,1.8610999187e+01,2.4719308745e+00,6.054799e-07
6.1409457527e+07,1.8804719405e+01,2.4671337760e+00,6.120717e-07
6.1594179130e+07,1.8684321897e+01,2.4631107864e+00,6.152818e-07
6.1818900333e+07,1.8609724546e+01,2.4581153668e+00,6.008907e-07
6.2003621536e+07,1.8574345997e+01,2.4539221508e+00,7.153282e-07
6.2188343138e+07,1.8763367688e+01,2.4496557193e+00,7.567078e-07
6.2413064342e+07,1.8625128830e+01,2.4444200052e+00,9.466291e-07
6.2597785545e+07,1.8597591534e+01,2.4400962254e+00,8.295227e-07
6.2782507147e+07,1.8594726368e+01,2.4357621585e+00,7.323663e-07
6.3007228351e+07,1.8561002369e+01,2.4305262781e+00,7.978361e-07
6.3191949953e+07,1.8697364524e+01,2.4262661652e+00,6.332916e-07
6.3416671157e+07,1.8603437019e+01,2.4210808157e+00,6.454649e-07
6.3601392359e+07,1.8635840566e+01,2.4168317371e+00,5.950013e-07
6.3786113962e+07,1.8654756317e+01,2.4125937617e+00,6.953657e-07
6.4010835166e+07,1.8670350697e+01,2.4074783146e+00,6.750914e-07
6.4195556768e+07,1.8550274178e+01,2.4033587332e+00,9.402010e-07
6.4380277971e+07,1.8674283666e+01,2.3993368312e+00,5.457375e-07
6.4604999174e+07,1.8740472525e+01,2.3946181877e+00,1.052037e-07
6.4789720777e+07,1.8823200334e+01,2.3908868993e+00,8.078080e-07
6.5014441981e+07,1.8744893094e+01,2.3864997470e+00,8.607305e-07
6.5199163583e+07,1.8690223097e+01,2.3830248699e+00,6.605721e-07
6.5383884786e+07,1.8788142852e+01,2.3796546332e+00,5.985279e-07
6.5608605989e+07,1.8927916039e+01,2.3757120244e+00,6.004283e-07
6.5793327592e+07,1.8629907544e+01,2.3725739729e+00,6.745472e-07
6.6018048796e+07,1.9002491887e+01,2.3689298022e+00,6.271443e-07
6.6202770398e+07,1.8677064742e+01,2.3660836697e+00,7.885736e-07
6.6387491601e+07,1.9056054568e+01,2.3633710031e+00,5.966918e-08
6.6612212804e+07,1.9217977947e+01,2.3603407078e+00,3.794826e-07
6.6796934407e+07,1.8832783671e+01,2.3580201461e+00,9.682499e-07
6.6981655610e+07,1.8776886984e+01,2.3559386018e+00,6.485377e-07
6.7206376813e+07,1.9235194865e+01,2.3536562448e+00,6.840020e-07
6.7391098416e+07,1.9024432606e+01,2.3518926414e+00,5.852373e-07
6.7615819619e+07,1.8851638571e+01,2.3499155918e+00,5.794503e-07
6.7800541222e+07,1.9295435971e+01,2.3484447722e+00,6.227448e-07
6.7985262425e+07,1.9114192598e+01,2.3470169855e+00,8.330990e-07
6.8209983628e+07,1.8865808231e+01,2.3454759460e+00,8.317198e-07
6.8394705231e+07,1.9386302237e+01,2.3443156084e+00,2.684594e-07
6.8619426434e+07,1.8817356280e+01,2.3430989815e+00,9.631090e-07
6.8804148037e+07,1.9599613312e+01,2.3422615599e+00,9.098206e-07
6.8988869240e+07,1.9207463486e+01,2.3416631813e+00,6.671114e-07
6.9213590443e+07,1.9425107745e+01,2.3410406078e+00,7.220440e-07
6.9398312046e+07,1.9508347268e+01,2.3407543266e+00,5.916557e-07
6.9583033249e+07,1.9469663807e+01,2.3405134361e+00,6.425670e-07
6.9807754852e+07,1.9676940260e+01,2.3404589509e+00,6.055396e-07
6.9992476055e+07,1.9198092290e+01,2.3405072451e+00,8.088256e-07
7.0217197258e+07,1.9815227130e+01,2.3408815625e+00,7.303644e-07
7.0401918861e+07,1.9211439418e+01,2.3413796932e+00,9.100443e-07
7.0586640064e+07,1.9692028590e+01,2.3420310397e+00,9.500043e-07
7.0811361667e+07,1.9405493474e+01,2.3430884404e+00,8.335842e-07
7.0996082870e+07,1.9672941778e+01,2.3442055694e+00,7.568106e-07
7.1180804072e+07,1.9883368338e+01,2.3453960484e+00,5.899998e-07
7.1405525676e+07,1.9589150476e+01,2.3470072422e+00,6.091712e-07
7.1590246879e+07,1.9916894341e+01,2.3485334168e+00,6.086744e-07
7.1814968082e+07,1.9950200689e+01,2.3504156784e+00,5.979125e-07
7.1999689685e+07,1.8808307144e+01,2.3521397453e+00,7.218405e-07
7.2184410887e+07,2.0096298905e+01,2.3540631479e+00,8.663864e-07
7.2409132491e+07,1.9523872004e+01,2.3565558948e+00,9.261325e-07
7.2593853693e+07,2.0626843554e+01,2.3588773271e+00,8.001374e-07
7.2818574897e+07,1.8740368826e+01,2.3619008315e+00,1.019348e-07
7.3003296500e+07,2.0545969566e+01,2.3645922122e+00,8.637200e-07
7.3188017702e+07,1.8810015228e+01,2.3674799068e+00,6.201525e-07
7.3412739306e+07,2.0439475281e+01,2.3712082218e+00,6.435575e-07
7.3597460508e+07,1.9384393827e+01,2.3744235191e+00,5.941616e-07
7.3782181711e+07,2.0629486400e+01,2.3778394163e+00,7.071384e-07
7.4006903315e+07,2.0000865272e+01,2.3822439059e+00,6.742370e-07
7.4191624517e+07,2.0838941152e+01,2.3859662603e+00,9.185280e-07
7.4416346121e+07,2.0048145554e+01,2.3908664450e+00,7.940101e-07
7.4601067323e+07,2.0926702819e+01,2.3950518339e+00,6.789180e-08
7.4785788526e+07,2.0578204447e+01,2.3994327674e+00,8.145419e-07
7.5010510130e+07,2.0259909377e+01,2.4051141391e+00,8.664076e-07
7.5195231332e+07,2.1193967054e+01,2.4099004911e+00,6.418348e-07
7.5419952936e+07,1.9782337680e+01,2.4160163601e+00,7.254626e-07
7.5604674138e+07,2.0864613532e+01,2.4212940810e+00,6.075628e-07
7.5789395341e+07,2.1264633788e+01,2.4266426199e+00,6.692492e-07
7.6014116944e+07,1.9903650205e+01,2.4335216220e+00,6.202742e-07
7.6198838147e+07,2.1196179253e+01,2.4392947601e+00,7.754616e-07
7.6383559350e+07,2.0416840601e+01,2.4452722605e+00,4.123086e-09
7.6608280953e+07,2.1347336080e+01,2.4526756439e+00,3.043910e-07
7.6793002156e+07,2.1046364355e+01,2.4590651507e+00,8.828336e-07
7.7017723759e+07,2.1803831217e+01,2.4669404712e+00,8.617987e-07
7.7202444962e+07,1.9863084100e+01,2.4736653387e+00,7.238612e-07
7.7387166165e+07,2.1857432166e+01,2.4804668908e+00,6.100271e-07
7.7611887768e+07,2.0976755700e+01,2.4889970512e+00,6.038900e-07
7.7796608971e+07,2.1463523667e+01,2.4960708602e+00,6.051075e-07
7.7981330574e+07,2.1751973902e+01,2.5033796860e+00,7.623009e-07
7.8206051777e+07,2.1817149737e+01,2.5122325724e+00,7.514925e-07
7.8390772980e+07,2.0321805382e+01,2.5196204092e+00,3.716994e-08
7.8615494583e+07,2.1688793501e+01,2.5288011176e+00,9.725385e-07
7.8800215786e+07,2.1807531926e+01,2.5363447854e+00,8.210079e-07
7.8984937389e+07,1.8888945742e+01,2.5440627311e+00,7.309609e-07
7.9209658592e+07,2.2332458095e+01,2.5535784794e+00,7.804710e-07
7.9394379795e+07,2.1300347824e+01,2.5614581702e+00,5.990749e-07
7.9619101398e+07,2.1728014806e+01,2.5713163030e+00,6.427414e-07
7.9803822601e+07,2.2198044195e+01,2.5794027707e+00,6.012118e-07
7.9988544204e+07,2.1304708509e+01,2.5877004373e+00,7.456714e-07
8.0213265407e+07,2.2168169227e+01,2.5978017712e+00,6.961553e-07
8.0397986610e+07,2.1815319606e+01,2.6062719604e+00,9.405807e-07
8.0582708213e+07,2.2028668201e+01,2.6146524091e+00,8.604936e-07
8.0807429416e+07,2.1751632361e+01,2.6250117887e+00,6.969779e-07
8.0992150619e+07,2.2159541273e+01,2.6334466620e+00,7.797482e-07
8.1216872222e+07,2.1027929553e+01,2.6438379115e+00,9.451077e-07
8.1401593425e+07,2.2474838407e+01,2.6522867584e+00,6.171782e-07
8.1586315027e+07,2.1565659461e+01,2.6608218954e+00,5.818985e-07
8.1811036231e+07,2.2292899068e+01,2.6710534399e+00,5.783581e-07
8.1995757434e+07,1.9594790047e+01,2.6794870350e+00,7.175721e-07
8.2180479036e+07,2.2123323596e+01,2.6878455620e+00,9.381371e-07
8.2405200240e+07,2.2574601453e+01,2.6979109766e+00,9.170337e-07
8.2589921842e+07,2.0685298541e+01,2.7061822422e+00,6.392910e-07
8.2814643046e+07,2.2126159000e+01,2.7162486075e+00,5.927919e-07
8.2999364249e+07,2.2154197888e+01,2.7243972659e+00,9.042549e-07
8.3184085851e+07,2.2034559745e+01,2.7326188050e+00,6.223113e-07
8.3408807055e+07,2.2151312623e+01,2.7423894569e+00,6.570521e-07
8.3593528657e+07,2.2154245149e+01,2.7504898370e+00,5.820766e-07
8.3818249861e+07,2.2277999033e+01,2.7601631373e+00,5.857578e-07
8.4002971064e+07,2.2158566134e+01,2.7681628985e+00,6.678697e-07
8.4187692666e+07,2.2126659478e+01,2.7759872407e+00,9.206315e-07
8.4412413870e+07,2.2007171709e+01,2.7855364885e+00,8.489168e-07
8.4597135472e+07,2.2492739707e+01,2.7932157375e+00,2.083541e-07
8.4781856675e+07,2.1617939979e+01,2.8009709453e+00,9.046336e-07
8.5006577878e+07,2.2289511860e+01,2.8102206261e+00,8.936605e-07
8.5191299481e+07,2.2277017367e+01,2.8178642496e+00,6.512535e-07
8.5416020685e+07,2.2160767516e+01,2.8269086087e+00,7.190999e-07
8.5600742287e+07,2.2085826762e+01,2.8343851138e+00,5.957975e-07
8.5785463490e+07,2.2639785963e+01,2.8417035218e+00,6.624672e-07
8.6010184693e+07,2.2091573057e+01,2.8505862351e+00,6.387263e-07
8.6194906296e+07,1.9710376808e+01,2.8579530095e+00,7.932346e-07
8.6419627500e+07,2.2659883050e+01,2.8670298937e+00,7.395559e-07
8.6604348702e+07,2.2089917964e+01,2.8745099198e+00,6.703043e-07
8.6789070305e+07,2.2658311747e+01,2.8822029702e+00,8.899124e-07
8.7013791508e+07,2.2463353550e+01,2.8916100693e+00,8.969176e-07
8.7198513111e+07,2.2074126177e+01,2.8995730562e+00,7.452250e-07
8.7383234314e+07,2.2902178224e+01,2.9075143664e+00,6.076531e-07
8.7607955517e+07,2.2256131203e+01,2.9173952838e+00,6.097108e-07
8.7792677120e+07,2.2472253746e+01,2.9254933320e+00,6.017332e-07
8.8017398323e+07,2.3021063740e+01,2.9356255634e+00,5.999046e-07
8.8202119926e+07,2.2097219079e+01,2.9439708195e+00,7.244373e-07
8.8386841129e+07,2.2982923362e+01,2.9525262276e+00,5.927770e-07
8.8611562332e+07,2.2738249569e+01,2.9629186798e+00,9.480928e-07
8.8796283935e+07,2.2624942871e+01,2.9716471626e+00,7.272857e-07
8.8981005138e+07,2.2547480334e+01,2.9803385776e+00,7.507895e-07
8.9205726741e+07,2.3009331421e+01,2.9911749201e+00,7.954134e-07
8.9390447944e+07,2.2557733441e+01,3.0001248780e+00,6.158651e-07
8.9615169147e+07,2.2437890419e+01,3.0113128628e+00,6.355733e-07
8.9799890750e+07,2.3004376638e+01,3.0205716459e+00,6.041393e-07
8.9984611953e+07,2.3393942882e+01,3.0299358251e+00,7.387762e-07
9.0209333556e+07,2.2844665770e+01,3.0415150764e+00,6.620851e-07
9.0394054759e+07,2.3048962014e+01,3.0512662772e+00,8.901916e-07
9.0618775962e+07,2.3185072744e+01,3.0632019793e+00,8.261541e-07
9.0803497565e+07,2.3656464422e+01,3.0732881222e+00,1.226227e-07
9.0988218768e+07,2.2984549082e+01,3.0833800222e+00,7.997788e-07
9.1212939971e+07,2.3681761535e+01,3.0958977557e+00,8.823013e-07
9.1397661574e+07,2.2865332582e+01,3.1061769887e+00,6.585870e-07
9.1582382776e+07,2.3641971921e+01,3.1166549133e+00,5.955492e-07
9.1807104380e+07,2.0718615150e+01,3.1294433600e+00,5.896856e-07
9.1991825583e+07,2.3689556838e+01,3.1400613404e+00,6.765992e-07
9.2216546786e+07,2.1268278184e+01,3.1530807414e+00,6.295128e-07
9.2401268389e+07,2.4112595228e+01,3.1638721179e+00,8.206909e-07
9.2585989591e+07,2.1939461937e+01,3.1747275527e+00,2.884367e-07
9.2810711195e+07,2.3924425412e+01,3.1879715675e+00,2.039727e-07
9.2995432398e+07,2.3676119440e+01,3.1990062761e+00,9.386659e-07
9.3180153600e+07,2.3801379666e+01,3.2099979144e+00,6.349767e-07
9.3404875204e+07,2.0610985676e+01,3.2235719170e+00,7.045944e-07
9.3589596406e+07,2.3596582225e+01,3.2348334205e+00,5.900079e-07
9.3814318010e+07,2.3998091008e+01,3.2485844807e+00,5.947061e-07
9.3999039212e+07,2.4455781816e+01,3.2600028594e+00,6.193483e-07
9.4183760415e+07,2.2672592270e+01,3.2716223574e+00,8.975915e-07
9.4408482019e+07,2.4276647989e+01,3.2858719305e+00,8.130449e-07
9.4593203221e+07,2.2690632606e+01,3.2977988130e+00,3.134684e-07
9.4817924825e+07,2.4382561853e+01,3.3123744985e+00,9.530507e-07
9.5002646027e+07,2.2249336553e+01,3.3244721104e+00,9.684984e-07
9.5187367230e+07,2.4632896671e+01,3.3366039003e+00,6.843651e-07
9.5412088834e+07,2.4014566383e+01,3.3515232909e+00,7.631821e-07
9.5596810036e+07,2.4425063344e+01,3.3637862238e+00,5.759004e-07
9.5781531239e+07,2.4452872330e+01,3.3762564882e+00,6.313172e-07
9.6006252842e+07,2.4361754879e+01,3.3914588409e+00,6.073010e-07
9.6190974045e+07,2.4850539387e+01,3.4041557408e+00,8.427483e-07
9.6415695648e+07,2.3903712911e+01,3.4195833700e+00,7.242617e-07
9.6600416851e+07,2.4927333493e+01,3.4323909782e+00,9.290013e-07
9.6785138054e+07,2.4184407232e+01,3.4452109593e+00,9.314989e-07
9.7009859657e+07,2.4637041409e+01,3.4606446730e+00,8.483191e-07
9.7194580860e+07,2.1053141094e+01,3.4732696113e+00,7.752235e-07
9.7419302463e+07,2.4404467671e+01,3.4884825794e+00,8.739032e-07
9.7604023666e+07,2.4673005305e+01,3.5008454048e+00,6.113245e-07
9.7788744869e+07,2.4971438613e+01,3.5131750737e+00,6.144916e-07
9.8013466472e+07,2.3456058146e+01,3.5282288049e+00,5.781318e-07
9.8198187675e+07,2.4781565948e+01,3.5405101870e+00,7.168148e-07
9.8382909278e+07,2.4168393701e+01,3.5527415825e+00,9.075954e-07
9.8607630481e+07,2.4742028456e+01,3.5676485171e+00,9.603313e-07
9.8792351684e+07,2.4450439382e+01,3.5797261441e+00,8.508055e-07
9.9017073287e+07,2.5182211509e+01,3.5943951642e+00,1.161797e-08
9.9201794490e+07,2.1696877285e+01,3.6063001341e+00,8.062407e-07
9.9386516093e+07,2.5023034222e+01,3.6181048973e+00,6.098156e-07
9.9611237296e+07,2.4276468600e+01,3.6324130607e+00,6.311366e-07
9.9795958499e+07,2.4744237543e+01,3.6439826837e+00,5.999836e-07
9.9980680102e+07,2.4266387524e+01,3.6555626108e+00,7.116835e-07
1.0020540130e+08,2.4743759816e+01,3.6694430001e+00,6.777321e-07
1.0039012251e+08,2.4828728174e+01,3.6808415677e+00,9.234916e-07
1.0061484411e+08,2.1103355066e+01,3.6944781118e+00,7.885144e-07
1.0079956531e+08,2.4745153710e+01,3.7055815632e+00,5.952043e-08
1.0098428692e+08,2.3001632767e+01,3.7165529675e+00,8.149294e-07
1.0120900812e+08,2.4689544180e+01,3.7298082654e+00,8.534021e-07
1.0139372932e+08,2.4640637945e+01,3.7404455594e+00,6.576409e-07
1.0161845093e+08,2.4399764223e+01,3.7531792740e+00,7.085046e-07
1.0180317213e+08,2.4023767063e+01,3.7634824449e+00,5.935713e-07
1.0198789373e+08,2.4536212886e+01,3.7734290968e+00,6.617940e-07
1.0221261493e+08,2.3620772481e+01,3.7852120350e+00,6.215829e-07
1.0239733614e+08,2.4360932076e+01,3.7946918607e+00,8.045102e-07
1.0258205774e+08,2.4238230354e+01,3.8038492698e+00,1.196028e-08
1.0280677894e+08,2.4307845523e+01,3.8147678840e+00,3.315234e-07
1.0299150055e+08,2.3748892504e+01,3.8233349859e+00,9.022124e-07
1.0321622175e+08,2.4186676061e+01,3.8334300239e+00,8.771612e-07
1.0340094295e+08,2.0077664207e+01,3.8412810888e+00,7.195585e-07
1.0358566456e+08,2.3953346667e+01,3.8487151220e+00,6.078967e-07
1.0381038576e+08,2.2695833350e+01,3.8570703663e+00,6.078917e-07
1.0399510736e+08,2.3804904154e+01,3.8633984145e+00,6.111975e-07
1.0421982856e+08,2.2288650758e+01,3.8702829868e+00,5.939990e-07
1.0440454977e+08,2.3473946930e+01,3.8751173875e+00,7.760634e-07
1.0458927137e+08,2.2842761217e+01,3.8792615412e+00,8.453608e-07
1.0481399257e+08,2.2448535503e+01,3.8828991803e+00,9.181167e-07
1.0499871378e+08,1.9648243563e+01,3.8844337505e+00,9.037872e-07
1.0518343538e+08,2.0554122849e+01,3.8835056582e+00,7.260774e-07
1.0540815658e+08,2.1325722350e+01,3.8782687594e+00,7.664925e-07
1.0559287819e+08,2.1082650238e+01,3.8785631686e+00,5.989806e-07
1.0581759939e+08,2.3010233137e+01,3.8816298113e+00,6.338473e-07
1.0600232059e+08,2.2973844419e+01,3.8855252841e+00,5.994586e-07
1.0618704219e+08,2.2903938507e+01,3.8904099359e+00,7.781678e-07
1.0641176340e+08,2.3694298266e+01,3.8971718486e+00,6.889849e-07
1.0659648500e+08,2.1456642800e+01,3.9033661912e+00,9.108054e-07
1.0678120620e+08,2.4071684592e+01,3.9099408944e+00,8.992580e-07
1.0700592741e+08,2.3703651375e+01,3.9184239367e+00,7.358986e-07
1.0719064901e+08,2.4423385182e+01,3.9255742252e+00,8.205998e-07
1.0741537021e+08,2.3825575836e+01,3.9346443078e+00,9.044275e-07
1.0760009182e+08,2.4447137913e+01,3.9422355664e+00,6.432280e-07
1.0778481302e+08,2.3805680959e+01,3.9501011556e+00,5.932788e-07
1.0800953422e+08,2.4224922953e+01,3.9598060356e+00,5.699945e-07
1.0819425582e+08,2.4738990081e+01,3.9680031741e+00,6.739672e-07
1.0841897703e+08,2.4293993846e+01,3.9780070721e+00,6.390339e-07
1.0860369863e+08,2.4372921941e+01,3.9863913154e+00,9.449864e-07
1.0878841983e+08,2.5041657166e+01,3.9947600535e+00,5.142643e-07
1.0901314104e+08,2.3624283155e+01,4.0050636416e+00,8.894057e-11
1.0919786264e+08,2.4623547404e+01,4.0136923767e+00,9.108774e-07
1.0938258384e+08,2.5018669213e+01,4.0223332044e+00,6.137595e-07
1.0960730505e+08,2.3466710154e+01,4.0330551814e+00,6.510150e-07
1.0979202665e+08,2.5055985111e+01,4.0419836194e+00,5.805068e-07
1.1001674785e+08,2.4959691066e+01,4.0530207990e+00,5.902277e-07
1.1020146945e+08,2.4718190291e+01,4.0623269223e+00,6.484176e-07
1.1038619066e+08,2.5185106347e+01,4.0716870909e+00,9.580242e-07
1.1061091186e+08,2.5088081834e+01,4.0833293030e+00,8.366276e-07
1.1079563346e+08,2.4771444567e+01,4.0929035686e+00,3.948475e-07
1.1098035467e+08,2.5438762723e+01,4.1026542239e+00,8.267929e-07
1.1120507627e+08,2.5199949669e+01,4.1144992181e+00,9.045910e-07
1.1138979747e+08,2.4981303802e+01,4.1244064251e+00,6.658844e-07
1.1161451867e+08,2.5658254873e+01,4.1364468588e+00,7.178933e-07
1.1179924028e+08,2.5188924816e+01,4.1464873468e+00,5.910959e-07
1.1198396148e+08,2.5057496467e+01,4.1565099810e+00,6.554421e-07
1.1220868308e+08,2.5747202143e+01,4.1689010831e+00,6.160326e-07
1.1239340429e+08,2.5259953350e+01,4.1790611122e+00,7.952051e-07
1.1261812549e+08,2.3581987875e+01,4.1916151043e+00,7.474829e-07
1.1280284709e+08,2.5719673301e+01,4.2019643848e+00,7.353964e-07
1.1298756830e+08,2.5433206399e+01,4.2123091496e+00,8.850105e-07
1.1321228990e+08,2.4877743802e+01,4.2250316526e+00,8.560959e-07
1.1339701110e+08,2.5821782053e+01,4.2354328824e+00,7.281089e-07
1.1358173230e+08,2.2890357554e+01,4.2458848879e+00,6.018180e-07
1.1380645391e+08,2.6148034484e+01,4.2586403119e+00,6.120229e-07
1.1399117511e+08,2.5430637550e+01,4.2690839826e+00,6.214852e-07
1.1421589631e+08,2.5651562815e+01,4.2818777739e+00,6.075589e-07
1.1440061792e+08,2.5615614212e+01,4.2922829988e+00,7.404540e-07
1.1458533912e+08,2.5747732166e+01,4.3027472190e+00,7.390165e-07
1.1481006072e+08,2.5227845430e+01,4.3153656757e+00,9.022146e-07
1.1499478193e+08,2.5832527782e+01,4.3258067068e+00,6.201839e-07
1.1521950313e+08,2.5633131673e+01,4.3383858315e+00,2.843947e-07
1.1540422473e+08,2.5839915824e+01,4.3487758370e+00,7.691182e-07
1.1558894593e+08,2.5533584754e+01,4.3590506108e+00,6.106042e-07
1.1581366754e+08,2.5880835011e+01,4.3716546693e+00,6.495025e-07
1.1599838874e+08,2.5782026637e+01,4.3819509524e+00,6.038582e-07
1.1618310994e+08,2.5402321816e+01,4.3923350624e+00,7.537330e-07
1.1640783155e+08,2.6106342005e+01,4.4049103140e+00,6.745384e-07
1.1659255275e+08,2.6063803040e+01,4.4152344065e+00,8.847606e-07
1.1681727435e+08,2.4835523747e+01,4.4278655588e+00,8.140039e-07
1.1700199556e+08,2.6279956255e+01,4.4381712400e+00,5.175680e-08
1.1718671676e+08,2.2523106167e+01,4.4484591268e+00,7.766462e-07
1.1741143836e+08,2.5981270392e+01,4.4609491797e+00,8.969746e-07
1.1759615956e+08,2.5474243359e+01,4.4711895391e+00,6.538449e-07
1.1778088117e+08,2.6006982214e+01,4.4815198634e+00,6.055996e-07
1.1800560237e+08,2.5525583678e+01,4.4940063507e+00,5.897104e-07
1.1819032357e+08,2.6599788930e+01,4.5043722730e+00,6.394522e-07
1.1841504518e+08,2.4695650262e+01,4.5169660356e+00,6.118551e-07
1.1859976638e+08,2.6384019508e+01,4.5274021233e+00,8.710082e-07
1.1878448758e+08,2.5653275609e+01,4.5378121225e+00,3.500326e-07
1.1900920919e+08,2.6145790781e+01,4.5505782757e+00,5.282762e-07
1.1919393039e+08,2.6029297725e+01,4.5610186456e+00,9.199167e-07
1.1941865199e+08,2.6583464208e+01,4.5738637194e+00,9.217742e-07
1.1960337319e+08,2.5337234003e+01,4.5843590920e+00,6.948707e-07
1.1978809440e+08,2.6761528265e+01,4.5949352819e+00,5.770597e-07
1.2001281600e+08,2.6528912142e+01,4.6077096255e+00,5.971208e-07
1.2019753720e+08,2.5474319113e+01,4.6181849781e+00,6.221327e-07
1.2038225881e+08,2.6367660827e+01,4.6286864436e+00,8.950610e-07
1.2060698001e+08,2.6497242074e+01,4.6413420314e+00,8.073904e-07
1.2079170121e+08,2.5399931571e+01,4.6517490576e+00,6.523262e-07
1.2101642282e+08,2.6929562338e+01,4.6644360487e+00,9.473883e-07
1.2120114402e+08,2.5176451712e+01,4.6747607463e+00,9.402988e-07
1.2138586562e+08,2.6792586619e+01,4.6850802640e+00,7.223311e-07
1.2161058682e+08,2.5707058235e+01,4.6975028323e+00,7.903454e-07
1.2179530803e+08,2.6449606322e+01,4.7077198347e+00,5.900084e-07
1.2198002963e+08,2.4674146111e+01,4.7178354162e+00,6.134678e-07
1.2220475083e+08,2.6614415562e+01,4.7300767731e+00,5.971889e-07
1.2238947244e+08,2.4531086287e+01,4.7400816760e+00,7.771164e-07
1.2261419364e+08,2.6890666181e+01,4.7521089002e+00,7.058342e-07
1.2279891484e+08,2.3737877118e+01,4.7619088990e+00,9.055451e-07
1.2298363644e+08,2.6756725537e+01,4.7716540009e+00,9.433518e-07
1.2320835765e+08,2.5477656266e+01,4.7834454987e+00,8.309177e-07
1.2339307885e+08,2.6391290619e+01,4.7930435957e+00,7.372544e-07
1.2361780045e+08,2.4284600767e+01,4.8046989767e+00,8.186448e-07
1.2380252166e+08,2.6449105765e+01,4.8141668500e+00,6.136528e-07
1.2398724326e+08,2.6390494343e+01,4.8235383334e+00,6.061286e-07
1.2421196446e+08,2.6521448914e+01,4.8349107798e+00,5.983678e-07
1.2439668567e+08,2.5158926459e+01,4.8442867314e+00,7.244992e-07
1.2458140727e+08,2.6541534926e+01,4.8535650197e+00,8.924435e-07
1.2480612847e+08,2.3561304620e+01,4.8648006192e+00,9.648959e-07
1.2499085007e+08,2.6466870817e+01,4.8739431600e+00,1.477889e-07
1.2521557128e+08,2.2635668488e+01,4.8849857181e+00,1.282138e-07
1.2540029248e+08,2.6822417973e+01,4.8940068638e+00,7.614596e-07
1.2558501408e+08,2.4998601399e+01,4.9030187123e+00,6.165930e-07
1.2580973529e+08,2.6523825774e+01,4.9138608676e+00,6.403856e-07
1.2599445689e+08,2.6183834630e+01,4.9227748994e+00,5.862094e-07
1.2621917809e+08,2.6196139201e+01,4.9334081015e+00,6.037751e-07
1.2640389930e+08,2.6172602567e+01,4.9421350101e+00,6.894965e-07
1.2658862090e+08,2.6303175101e+01,4.9506930943e+00,9.051876e-07
1.2681334210e+08,2.6205516333e+01,4.9610854594e+00,8.207080e-07
1.2699806370e+08,2.5828230876e+01,4.9694870442e+00,5.702525e-08
1.2718278491e+08,2.6308737569e+01,4.9779052214e+00,7.789656e-07
1.2740750611e+08,2.5684800730e+01,4.9879962280e+00,8.563262e-07
1.2759222771e+08,2.5757458868e+01,4.9962877904e+00,6.626280e-07
1.2781694892e+08,2.6218734424e+01,5.0062439981e+00,7.004031e-07
1.2800167012e+08,2.6660052892e+01,5.0143899532e+00,6.036481e-07
1.2818639172e+08,2.5662358452e+01,5.0225207132e+00,6.495163e-07
1.2841111293e+08,2.5978898802e+01,5.0324812487e+00,6.126569e-07
1.2859583453e+08,2.6619924397e+01,5.0406081114e+00,7.918903e-07
1.2878055573e+08,2.5865238229e+01,5.0487920950e+00,7.312869e-08
1.2900527693e+08,2.6378634359e+01,5.0586530946e+00,4.166905e-07
1.2918999854e+08,2.6388236256e+01,5.0668419898e+00,9.199786e-07
1.2941471974e+08,2.6340309449e+01,5.0767259144e+00,8.418172e-07
1.2959944134e+08,2.6599863593e+01,5.0849070482e+00,7.045165e-07
1.2978416255e+08,2.5419413295e+01,5.0930142655e+00,5.916712e-07
1.3000888375e+08,2.6555697402e+01,5.1029531609e+00,5.984135e-07
1.3019360535e+08,2.5649339109e+01,5.1110700474e+00,6.143111e-07
1.3041832656e+08,2.6804649004e+01,5.1209894049e+00,6.105738e-07
1.3060304816e+08,2.2696972635e+01,5.1291240233e+00,7.460654e-07
1.3078776936e+08,2.6943066896e+01,5.1372590757e+00,7.780820e-07
1.3101249056e+08,2.6520504861e+01,5.1472281805e+00,9.001782e-07
1.3119721217e+08,2.6440530544e+01,5.1553574163e+00,8.507850e-07
1.3138193337e+08,2.5713293174e+01,5.1636062977e+00,7.251788e-07
1.3160665497e+08,2.6619237101e+01,5.1736353011e+00,7.879211e-07
1.3179137618e+08,2.6996723249e+01,5.1819140457e+00,6.190081e-07
1.3201609738e+08,2.6936974407e+01,5.1920563440e+00,6.367479e-07
1.3220081898e+08,2.5927407861e+01,5.2005105814e+00,5.887162e-07
1.3238554018e+08,2.7200324703e+01,5.2089733098e+00,7.553510e-07
1.3261026139e+08,2.5271748139e+01,5.2193349334e+00,6.678480e-07
1.3279498299e+08,2.6894184393e+01,5.2279070300e+00,9.373611e-07
1.3301970419e+08,2.6322071457e+01,5.2383166585e+00,9.758217e-07
1.3320442580e+08,2.7102606157e+01,5.2469287033e+00,2.952100e-07
1.3338914700e+08,2.4789406119e+01,5.2554964218e+00,7.992931e-07
1.3361386820e+08,2.7365254565e+01,5.2658415401e+00,8.554376e-07
1.3379858981e+08,2.6464870687e+01,5.2743497577e+00,6.494620e-07
1.3398331101e+08,2.7170765783e+01,5.2827148916e+00,5.962598e-07
1.3420803261e+08,2.6189974313e+01,5.2928758399e+00,5.849401e-07
1.3439275380e+08,2.6854950613e+01,5.3011030511e+00,6.656198e-07
1.3461747499e+08,2.7060437222e+01,5.3110930594e+00,6.318454e-07
1.3480219658e+08,2.4921427326e+01,5.3192150104e+00,9.658375e-07
1.3498691777e+08,2.7026059460e+01,5.3273565473e+00,2.730292e-07
1.3521163935e+08,2.6726358592e+01,5.3372413062e+00,5.751866e-07
1.3539636054e+08,2.6401885699e+01,5.3454487073e+00,8.519143e-07
1.3558108213e+08,2.7195287309e+01,5.3535900831e+00,6.459139e-07
1.3580580332e+08,2.7281401902e+01,5.3634057319e+00,6.832622e-07
1.3599052451e+08,2.5488515678e+01,5.3714382265e+00,5.745204e-07
1.3621524609e+08,2.7017468062e+01,5.3810696929e+00,5.864731e-07
1.3639996728e+08,2.6940427772e+01,5.3889101002e+00,6.429940e-07
1.3658468887e+08,2.6274501787e+01,5.3967687536e+00,9.512817e-07
1.3680941006e+08,2.7114362347e+01,5.4061854930e+00,8.059455e-07
1.3699413165e+08,2.6032826479e+01,5.4139309155e+00,5.749715e-07
1.3721885283e+08,2.6694305690e+01,5.4231935155e+00,7.535651e-07
1.3740357402e+08,2.7087850025e+01,5.4307882188e+00,8.908416e-07
1.3758829561e+08,2.6493461890e+01,5.4382235898e+00,6.916347e-07
1.3781301680e+08,2.6720108256e+01,5.4472389767e+00,7.307698e-07
1.3799773839e+08,2.7006761453e+01,5.4544919413e+00,5.994021e-07
1.3818245958e+08,2.6647759509e+01,5.4617419351e+00,6.439407e-07
1.3840718116e+08,2.5833850335e+01,5.4703592639e+00,5.968535e-07
1.3859190235e+08,2.7066880771e+01,5.4773655274e+00,7.664765e-07
1.3881662354e+08,2.4512084337e+01,5.4856765724e+00,7.363736e-07
1.3900134513e+08,2.7075458257e+01,5.4923317900e+00,8.200172e-07
1.3918606632e+08,2.6357623444e+01,5.4988261713e+00,9.807288e-07
1.3941078790e+08,2.5515764636e+01,5.5065923171e+00,6.562842e-08
1.3959550909e+08,2.7048068118e+01,5.5127622935e+00,7.272149e-07
1.3978023068e+08,2.6082177689e+01,5.5188029326e+00,5.926921e-07
1.4000495187e+08,2.5746289120e+01,5.5260227856e+00,6.045840e-07
1.4018967306e+08,2.6924814350e+01,5.5317440761e+00,6.152921e-07
1.4041439464e+08,2.5886605543e+01,5.5385314538e+00,6.087881e-07
1.4059911583e+08,2.6354267911e+01,5.5440253759e+00,7.245085e-07
1.4078383742e+08,2.6288113180e+01,5.5493004591e+00,9.360268e-07
1.4100855861e+08,2.6194887906e+01,5.5556083455e+00,8.763244e-07
1.4119328020e+08,2.5458264729e+01,5.5605644010e+00,1.022003e-07
1.4141800138e+08,2.6422407166e+01,5.5664255848e+00,5.090611e-08
1.4160272257e+08,2.5377437425e+01,5.5709837095e+00,7.723178e-07
1.4178744416e+08,2.6322512862e+01,5.5754249413e+00,6.318938e-07
1.4201216535e+08,2.5518900158e+01,5.5804874823e+00,6.616235e-07
1.4219688694e+08,2.6012900306e+01,5.5844969105e+00,5.937319e-07
1.4238160813e+08,2.3574828618e+01,5.5882633732e+00,6.970293e-07
1.4260632971e+08,2.5670899598e+01,5.5924875416e+00,6.366545e-07
1.4279105090e+08,2.3641681377e+01,5.5956344970e+00,8.420032e-07
1.4301577209e+08,2.5478279063e+01,5.5990572785e+00,8.255557e-07
1.4320049368e+08,2.5213368280e+01,5.6014152312e+00,1.173174e-07
1.4338521487e+08,2.3854811933e+01,5.6033834531e+00,8.097939e-07
1.4360993645e+08,2.5016850342e+01,5.6051795913e+00,9.290125e-07
1.4379465764e+08,2.4405876377e+01,5.6059793394e+00,6.903205e-07
1.4401937923e+08,2.3321594180e+01,5.6060349046e+00,7.275627e-07
1.4420410042e+08,2.3794616130e+01,5.6048854796e+00,6.019051e-07
1.4438882161e+08,2.2039107564e+01,5.6018744127e+00,6.342730e-07
1.4461354319e+08,2.3716735402e+01,5.5965060321e+00,6.021849e-07
1.4479826438e+08,2.2654399636e+01,5.5947722221e+00,8.208709e-07
1.4498298597e+08,2.4705711248e+01,5.5943653097e+00,3.400307e-07
1.4520770716e+08,2.2885530639e+01,5.5949583620e+00,8.957260e-07
1.4539242875e+08,2.4984703307e+01,5.5961435105e+00,9.131270e-07
1.4561714993e+08,2.4834306724e+01,5.5981559678e+00,7.887719e-07
1.4580187112e+08,2.5415999934e+01,5.6002971632e+00,7.337767e-07
1.4598659271e+08,2.4436602053e+01,5.6027228345e+00,5.913999e-07
1.4621131390e+08,2.6150413969e+01,5.6061393792e+00,6.267342e-07
1.4639603549e+08,2.3170681545e+01,5.6092134286e+00,6.079838e-07
1.4658075667e+08,2.6055676645e+01,5.6125457139e+00,8.181378e-07
1.4680547826e+08,2.6336830643e+01,5.6168291122e+00,6.967847e-07
1.4699019945e+08,2.2838466246e+01,5.6206001543e+00,9.307348e-07
1.4721492064e+08,2.6178720425e+01,5.6254097179e+00,9.326982e-07
1.4739964223e+08,2.6106347042e+01,5.6295091198e+00,7.478556e-07
1.4758436342e+08,2.5758807292e+01,5.6338182707e+00,7.535982e-07
1.4780908500e+08,2.6531713130e+01,5.6391840589e+00,8.706903e-07
1.4799380619e+08,2.3348523739e+01,5.6437516002e+00,6.329552e-07
1.4821852778e+08,2.6414896041e+01,5.6494486431e+00,6.732157e-07
1.4840324897e+08,2.5657185437e+01,5.6541881566e+00,5.721637e-07
1.4858797016e+08,2.6589235013e+01,5.6590510248e+00,6.850167e-07
1.4881269174e+08,2.3479125636e+01,5.6650416253e+00,6.372449e-07
1.4899741293e+08,2.7106435123e+01,5.6700537550e+00,9.852946e-07
1.4918213452e+08,2.5562235461e+01,5.6751016816e+00,6.768160e-07
1.4940685571e+08,2.6869294787e+01,5.6813795826e+00,3.399688e-07
1.4959157730e+08,2.6220281870e+01,5.6865540371e+00,8.993037e-07
1.4981629848e+08,2.6700099123e+01,5.6929891299e+00,8.991375e-07
1.5000101967e+08,2.5474321034e+01,5.6982918659e+00,6.563426e-07
1.5018574126e+08,2.6875147253e+01,5.7036966547e+00,5.741994e-07
1.5041046245e+08,2.6714307607e+01,5.7102802503e+00,5.891137e-07
1.5059518404e+08,2.2272590480e+01,5.7157753818e+00,6.387911e-07
1.5081990522e+08,2.6859997877e+01,5.7224859039e+00,6.094392e-07
1.5100462681e+08,2.6982523314e+01,5.7279936175e+00,8.550540e-07
1.5118934800e+08,2.6439282580e+01,5.7336034135e+00,2.016320e-07
1.5141406919e+08,2.7125131068e+01,5.7404468633e+00,6.672592e-07
1.5159879078e+08,2.4339383748e+01,5.7461540706e+00,9.089113e-07
1.5178351196e+08,2.7431431665e+01,5.7518807172e+00,6.681666e-07
1.5200823355e+08,2.6212188459e+01,5.7588796765e+00,7.518279e-07
1.5219295474e+08,2.7490860380e+01,5.7647200718e+00,5.837307e-07
1.5241767633e+08,2.5662952636e+01,5.7718196243e+00,5.949503e-07
1.5260239752e+08,2.7234418482e+01,5.7777255610e+00,6.123982e-07
1.5278711870e+08,2.5202894551e+01,5.7836221235e+00,8.133077e-07
1.5301184029e+08,2.7343796113e+01,5.7908632913e+00,7.379543e-07
1.5319656148e+08,2.6914461645e+01,5.7968002143e+00,6.693303e-07
1.5338128307e+08,2.7616421186e+01,5.8028248007e+00,8.911870e-07
1.5360600426e+08,2.6067190159e+01,5.8101290309e+00,9.513703e-07
1.5379072585e+08,2.7704412830e+01,5.8162128638e+00,7.571171e-07
1.5401544703e+08,2.6988139665e+01,5.8236518044e+00,7.788970e-07
1.5420016822e+08,2.6891272034e+01,5.8298968515e+00,6.066761e-07
1.5438488981e+08,2.7967047111e+01,5.8361605173e+00,6.145347e-07
1.5460961100e+08,2.7654316256e+01,5.8438552465e+00,5.997386e-07
1.5479433259e+08,2.5391582228e+01,5.8502707162e+00,7.201859e-07
1.5501905377e+08,2.7966737288e+01,5.8580636267e+00,6.823889e-07
1.5520377536e+08,2.5705671345e+01,5.8644890209e+00,9.321465e-07
1.5538849655e+08,2.7733864188e+01,5.8709812606e+00,6.013725e-07
1.5561321774e+08,2.7010741944e+01,5.8788554460e+00,2.487587e-08
1.5579793933e+08,2.7646854470e+01,5.8853716712e+00,7.801907e-07
1.5598266051e+08,2.6569100951e+01,5.8918173501e+00,6.074838e-07
1.5620738210e+08,2.8077777462e+01,5.8996992110e+00,6.670214e-07
1.5639210329e+08,2.6327631272e+01,5.9061943484e+00,6.088055e-07
1.5661682488e+08,2.8044820708e+01,5.9140762470e+00,6.020272e-07
1.5680154607e+08,2.4606904916e+01,5.9205861287e+00,6.715115e-07
1.5698626725e+08,2.7887966377e+01,5.9271177400e+00,8.803240e-07
1.5721098884e+08,2.5708573644e+01,5.9350781239e+00,8.031180e-07
1.5739571003e+08,2.7834639603e+01,5.9416301826e+00,4.746538e-08
1.5758043162e+08,2.7429981937e+01,5.9482716817e+00,7.886138e-07
1.5780515281e+08,2.8397132213e+01,5.9563568450e+00,8.885793e-07
1.5798987439e+08,2.7427322275e+01,5.9630207056e+00,6.803809e-07
1.5821459558e+08,2.5014175922e+01,5.9711664408e+00,7.187486e-07
1.5839931677e+08,2.8126622935e+01,5.9778679725e+00,5.904680e-07
1.5858403836e+08,2.7925420436e+01,5.9845287276e+00,6.307096e-07
1.5880875955e+08,2.4537483655e+01,5.9926956955e+00,6.208215e-07
1.5899348114e+08,2.8226885721e+01,5.9994518889e+00,7.981001e-07
1.5921820232e+08,2.5184309094e+01,6.0077322746e+00,7.757364e-07
1.5940292391e+08,2.8518237748e+01,6.0145861492e+00,8.415840e-07
1.5958764510e+08,2.4303003226e+01,6.0214569599e+00,9.332555e-07
1.5981236629e+08,2.8206695872e+01,6.0298594059e+00,8.456228e-07
1.5999708788e+08,2.7853987998e+01,6.0368096441e+00,7.229017e-07
1.6018180906e+08,2.8043280990e+01,6.0437311028e+00,5.956748e-07
1.6040653065e+08,2.8044977444e+01,6.0522654676e+00,6.265600e-07
1.6059125184e+08,2.8324475638e+01,6.0592606737e+00,6.153626e-07
1.6081597343e+08,2.7732651843e+01,6.0678699257e+00,5.860363e-07
1.6100069462e+08,2.8394381209e+01,6.0749163310e+00,7.435439e-07
1.6118541580e+08,2.8335745471e+01,6.0820631137e+00,8.423007e-07
1.6141013739e+08,2.7369774855e+01,6.0907423911e+00,9.099992e-07
1.6159485858e+08,2.8853976570e+01,6.0979515731e+00,8.692045e-07
1.6181958017e+08,2.8560905572e+01,6.1067261956e+00,1.708491e-07
1.6200430136e+08,2.8126655322e+01,6.1139960314e+00,8.213902e-07
1.6218902294e+08,2.7302320228e+01,6.1213361516e+00,6.181279e-07
1.6241374413e+08,2.8455222174e+01,6.1302959140e+00,6.531169e-07
1.6259846532e+08,2.8615995511e+01,6.1376587793e+00,5.861504e-07
1.6278318691e+08,2.8612095679e+01,6.1451120836e+00,7.252490e-07
1.6300790810e+08,2.8526628952e+01,6.1541255666e+00,6.672899e-07
1.6319262968e+08,2.8418358543e+01,6.1615989965e+00,9.199307e-07
1.6341735087e+08,2.8902529630e+01,6.1706193847e+00,9.256089e-07
1.6360207246e+08,2.8361003306e+01,6.1780798712e+00,4.429266e-07
1.6378679365e+08,2.8473685170e+01,6.1854634527e+00,8.749257e-07
1.6401151484e+08,2.8823551174e+01,6.1945142710e+00,9.263244e-07
1.6419623642e+08,2.7636885279e+01,6.2019223173e+00,6.565261e-07
1.6438095761e+08,2.9044062738e+01,6.2093803596e+00,5.795634e-07
1.6460567920e+08,2.7692814659e+01,6.2183817838e+00,5.740950e-07
1.6479040039e+08,2.9135516807e+01,6.2258108175e+00,6.498679e-07
1.6501512198e+08,2.8433260064e+01,6.2348342578e+00,6.117176e-07
1.6519984317e+08,2.8550447127e+01,6.2421902634e+00,9.213220e-07
1.6538456435e+08,2.8921788208e+01,6.2495985959e+00,5.553942e-07
1.6560928594e+08,2.8968473613e+01,6.2585190548e+00,8.309173e-07
1.6579400713e+08,2.8498645814e+01,6.2658241491e+00,8.958246e-07
1.6601872872e+08,2.6026279791e+01,6.2746639503e+00,9.411008e-07
1.6620344991e+08,2.8665873152e+01,6.2818703375e+00,7.147852e-07
1.6638817149e+08,2.8844304255e+01,6.2889807611e+00,5.856577e-07
1.6661289268e+08,2.7762920251e+01,6.2976370753e+00,6.001395e-07
1.6679761387e+08,2.8759991735e+01,6.3046841225e+00,6.318015e-07
1.6698233546e+08,2.8029738691e+01,6.3116896795e+00,8.794590e-07
1.6720705665e+08,2.9157038765e+01,6.3202052243e+00,7.705261e-07
1.6739177823e+08,2.6328226737e+01,6.3271437877e+00,8.109200e-07
1.6761649942e+08,2.8957393658e+01,6.3355762331e+00,9.193509e-07
1.6780122101e+08,2.8389181982e+01,6.3425154809e+00,9.707275e-07
1.6798594220e+08,2.8715323317e+01,6.3493749715e+00,7.339152e-07
1.6821066339e+08,2.8503314723e+01,6.3577604703e+00,7.804056e-07
1.6839538497e+08,2.8724525001e+01,6.3645840554e+00,5.976274e-07
1.6858010616e+08,2.8845528009e+01,6.3714486757e+00,6.105886e-07
1.6880482775e+08,2.7913122798e+01,6.3797080671e+00,5.976360e-07
1.6898954894e+08,2.8819710896e+01,6.3865030201e+00,7.547038e-07
1.6921427053e+08,2.7109241599e+01,6.3947190179e+00,7.018395e-07
1.6939899171e+08,2.9003473754e+01,6.4014257144e+00,9.466604e-07
1.6958371290e+08,2.8490126031e+01,6.4081136092e+00,9.472941e-07
1.6980843449e+08,2.5928256454e+01,6.4162932662e+00,1.910852e-07
1.6999315568e+08,2.8837673814e+01,6.4230001690e+00,7.696190e-07
1.7021787727e+08,2.8761304347e+01,6.4311552469e+00,8.270404e-07
1.7040259845e+08,2.7466121031e+01,6.4379288309e+00,6.318914e-07
1.7058732004e+08,2.8933549815e+01,6.4447165251e+00,6.086896e-07
1.7081204123e+08,2.8688622527e+01,6.4530268594e+00,5.974921e-07
1.7099676242e+08,2.9089109271e+01,6.4599553306e+00,6.843968e-07
1.7118148401e+08,2.8801001571e+01,6.4668563612e+00,9.194307e-07
1.7140620520e+08,2.9165407071e+01,6.4753696753e+00,8.317844e-07
1.7159092678e+08,2.7586538478e+01,6.4823534304e+00,3.105844e-08
1.7181564797e+08,2.9179871031e+01,6.4909403542e+00,1.710552e-07
1.7200036956e+08,2.8154686343e+01,6.4980206450e+00,8.466046e-07
1.7218509075e+08,2.9264414356e+01,6.5051888329e+00,6.521209e-07
1.7240981194e+08,2.8044260967e+01,6.5139193268e+00,6.905545e-07
1.7259453352e+08,2.9737397532e+01,6.5211707411e+00,6.030809e-07
1.7281925471e+08,2.9048003230e+01,6.5300348738e+00,6.077971e-07
1.7300397630e+08,2.9152963753e+01,6.5372801359e+00,6.304687e-07
1.7318869749e+08,2.8838534411e+01,6.5445952596e+00,8.113788e-07
1.7341341908e+08,2.9385988784e+01,6.5534502295e+00,7.445473e-07
1.7359814026e+08,2.9169178707e+01,6.5607208173e+00,1.655991e-07
1.7378286145e+08,2.8979648656e+01,6.5680645668e+00,8.783396e-07
1.7400758304e+08,2.9415944429e+01,6.5769733329e+00,8.689497e-07
1.7419230423e+08,2.8532566219e+01,6.5843200426e+00,7.161974e-07
1.7441702582e+08,2.9327514036e+01,6.5933389904e+00,7.612202e-07
1.7460174700e+08,2.9550135224e+01,6.6007372676e+00,6.051461e-07
1.7478646859e+08,2.7808142362e+01,6.6081973872e+00,6.102738e-07
1.7501118978e+08,2.9733730310e+01,6.6173159115e+00,6.030518e-07
1.7519591097e+08,2.8429577322e+01,6.6248368041e+00,7.873118e-07
1.7538063256e+08,2.9850833669e+01,6.6323542535e+00,7.725667e-07
1.7560535374e+08,2.9162707285e+01,6.6416151440e+00,9.382595e-07
1.7579007533e+08,2.9992909709e+01,6.6492247863e+00,8.208061e-07
1.7601479652e+08,2.8499239060e+01,6.6585958751e+00,5.231644e-07
1.7619951811e+08,2.9801827787e+01,6.6662951644e+00,7.905917e-07
1.7638423930e+08,2.9881055999e+01,6.6740692343e+00,6.126433e-07
1.7660896049e+08,2.9650828365e+01,6.6835100600e+00,6.365615e-07
1.7679368207e+08,2.9885563869e+01,6.6913657316e+00,5.939966e-07
1.7701840326e+08,3.0251888381e+01,6.7008918367e+00,5.847565e-07
1.7720312485e+08,2.8580500674e+01,6.7087876191e+00,6.717639e-07
1.7738784604e+08,3.0207354073e+01,6.7166535026e+00,9.145517e-07
1.7761256763e+08,3.0016068263e+01,6.7262311549e+00,8.601813e-07
1.7779728881e+08,2.9557514484e+01,6.7341597151e+00,5.707375e-07
1.7798201000e+08,3.0327157849e+01,6.7420543942e+00,8.188049e-07
1.7820673159e+08,2.9168323539e+01,6.7516991736e+00,9.449878e-07
1.7839145278e+08,2.9887993863e+01,6.7596842950e+00,6.300191e-07
1.7861617437e+08,3.0175168053e+01,6.7693571208e+00,6.823966e-07
1.7880089555e+08,2.9710598889e+01,6.7773615472e+00,5.734382e-07
1.7898561714e+08,2.9944920175e+01,6.7853035621e+00,6.755100e-07
1.7921033833e+08,3.0319459837e+01,6.7950168384e+00,6.327856e-07
1.7939505952e+08,2.9825589502e+01,6.8029311820e+00,9.492787e-07
1.7961978111e+08,2.9901053061e+01,6.8126278530e+00,8.354084e-07
1.7980450229e+08,3.0426828345e+01,6.8205370347e+00,4.961357e-07
1.7998922388e+08,2.9676790521e+01,6.8285039162e+00,9.643385e-07
1.8021394507e+08,3.0030165246e+01,6.8381260133e+00,9.466396e-07
1.8039866666e+08,3.0339693316e+01,6.8460875475e+00,7.010732e-07
1.8058338785e+08,2.9786134957e+01,6.8539897352e+00,5.844813e-07
1.8080810903e+08,3.0168092291e+01,6.8636658917e+00,5.834532e-07
1.8099283062e+08,3.0371424751e+01,6.8715512275e+00,6.158763e-07
1.8121755181e+08,2.9643017522e+01,6.8811440466e+00,5.974015e-07
1.8140227340e+08,3.0422545575e+01,6.8890784531e+00,8.071478e-07
1.8158699459e+08,3.0252838753e+01,6.8969669093e+00,6.764202e-07
1.8181171617e+08,2.9074804675e+01,6.9066328128e+00,9.461500e-07
1.8199643736e+08,3.0789244532e+01,6.9145497683e+00,9.360339e-07
1.8218115855e+08,2.9583739489e+01,6.9224585045e+00,6.818600e-07
1.8240588014e+08,3.0467053643e+01,6.9321491742e+00,7.809584e-07
1.8259060133e+08,3.0267161396e+01,6.9400784772e+00,5.919384e-07
1.8281532292e+08,3.0416541472e+01,6.9498128289e+00,6.119401e-07
1.8300004410e+08,2.9885634656e+01,6.9577981539e+00,6.089896e-07
1.8318476569e+08,3.0544555699e+01,6.9658573200e+00,7.618587e-07
1.8340948688e+08,3.0359704490e+01,6.9756292304e+00,7.021540e-07
1.8359420807e+08,3.0641413383e+01,6.9837271996e+00,8.413160e-07
1.8381892966e+08,3.0495945491e+01,6.9935346395e+00,9.258192e-07
1.8400365084e+08,3.0707525174e+01,7.0016637427e+00,5.801204e-07
1.8418837243e+08,3.0087170555e+01,7.0097407782e+00,8.141186e-07
1.8441309362e+08,3.0452773792e+01,7.0196013351e+00,8.142756e-07
1.8459781521e+08,3.0866296210e+01,7.0276398976e+00,6.221885e-07
1.8478253640e+08,2.9630407960e+01,7.0356700701e+00,6.014105e-07
1.8500725758e+08,3.0242959364e+01,7.0454480873e+00,5.995687e-07
1.8519197917e+08,3.1072133145e+01,7.0534120045e+00,7.053384e-07
1.8541670036e+08,2.9099566031e+01,7.0631241023e+00,6.663673e-07
1.8560142195e+08,3.0724191830e+01,7.0710731930e+00,8.727138e-07
1.8578614314e+08,2.9851264722e+01,7.0790155468e+00,1.169374e-07
1.8601086472e+08,3.0664513200e+01,7.0887133250e+00,1.200282e-07
1.8619558591e+08,3.0497714957e+01,7.0966412826e+00,8.097012e-07
1.8638030710e+08,3.1024971006e+01,7.1046358994e+00,6.293117e-07
1.8660502869e+08,2.9712321172e+01,7.1142998909e+00,6.901009e-07
1.8678974988e+08,3.1132343814e+01,7.1222813658e+00,6.046887e-07
1.8701447146e+08,3.0200651413e+01,7.1319334578e+00,6.054759e-07
1.8719919265e+08,3.0682194368e+01,7.1399128510e+00,6.486345e-07
1.8738391424e+08,3.0896498869e+01,7.1478438882e+00,7.978264e-07
1.8760863543e+08,3.0822841375e+01,7.1575504753e+00,7.582951e-07
1.8779335662e+08,3.0312174486e+01,7.1654824479e+00,3.463319e-08
1.8801807821e+08,3.1349419734e+01,7.1751948747e+00,8.714210e-07
1.8820279939e+08,3.0626786143e+01,7.1831608410e+00,9.354289e-07
1.8838752098e+08,3.0335210490e+01,7.1912107718e+00,6.967890e-07
1.8861224217e+08,3.1396643602e+01,7.2010196172e+00,7.320954e-07
1.8879696376e+08,3.0925848046e+01,7.2091024818e+00,6.111752e-07
1.8898168495e+08,2.8744548199e+01,7.2172564967e+00,6.291904e-07
1.8920640653e+08,3.1541954782e+01,7.2272458780e+00,6.076664e-07
1.8939112772e+08,3.0199565940e+01,7.2354483745e+00,7.604678e-07
1.8961584891e+08,3.1448094115e+01,7.2455014114e+00,7.266119e-07
1.8980057050e+08,3.0743041451e+01,7.2537545950e+00,9.620445e-07
1.8998529169e+08,3.1167481228e+01,7.2620766482e+00,9.194502e-07
1.9021001327e+08,3.0891426579e+01,7.2721624282e+00,5.044269e-07
1.9039473446e+08,3.1309726800e+01,7.2805076044e+00,7.559758e-07
1.9061945605e+08,2.9344189674e+01,7.2906325913e+00,8.327160e-07
1.9080417724e+08,3.1761271540e+01,7.2990068609e+00,6.221570e-07
1.9098889843e+08,3.0208889413e+01,7.3073749783e+00,5.866708e-07
1.9121362001e+08,3.1650263423e+01,7.3176210232e+00,5.939497e-07
1.9139834120e+08,3.0001895630e+01,7.3260121377e+00,7.299870e-07
1.9158306279e+08,3.1461148552e+01,7.3344211605e+00,9.439535e-07
1.9180778398e+08,3.0066670059e+01,7.3446222776e+00,8.643036e-07
1.9199250517e+08,3.1485421114e+01,7.3529725889e+00,6.860248e-07
1.9221722675e+08,3.1291526229e+01,7.3631040658e+00,2.988824e-07
1.9240194794e+08,3.0697910023e+01,7.3714352707e+00,8.806871e-07
1.9258666953e+08,3.1042489975e+01,7.3797885666e+00,6.239661e-07
1.9281139072e+08,3.1589087653e+01,7.3899096726e+00,6.601999e-07
1.9299611231e+08,2.9420009759e+01,7.3982426245e+00,5.900635e-07
1.9318083350e+08,3.1515855126e+01,7.4066167906e+00,6.998264e-07
1.9340555508e+08,3.0662836853e+01,7.4168140445e+00,6.226099e-07
1.9359027627e+08,3.1897553410e+01,7.4252367624e+00,8.652141e-07
1.9381499746e+08,3.0636167475e+01,7.4354346866e+00,8.787402e-07
1.9399971905e+08,3.2028316152e+01,7.4438392405e+00,4.194934e-07
1.9418444024e+08,3.0341680428e+01,7.4522412432e+00,9.527591e-07
1.9440916182e+08,3.1713520615e+01,7.4624495448e+00,9.788008e-07
1.9459388301e+08,3.1140091928e+01,7.4708946837e+00,6.556982e-07
1.9481860460e+08,3.1819144973e+01,7.4811468380e+00,7.258544e-07
1.9500332579e+08,3.0547400507e+01,7.4896122529e+00,5.747308e-07
1.9518804698e+08,3.1872308696e+01,7.4980589534e+00,6.456105e-07
1.9541276856e+08,3.1649575398e+01,7.5084079906e+00,6.046023e-07
1.9559748975e+08,3.1363872452e+01,7.5169163174e+00,8.561642e-07
1.9578221134e+08,3.1691580445e+01,7.5255177526e+00,8.763273e-08
1.9600693253e+08,3.1931739254e+01,7.5359581017e+00,8.815594e-07
1.9619165412e+08,3.2085094149e+01,7.5445482655e+00,9.510249e-07
1.9641637530e+08,2.8362225344e+01,7.5550415268e+00,9.595965e-07
1.9660109649e+08,3.1880227400e+01,7.5636948163e+00,7.468891e-07
1.9678581808e+08,3.2306141400e+01,7.5723313998e+00,5.930758e-07
1.9701053927e+08,3.1265307688e+01,7.5829253063e+00,6.023481e-07
1.9719526086e+08,3.2234968075e+01,7.5916167149e+00,6.062677e-07
1.9741998204e+08,3.0487792306e+01,7.6022514304e+00,5.867622e-07
1.9760470363e+08,3.2161430277e+01,7.6109830948e+00,7.193813e-07
1.9778942482e+08,3.1868593621e+01,7.6197724089e+00,9.029573e-07
1.9801414601e+08,3.2135592780e+01,7.6304455211e+00,9.487961e-07
1.9819886760e+08,3.2152692018e+01,7.6393070070e+00,8.672430e-07
1.9838358879e+08,3.2040894821e+01,7.6481500045e+00,7.537970e-07
1.9860831037e+08,3.2280868186e+01,7.6590053752e+00,8.481679e-07
1.9879303156e+08,3.2082716274e+01,7.6679059206e+00,6.109093e-07
1.9901775315e+08,3.2859541648e+01,7.6788210464e+00,6.484987e-07
1.9920247434e+08,3.1080929251e+01,7.6878204122e+00,6.044001e-07
1.9938719553e+08,3.2589765869e+01,7.6968217526e+00,7.251704e-07
1.9961191711e+08,3.1928623560e+01,7.7078264433e+00,6.761133e-07
1.9979663830e+08,3.2479135261e+01,7.7168248187e+00,9.215551e-07
2.0000000029e+08,3.1810945240e+01,7.7267289716e+00,6.244021e-07
2.0020608108e+08,2.9943779108e+01,7.7367696749e+00,9.808763e-08
2.0039080267e+08,3.2327907420e+01,7.7457528741e+00,8.336408e-07
2.0061552385e+08,3.2781980327e+01,7.7566329932e+00,8.535276e-07
2.0080024504e+08,2.8857773579e+01,7.7656055013e+00,6.434572e-07
2.0098496663e+08,3.2633662438e+01,7.7746176265e+00,5.819234e-07
2.0120968782e+08,3.2650808070e+01,7.7856280398e+00,6.036162e-07
2.0139440941e+08,3.2442890875e+01,7.7947844796e+00,6.633866e-07
2.0161913059e+08,3.2192972883e+01,7.8059289200e+00,6.311896e-07
2.0180385218e+08,3.3265037164e+01,7.8151905673e+00,7.634217e-07
2.0198857337e+08,3.1663036017e+01,7.8245103881e+00,1.651515e-08
2.0221329456e+08,3.3132296047e+01,7.8359047504e+00,3.962076e-07
2.0239801615e+08,3.1428269509e+01,7.8453752795e+00,8.851166e-07
2.0258273734e+08,3.3147085982e+01,7.8548805429e+00,6.703729e-07
2.0280745892e+08,3.2450986766e+01,7.8665570408e+00,7.348566e-07
2.0299218011e+08,3.2912196718e+01,7.8761748342e+00,6.092094e-07
2.0321690170e+08,3.3235068957e+01,7.8879864101e+00,6.147872e-07
2.0340162289e+08,3.2514487071e+01,7.8976881274e+00,5.961431e-07
2.0358634408e+08,3.3060554024e+01,7.9074473663e+00,7.558284e-07
2.0381106566e+08,3.3353277589e+01,7.9192651562e+00,7.328174e-07
2.0399578685e+08,3.2249328704e+01,7.9289654423e+00,6.530639e-07
2.0418050844e+08,3.3000485367e+01,7.9386671173e+00,9.298735e-07
2.0440522963e+08,3.3467495367e+01,7.9503828474e+00,6.627745e-07
2.0458995122e+08,3.1637676886e+01,7.9599915683e+00,7.493938e-07
2.0481467240e+08,3.2926796542e+01,7.9716805469e+00,7.860462e-07
2.0499939359e+08,3.3595317995e+01,7.9812082301e+00,6.087792e-07
2.0518411518e+08,3.1036415745e+01,7.9907361414e+00,6.028848e-07
2.0540883637e+08,3.3292750283e+01,8.0022668363e+00,6.002732e-07
2.0559355796e+08,3.3253665580e+01,8.0117561346e+00,7.085992e-07
2.0581827914e+08,3.3028950185e+01,8.0232232599e+00,6.646184e-07
2.0600300073e+08,3.3313836928e+01,8.0326743653e+00,8.423684e-07
2.0618772192e+08,3.3208912778e+01,8.0420541694e+00,6.454869e-07
2.0641244311e+08,3.3005942582e+01,8.0535006440e+00,3.317134e-07
2.0659716470e+08,3.3212556354e+01,8.0628485172e+00,8.295292e-07
2.0678188589e+08,3.3403423910e+01,8.0722348027e+00,6.224651e-07
2.0700660747e+08,3.0345387179e+01,8.0836361206e+00,6.518680e-07
2.0719132866e+08,3.3815594472e+01,8.0929784105e+00,5.858185e-07
2.0741605025e+08,3.1931622108e+01,8.1043203034e+00,5.846091e-07
2.0760077144e+08,3.3407024139e+01,8.1136501972e+00,6.534415e-07
2.0778549263e+08,3.3555387501e+01,8.1229189342e+00,8.874891e-07
2.0801021421e+08,3.2057907531e+01,8.1342271943e+00,8.302224e-07
2.0819493540e+08,3.3636476708e+01,8.1434835505e+00,3.032889e-07
2.0841965699e+08,3.3605578427e+01,8.1547337356e+00,4.439534e-07
2.0860437818e+08,3.2176058828e+01,8.1640104618e+00,9.921601e-07
2.0878909977e+08,3.3846222780e+01,8.1732702357e+00,6.647564e-07
2.0901382095e+08,3.3296027783e+01,8.1845286281e+00,7.082524e-07
2.0919854214e+08,3.3393496576e+01,8.1938108018e+00,5.859088e-07
2.0938326373e+08,3.2853188570e+01,8.2030383939e+00,6.646131e-07
2.0960798492e+08,3.3745424144e+01,8.2143096877e+00,6.192486e-07
2.0979270651e+08,2.9561840172e+01,8.2235735378e+00,8.380870e-07
2.1001742769e+08,3.4035685590e+01,8.2348700467e+00,7.920969e-07
2.1020214928e+08,3.2593367692e+01,8.2441449086e+00,9.055301e-07
2.1038687047e+08,3.3963160779e+01,8.2534737320e+00,9.854023e-07
2.1061159166e+08,3.2083871815e+01,8.2648288347e+00,9.583546e-07
2.1079631325e+08,3.3694802386e+01,8.2741696323e+00,6.956987e-07
2.1098103444e+08,3.3367719784e+01,8.2835743506e+00,5.700572e-07
2.1120575602e+08,3.4015336146e+01,8.2950151432e+00,5.942076e-07
2.1139047721e+08,3.2779264732e+01,8.3044478696e+00,6.274130e-07
2.1161519880e+08,3.3796336913e+01,8.3159644761e+00,6.009683e-07
2.1179991999e+08,3.3897225532e+01,8.3253919839e+00,7.623009e-07
2.1198464118e+08,3.2407896279e+01,8.3348452978e+00,7.975782e-07
2.1220936276e+08,3.4409061015e+01,8.3463236770e+00,9.189436e-07
2.1239408395e+08,3.3704489987e+01,8.3557562728e+00,9.271016e-07
2.1261880554e+08,3.2603692895e+01,8.3672941444e+00,3.082087e-07
2.1280352673e+08,3.4390257728e+01,8.3767637896e+00,8.081700e-07
2.1298824832e+08,3.0249154867e+01,8.3862604851e+00,6.085942e-07
2.1321296950e+08,3.4251941224e+01,8.3978494139e+00,6.250185e-07
2.1339769069e+08,3.3472441903e+01,8.4074315961e+00,5.910022e-07
2.1358241228e+08,3.4210714026e+01,8.4170060965e+00,7.130732e-07
2.1380713347e+08,2.9469979635e+01,8.4287058700e+00,6.903936e-07
2.1399185506e+08,3.4256161924e+01,8.4383472216e+00,9.291252e-07
2.1421657624e+08,3.1552374744e+01,8.4501139548e+00,8.806614e-07
2.1440129783e+08,3.4681451552e+01,8.4598208644e+00,2.215793e-07
2.1458601902e+08,3.3476464788e+01,8.4695591931e+00,8.337846e-07
2.1481074021e+08,3.4446858226e+01,8.4813606163e+00,8.318681e-07
2.1499546180e+08,3.2605054615e+01,8.4910559827e+00,6.299542e-07
2.1518018299e+08,3.4198377735e+01,8.5007639879e+00,5.977720e-07
2.1540490457e+08,3.4560817164e+01,8.5125208655e+00,6.021304e-07
2.1558962576e+08,3.3136779191e+01,8.5222152035e+00,6.840259e-07
2.1581434735e+08,3.4377454197e+01,8.5339810825e+00,6.270410e-07
2.1599906854e+08,3.3973059625e+01,8.5436448537e+00,8.042243e-07
2.1618378973e+08,3.4117639089e+01,8.5533602243e+00,1.144197e-07
2.1640851131e+08,3.4488849246e+01,8.5651354219e+00,3.551944e-07
2.1659323250e+08,3.2871960688e+01,8.5748339441e+00,8.533881e-07
2.1681795409e+08,3.4574786188e+01,8.5865870439e+00,9.018387e-07
2.1700267528e+08,3.3721785212e+01,8.5962449842e+00,7.005085e-07
2.1718739687e+08,3.4667314293e+01,8.6058332499e+00,6.011279e-07
2.1741211805e+08,3.3396266061e+01,8.6174783369e+00,6.048170e-07
2.1759683924e+08,3.4833997160e+01,8.6269647184e+00,6.230648e-07
2.1778156083e+08,3.1863704618e+01,8.6364186353e+00,7.615747e-07
2.1800628202e+08,3.4451746566e+01,8.6478682048e+00,7.376714e-07
2.1819100361e+08,3.3444615347e+01,8.6572323963e+00,3.951078e-07
2.1841572479e+08,3.4558845031e+01,8.6685397312e+00,9.496039e-07
2.1860044638e+08,3.1937084054e+01,8.6778109955e+00,8.284456e-07
2.1878516757e+08,3.4752380763e+01,8.6870415341e+00,7.311359e-07
2.1900988876e+08,3.4333961276e+01,8.6981921744e+00,7.677122e-07
2.1919461035e+08,3.2314231342e+01,8.7073433191e+00,6.233822e-07
2.1941933153e+08,3.4811150246e+01,8.7184397371e+00,6.307270e-07
2.1960405312e+08,3.3927721365e+01,8.7274937925e+00,5.916359e-07
2.1978877431e+08,3.4542076873e+01,8.7365563770e+00,7.235669e-07
2.2001349590e+08,3.4613883456e+01,8.7474777375e+00,6.736219e-07
2.2019821709e+08,3.2871441104e+01,8.7564483499e+00,9.708794e-07
2.2038293828e+08,3.4871711775e+01,8.7653593281e+00,8.482727e-07
2.2060765986e+08,3.2613504315e+01,8.7761853463e+00,3.290815e-07
2.2079238105e+08,3.4467363321e+01,8.7850305515e+00,7.771632e-07
2.2101710264e+08,3.4100988190e+01,8.7957894291e+00,8.827462e-07
2.2120182383e+08,3.4370638964e+01,8.8045792885e+00,6.477254e-07
2.2138654542e+08,3.2814559717e+01,8.8133928080e+00,5.995273e-07
2.2161126660e+08,3.4774796767e+01,8.8240696291e+00,5.964826e-07
2.2179598779e+08,3.2097189881e+01,8.8328339402e+00,7.042109e-07
2.2198070938e+08,3.4846800193e+01,8.8415708670e+00,8.963519e-07
2.2220543057e+08,3.3699371553e+01,8.8522423180e+00,8.252141e-07
2.2239015216e+08,3.4560799647e+01,8.8610012284e+00,8.693938e-08
2.2261487334e+08,3.4446035385e+01,8.8716654276e+00,4.521055e-07
2.2279959493e+08,3.3201910986e+01,8.8804774338e+00,9.798388e-07
2.2298431612e+08,3.4660494457e+01,8.8892739888e+00,6.428687e-07
2.2320903731e+08,3.4773682284e+01,8.8999632444e+00,6.725275e-07
2.2339375890e+08,3.4045990552e+01,8.9087728880e+00,5.740904e-07
2.2361848008e+08,3.4655414263e+01,8.9194134446e+00,5.814149e-07
2.2380320167e+08,3.3480254134e+01,8.9281669629e+00,6.325689e-07
2.2398792286e+08,3.4580244792e+01,8.9368777280e+00,8.578183e-07
2.2421264445e+08,3.0812598705e+01,8.9474684275e+00,7.977501e-07
2.2439736564e+08,3.4798832922e+01,8.9561593163e+00,1.080507e-07
2.2458208683e+08,3.4002691826e+01,8.9648634096e+00,9.801178e-07
2.2480680841e+08,3.4892473761e+01,8.9753785477e+00,9.548675e-07
2.2499152960e+08,3.3969670008e+01,8.9840352458e+00,6.543222e-07
2.2521625119e+08,3.4724956707e+01,8.9944873284e+00,7.429262e-07
2.2540097238e+08,3.3828128757e+01,9.0030845357e+00,5.940015e-07
2.2558569397e+08,3.4557627615e+01,9.0116346709e+00,6.273076e-07
2.2581041515e+08,3.4627992481e+01,9.0220411404e+00,5.972724e-07
2.2599513634e+08,3.4497205745e+01,9.0305097899e+00,8.037384e-07
2.2621985793e+08,3.3469374683e+01,9.0408005008e+00,7.195623e-07
2.2640457912e+08,3.4969635608e+01,9.0491783887e+00,9.021309e-07
2.2658930071e+08,3.4573884266e+01,9.0575126655e+00,9.298777e-07
2.2681402189e+08,3.3538107711e+01,9.0676115698e+00,8.259799e-07
2.2699874348e+08,3.4812810441e+01,9.0759254900e+00,7.953529e-07
2.2718346467e+08,3.4522899806e+01,9.0841927462e+00,5.935153e-07
2.2740818586e+08,3.3315917776e+01,9.0942758209e+00,6.057629e-07
2.2759290745e+08,3.5114975837e+01,9.1025346407e+00,6.024613e-07
2.2781762863e+08,3.1638518004e+01,9.1126042082e+00,5.958464e-07
2.2800235022e+08,3.4875463926e+01,9.1208825632e+00,7.060702e-07
2.2818707141e+08,3.3707596578e+01,9.1291636595e+00,8.991895e-07
2.2841179300e+08,3.4575779407e+01,9.1391958970e+00,9.025354e-07
2.2859651419e+08,3.4744220374e+01,9.1474701345e+00,5.749744e-07
2.2878123538e+08,3.4577971309e+01,9.1556805717e+00,7.802273e-07
2.2900595696e+08,3.4081789510e+01,9.1657054636e+00,8.928677e-07
2.2919067815e+08,3.5077820728e+01,9.1738958063e+00,6.245747e-07
2.2941539974e+08,3.4546051712e+01,9.1838796124e+00,6.531378e-07
2.2960012093e+08,3.4259736757e+01,9.1920315074e+00,5.888347e-07
2.2978484252e+08,3.5080033396e+01,9.2002080870e+00,6.753661e-07
2.3000956370e+08,3.4200682678e+01,9.2100760302e+00,6.543784e-07
2.3019428489e+08,3.4337756136e+01,9.2181908235e+00,8.827639e-07
2.3041900648e+08,3.5059120387e+01,9.2279597112e+00,7.723793e-07
2.3060372767e+08,3.4632252121e+01,9.2359322642e+00,4.233979e-08
2.3078844926e+08,3.3735217435e+01,9.2438534320e+00,8.566560e-07
2.3101317044e+08,3.4915247832e+01,9.2534739494e+00,8.717069e-07
2.3119789203e+08,3.4445438986e+01,9.2612851237e+00,6.863623e-07
2.3138261322e+08,3.4331385716e+01,9.2690836184e+00,6.072316e-07
2.3160733441e+08,3.4758081601e+01,9.2784601831e+00,6.104160e-07
2.3179205600e+08,3.3033082442e+01,9.2861343361e+00,6.416197e-07
2.3201677718e+08,3.4901201579e+01,9.2953545112e+00,6.019535e-07
2.3220149877e+08,3.4396178705e+01,9.3029015555e+00,7.268654e-07
2.3238621996e+08,3.4093982547e+01,9.3103545418e+00,1.554260e-07
2.3261094155e+08,3.4849057254e+01,9.3194016532e+00,7.734347e-07
2.3279566274e+08,3.4019682747e+01,9.3267557467e+00,9.071005e-07
2.3298038393e+08,3.4811297685e+01,9.3341193315e+00,6.965099e-07
2.3320510551e+08,3.2956354604e+01,9.3429772607e+00,7.761664e-07
2.3338982670e+08,3.4585494757e+01,9.3502210230e+00,6.040024e-07
2.3361454829e+08,3.4310115983e+01,9.3589415776e+00,6.398043e-07
2.3379926948e+08,3.4351441910e+01,9.3659798919e+00,6.078160e-07
2.3398399107e+08,3.0391846103e+01,9.3729513081e+00,7.213244e-07
2.3420871225e+08,3.4487425613e+01,9.3813164978e+00,7.003610e-07
2.3439343344e+08,3.4171147321e+01,9.3880662741e+00,8.942626e-07
2.3461815503e+08,3.3715409410e+01,9.3961516364e+00,8.612952e-07
2.3480287622e+08,3.4248622388e+01,9.4027473654e+00,3.301187e-07
2.3498759781e+08,3.4054194931e+01,9.4091956507e+00,7.627580e-07
2.3521231899e+08,3.3460459129e+01,9.4168994602e+00,8.236318e-07
2.3539704058e+08,3.4054947749e+01,9.4231288524e+00,6.484216e-07
2.3558176177e+08,3.3529929464e+01,9.4291777374e+00,5.991581e-07
2.3580648296e+08,3.4101606523e+01,9.4363856880e+00,5.850811e-07
2.3599120455e+08,3.0525568268e+01,9.4421174141e+00,6.826851e-07
2.3621592573e+08,3.3604670378e+01,9.4488576022e+00,6.633608e-07
2.3640064732e+08,3.2739927946e+01,9.4541989976e+00,8.348167e-07
2.3658536851e+08,3.3267390547e+01,9.4592965419e+00,3.523674e-07
2.3681009010e+08,3.1587964714e+01,9.4651960811e+00,2.510906e-07
2.3699481129e+08,3.2947291595e+01,9.4696891443e+00,8.703816e-07
2.3721953247e+08,3.2331338259e+01,9.4746998723e+00,1.007219e-06
2.3740425406e+08,3.1496033392e+01,9.4782735049e+00,6.651415e-07
2.3758897525e+08,3.1769784415e+01,9.4812836109e+00,5.818307e-07
2.3781369684e+08,3.0320539475e+01,9.4835316393e+00,6.013921e-07
2.3799841803e+08,3.0651218446e+01,9.4836271254e+00,6.550111e-07
2.3818313961e+08,3.1655238593e+01,9.4855025443e+00,8.315501e-07
2.3840786080e+08,3.1804717658e+01,9.4891193082e+00,8.037972e-07
2.3859258199e+08,3.2746004307e+01,9.4927773289e+00,8.147909e-08
2.3881730358e+08,3.2996230110e+01,9.4977495898e+00,7.830957e-07
2.3900202477e+08,3.2873988320e+01,9.5022028477e+00,1.018508e-06
2.3918674636e+08,3.3028919308e+01,9.5069615484e+00,6.759330e-07
2.3941146754e+08,3.3473701343e+01,9.5130041767e+00,7.059182e-07
2.3959618913e+08,3.2989099013e+01,9.5182091300e+00,5.826721e-07
2.3978091032e+08,3.3559374112e+01,9.5235423230e+00,6.442483e-07
2.4000563151e+08,3.3739541521e+01,9.5302584912e+00,6.204492e-07
2.4019035310e+08,3.3601082902e+01,9.5358746340e+00,8.058333e-07
2.4041507428e+08,3.3971788502e+01,9.5429010431e+00,7.669752e-07
2.4059979587e+08,3.3992648675e+01,9.5487488170e+00,9.339675e-07
2.4078451706e+08,3.4429246854e+01,9.5547342613e+00,9.638275e-07
2.4100923865e+08,3.2355451561e+01,9.5620900048e+00,7.264182e-07
2.4119395984e+08,3.4602933805e+01,9.5682209007e+00,7.102991e-07
2.4141868102e+08,3.3262230364e+01,9.5757340564e+00,8.547281e-07
2.4160340261e+08,3.4384033961e+01,9.5819084344e+00,6.123685e-07
2.4178812380e+08,3.3838915703e+01,9.5880991361e+00,6.237953e-07
2.4201284539e+08,3.4340169633e+01,9.5956867507e+00,5.877144e-07
2.4219756658e+08,3.4380903066e+01,9.6019066922e+00,7.228327e-07
2.4238228816e+08,3.3821933945e+01,9.6082037028e+00,8.873695e-07
2.4260700935e+08,3.4489607281e+01,9.6158743731e+00,9.037551e-07
2.4279173054e+08,3.4648389392e+01,9.6222091572e+00,8.532953e-07
2.4301645213e+08,3.3422606370e+01,9.6300048987e+00,2.261502e-07
2.4320117332e+08,3.4606358281e+01,9.6364925447e+00,8.602091e-07
2.4338589490e+08,3.4023813817e+01,9.6429941570e+00,6.158562e-07
2.4361061609e+08,3.5142793292e+01,9.6509863695e+00,6.318956e-07
2.4379533768e+08,3.3633075795e+01,9.6575848313e+00,5.991818e-07
2.4398005887e+08,3.5208937259e+01,9.6641752509e+00,7.086536e-07
2.4420478006e+08,3.2181318605e+01,9.6722278452e+00,6.765404e-07
2.4438950165e+08,3.4946553947e+01,9.6788535702e+00,9.042868e-07
2.4461422283e+08,3.3292835242e+01,9.6869474795e+00,8.199046e-07
2.4479894442e+08,3.4869203960e+01,9.6935855089e+00,1.414906e-07
2.4498366561e+08,3.4884389521e+01,9.7002639556e+00,8.612076e-07
2.4520838720e+08,3.5183438282e+01,9.7083618152e+00,8.891373e-07
2.4539310839e+08,3.4104912723e+01,9.7150657990e+00,6.589078e-07
2.4561782957e+08,3.5186660074e+01,9.7231930362e+00,7.121964e-07
2.4580255116e+08,3.3581856049e+01,9.7298637957e+00,5.965544e-07
2.4598727235e+08,3.4899312749e+01,9.7365417450e+00,6.481833e-07
2.4621199394e+08,3.5056295144e+01,9.7445960392e+00,6.280301e-07
2.4639671513e+08,3.3605998359e+01,9.7512421391e+00,7.785074e-07
2.4658143671e+08,3.5019850344e+01,9.7578600480e+00,1.875731e-07
2.4680615790e+08,3.5195251265e+01,9.7658788559e+00,6.372449e-07
2.4699087909e+08,3.4300066700e+01,9.7724941589e+00,8.747203e-07
2.4721560068e+08,3.4927273116e+01,9.7804773031e+00,7.004629e-07
2.4740032187e+08,3.5152075376e+01,9.7870618773e+00,7.272123e-07
2.4758504345e+08,3.4616531177e+01,9.7935964659e+00,6.097893e-07
2.4780976464e+08,3.5017197247e+01,9.8015707354e+00,6.300723e-07
2.4799448623e+08,3.5014628749e+01,9.8080669104e+00,6.136511e-07
2.4821920742e+08,3.4351867574e+01,9.8159919683e+00,5.901804e-07
2.4840392861e+08,3.5224150186e+01,9.8224519862e+00,6.961007e-07
2.4858865019e+08,3.4842363095e+01,9.8289373055e+00,5.410813e-07
2.4881337138e+08,3.4523224892e+01,9.8367520178e+00,9.927124e-07
2.4899809297e+08,3.5384782536e+01,9.8431816869e+00,4.092066e-07
2.4918281416e+08,3.4776602601e+01,9.8495523512e+00,7.608529e-07
2.4940753575e+08,3.3905751250e+01,9.8573153388e+00,8.091320e-07
2.4959225693e+08,3.5392246798e+01,9.8636455734e+00,6.241177e-07
2.4981697812e+08,3.4250971118e+01,9.8713215441e+00,6.460372e-07
2.5000169971e+08,3.5159134269e+01,9.8776381248e+00,5.920386e-07
2.5018642090e+08,3.4991369322e+01,9.8838834012e+00,7.068660e-07
2.5041114249e+08,3.2528304764e+01,9.8914674343e+00,6.663545e-07
2.5059586368e+08,3.5373844164e+01,9.8976509883e+00,9.537840e-07
2.5078058526e+08,3.4450275082e+01,9.9037929981e+00,1.039839e-08
2.5100530645e+08,3.4939839644e+01,9.9112793632e+00,1.581816e-07
2.5119002764e+08,3.3742604782e+01,9.9173802569e+00,8.124760e-07
2.5141474923e+08,3.5090859530e+01,9.9247745548e+00,9.668759e-07
2.5159947042e+08,3.3608929023e+01,9.9308009315e+00,6.636546e-07
2.5178419200e+08,3.5227936825e+01,9.9368164278e+00,5.887586e-07
2.5200891319e+08,3.4379977494e+01,9.9440601647e+00,5.851937e-07
2.5219363478e+08,3.5266042764e+01,9.9500064957e+00,6.530185e-07
2.5241835597e+08,3.2469977106e+01,9.9571676912e+00,6.245916e-07
2.5260307716e+08,3.4917864338e+01,9.9630382089e+00,8.078827e-07
2.5278779874e+08,3.3840925410e+01,9.9688786286e+00,2.129130e-07
2.5301251993e+08,3.4728369160e+01,9.9759836784e+00,1.341816e-07
2.5319724152e+08,3.4954137398e+01,9.9817689401e+00,1.038011e-06
2.5338196271e+08,3.2068613087e+01,9.9875617655e+00,6.503738e-07
2.5360668430e+08,3.4921151715e+01,9.9945922990e+00,6.955457e-07
2.5379140548e+08,3.4646047310e+01,1.0000338341e+01,5.871635e-07
2.5401612667e+08,3.5126441303e+01,1.0007363232e+01,5.964120e-07
2.5420084826e+08,3.4913283905e+01,1.0013107622e+01,6.268569e-07
2.5438556945e+08,3.3577490533e+01,1.0018889287e+01,8.226760e-07
2.5461029104e+08,3.5352971334e+01,1.0025919732e+01,7.501579e-07
2.5479501222e+08,3.4034271897e+01,1.0031725665e+01,5.290321e-07
2.5501973381e+08,3.5122172552e+01,1.0038756335e+01,9.166488e-07
2.5520445500e+08,3.4752991436e+01,1.0044575261e+01,8.129038e-07
2.5538917619e+08,3.5076320405e+01,1.0050361909e+01,6.808098e-07
2.5561389778e+08,3.4470021831e+01,1.0057453484e+01,7.695516e-07
2.5579861896e+08,3.5078645670e+01,1.0063260268e+01,5.986916e-07
2.5598334055e+08,3.4907875156e+01,1.0069096617e+01,6.118836e-07
2.5620806174e+08,3.5153908124e+01,1.0076143773e+01,5.959849e-07
2.5639278333e+08,3.4817463713e+01,1.0081989887e+01,7.527331e-07
2.5661750452e+08,3.5264787010e+01,1.0089078840e+01,7.007782e-07
2.5680222571e+08,3.1720693284e+01,1.0094962230e+01,8.991030e-07
2.5698694729e+08,3.5125041132e+01,1.0100866836e+01,7.119801e-07
2.5721166848e+08,3.5586880720e+01,1.0108066366e+01,3.530052e-07
2.5739639007e+08,3.3467580516e+01,1.0114041876e+01,8.244584e-07
2.5758111126e+08,3.5372624596e+01,1.0120024552e+01,6.066975e-07
2.5780583285e+08,3.4863350849e+01,1.0127325573e+01,6.393407e-07
2.5799055403e+08,3.5244226446e+01,1.0133375939e+01,6.105732e-07
2.5821527522e+08,3.5238562579e+01,1.0140727573e+01,5.924051e-07
2.5839999681e+08,3.5725607831e+01,1.0146841143e+01,6.684901e-07
2.5858471800e+08,3.4794809986e+01,1.0152934672e+01,8.814889e-07
2.5880943959e+08,3.5751421246e+01,1.0160407182e+01,8.533885e-07
2.5899416077e+08,3.2687080100e+01,1.0166546422e+01,1.088087e-07
2.5921888236e+08,3.5578433056e+01,1.0174010437e+01,5.709951e-07
2.5940360355e+08,3.4412929171e+01,1.0180135214e+01,8.950512e-07
2.5958832474e+08,3.5629584802e+01,1.0186278563e+01,6.352563e-07
2.5981304633e+08,3.3503258333e+01,1.0193761321e+01,6.701782e-07
2.5999776751e+08,3.5971776000e+01,1.0199910387e+01,5.961857e-07
2.6018248910e+08,3.5107527667e+01,1.0206104864e+01,6.608257e-07
2.6040721029e+08,3.5805294966e+01,1.0213616123e+01,6.453636e-07
2.6059193188e+08,3.4949205220e+01,1.0219813270e+01,8.188296e-07
2.6081665307e+08,3.5024949607e+01,1.0227391542e+01,7.193720e-07
2.6100137425e+08,3.6010424703e+01,1.0233581498e+01,3.401831e-07
2.6118609584e+08,3.5121320041e+01,1.0239761182e+01,8.734176e-07
2.6141081703e+08,3.5417238625e+01,1.0247315095e+01,8.710819e-07
2.6159553862e+08,3.6023754893e+01,1.0253502738e+01,7.143158e-07
2.6178025981e+08,3.4584886001e+01,1.0259729142e+01,6.034599e-07
2.6200498140e+08,3.5816131536e+01,1.0267260426e+01,6.202313e-07
2.6218970258e+08,3.4620971997e+01,1.0273459196e+01,6.229789e-07
2.6241442377e+08,3.5800509697e+01,1.0280949105e+01,6.004336e-07
2.6259914536e+08,3.5847540095e+01,1.0287120513e+01,7.023397e-07
2.6278386655e+08,3.5111460291e+01,1.0293236733e+01,4.877121e-07
2.6300858814e+08,3.5728867894e+01,1.0300697108e+01,9.218483e-07
2.6319330932e+08,3.5638867957e+01,1.0306781396e+01,8.195140e-07
2.6341803091e+08,3.5950151285e+01,1.0314200862e+01,2.092252e-07
2.6360275210e+08,3.4112047828e+01,1.0320256776e+01,7.931308e-07
2.6378747329e+08,3.6222139671e+01,1.0326330813e+01,6.202826e-07
2.6401219488e+08,3.5236881795e+01,1.0333738560e+01,6.508122e-07
2.6419691606e+08,3.5955149176e+01,1.0339813390e+01,5.982794e-07
2.6438163765e+08,3.5222057265e+01,1.0345921709e+01,6.843518e-07
2.6460635884e+08,3.5429037959e+01,1.0353394965e+01,6.682502e-07
2.6479108043e+08,3.6227256266e+01,1.0359528670e+01,9.930994e-07
2.6501580162e+08,3.5865372374e+01,1.0367034767e+01,8.118631e-07
2.6520052280e+08,3.5547190921e+01,1.0373255974e+01,1.412697e-07
2.6538524439e+08,3.6376396406e+01,1.0379480378e+01,7.952993e-07
2.6560996558e+08,3.5030952141e+01,1.0387123220e+01,8.572658e-07
2.6579468717e+08,3.6097187725e+01,1.0393466051e+01,6.507260e-07
2.6601940836e+08,3.5339106048e+01,1.0401201416e+01,6.774294e-07
2.6620412994e+08,3.6447578823e+01,1.0407624441e+01,5.910517e-07
2.6638885113e+08,3.5785497045e+01,1.0414071137e+01,6.759207e-07
2.6661357232e+08,3.6472379891e+01,1.0421885162e+01,6.492361e-07
2.6679829391e+08,3.6147883713e+01,1.0428355698e+01,8.034103e-07
2.6698301510e+08,3.6344418468e+01,1.0434800726e+01,1.522069e-07
2.6720773668e+08,3.6421235205e+01,1.0442705250e+01,1.559166e-07
2.6739245787e+08,3.5688871184e+01,1.0449172864e+01,9.210551e-07
2.6761717946e+08,3.6691205816e+01,1.0457083564e+01,9.599695e-07
2.6780190065e+08,3.5786621582e+01,1.0463601920e+01,6.858913e-07
2.6798662184e+08,3.6428483003e+01,1.0470092804e+01,5.921031e-07
2.6821134343e+08,3.4471872764e+01,1.0477994345e+01,5.921494e-07
2.6839606461e+08,3.6427037810e+01,1.0484507176e+01,6.286225e-07
2.6858078620e+08,3.6509966139e+01,1.0491001582e+01,7.915602e-07
2.6880550739e+08,3.4671883126e+01,1.0498929090e+01,7.784537e-07
2.6899022898e+08,3.6402595002e+01,1.0505463975e+01,5.600737e-08
2.6921495017e+08,3.6510606483e+01,1.0513382035e+01,9.718214e-07
2.6939967135e+08,3.5134632450e+01,1.0519895221e+01,8.671376e-07
2.6958439294e+08,3.6408954540e+01,1.0526418015e+01,6.775289e-07
2.6980911413e+08,3.6236337185e+01,1.0534320208e+01,7.082615e-07
2.6999383572e+08,3.6778288978e+01,1.0540853911e+01,5.902944e-07
2.7021855691e+08,3.5274845786e+01,1.0548791224e+01,6.149718e-07
2.7040327849e+08,3.6906929099e+01,1.0555278363e+01,6.121205e-07
2.7058799968e+08,3.6322462143e+01,1.0561770909e+01,7.730263e-07
2.7081272087e+08,3.6556966903e+01,1.0569589342e+01,7.182057e-07
2.7099744246e+08,3.6224928929e+01,1.0576014642e+01,9.063034e-07
2.7118216365e+08,3.6361630509e+01,1.0582379204e+01,8.209977e-07
2.7140688523e+08,3.6728661660e+01,1.0590142671e+01,3.416621e-07
2.7159160642e+08,3.3618785979e+01,1.0596499531e+01,7.356024e-07
2.7181632801e+08,3.6581098801e+01,1.0604234436e+01,9.108401e-07
2.7200104920e+08,3.5333711905e+01,1.0610597211e+01,6.228211e-07
2.7218577039e+08,3.6730735512e+01,1.0617004276e+01,6.112034e-07
2.7241049197e+08,3.6416551128e+01,1.0624805274e+01,5.935051e-07
2.7259521316e+08,3.6451051496e+01,1.0631306209e+01,6.925577e-07
2.7281993475e+08,3.7096388222e+01,1.0639259688e+01,6.535670e-07
2.7300465594e+08,3.6687237083e+01,1.0645858235e+01,8.825142e-07
2.7318937753e+08,3.4238050061e+01,1.0652561556e+01,2.200116e-07
2.7341409872e+08,3.6994911016e+01,1.0660808126e+01,2.642661e-07
2.7359881990e+08,3.6927397195e+01,1.0667643253e+01,8.761009e-07
2.7378354149e+08,3.7280673268e+01,1.0674588283e+01,6.388834e-07
2.7400826268e+08,3.5491790296e+01,1.0683085653e+01,6.607102e-07
2.7419298427e+08,3.7663329811e+01,1.0690156885e+01,5.967531e-07
2.7441770546e+08,3.5558642125e+01,1.0698838837e+01,6.046015e-07
2.7460242704e+08,3.7471736768e+01,1.0706025199e+01,6.414588e-07
2.7478714823e+08,3.5013043401e+01,1.0713259570e+01,8.632036e-07
2.7501186942e+08,3.7689485098e+01,1.0722131673e+01,7.698080e-07
2.7519659101e+08,3.6936603261e+01,1.0729490250e+01,4.056324e-07
2.7538131220e+08,3.7790317601e+01,1.0736856664e+01,8.837124e-07
2.7560603378e+08,3.7386938794e+01,1.0745922278e+01,8.638911e-07
2.7579075497e+08,3.7940696798e+01,1.0753383029e+01,6.729986e-07
2.7601547656e+08,3.7494190080e+01,1.0762544596e+01,7.461253e-07
2.7620019775e+08,3.7755815996e+01,1.0770078077e+01,6.127466e-07
2.7638491894e+08,3.6015265983e+01,1.0777651273e+01,6.415433e-07
2.7660964052e+08,3.8181790256e+01,1.0786924579e+01,6.165748e-07
2.7679436171e+08,3.7871739358e+01,1.0794556350e+01,7.288149e-07
2.7701908330e+08,3.7563253004e+01,1.0803872367e+01,6.729318e-07
2.7720380449e+08,3.7769514113e+01,1.0811600576e+01,8.083561e-07
2.7738852608e+08,3.8066079427e+01,1.0819319343e+01,8.525997e-07
2.7761324726e+08,3.7686921297e+01,1.0828774979e+01,3.840567e-07
2.7779796845e+08,3.7929614759e+01,1.0836536331e+01,7.516171e-07
2.7798269004e+08,3.8140856182e+01,1.0844359227e+01,6.292692e-07
2.7820741123e+08,3.8256841726e+01,1.0853868908e+01,6.308709e-07
2.7839213282e+08,3.7890800432e+01,1.0861750336e+01,5.814986e-07
2.7861685400e+08,3.8457727250e+01,1.0871326246e+01,5.886031e-07
2.7880157559e+08,3.8241783434e+01,1.0879254854e+01,6.640936e-07
2.7898629678e+08,3.7844826593e+01,1.0887171789e+01,8.467656e-07
2.7921101797e+08,3.8834435084e+01,1.0896883573e+01,9.687462e-07
2.7939573956e+08,3.7426889774e+01,1.0904878959e+01,2.266402e-07
2.7958046075e+08,3.8575633805e+01,1.0912938904e+01,7.800981e-07
2.7980518233e+08,3.8791980921e+01,1.0922745600e+01,8.308284e-07
2.7998990352e+08,3.7991592332e+01,1.0930856457e+01,6.383567e-07
2.8021462511e+08,3.8722539466e+01,1.0940698813e+01,6.893896e-07
2.8039934630e+08,3.3861317813e+01,1.0948816365e+01,5.947345e-07
2.8058406749e+08,3.8469107400e+01,1.0956962482e+01,6.838579e-07
2.8080878907e+08,3.8937938605e+01,1.0966878207e+01,6.289978e-07
2.8099351026e+08,3.8050761548e+01,1.0975061835e+01,8.929254e-07
2.8121823185e+08,3.8559369516e+01,1.0985059506e+01,7.620219e-07
2.8140295304e+08,3.8516950697e+01,1.0993250727e+01,2.056485e-07
2.8158767463e+08,3.8842103439e+01,1.1001494146e+01,8.672731e-07
2.8181239581e+08,3.6492273897e+01,1.1011532270e+01,1.007006e-06
2.8199711700e+08,3.9297248913e+01,1.1019823160e+01,6.703485e-07
2.8218183859e+08,3.8097830067e+01,1.1028110892e+01,5.849804e-07
2.8240655978e+08,3.8956563154e+01,1.1038252480e+01,5.834124e-07
2.8259128137e+08,3.8450303077e+01,1.1046580777e+01,6.351533e-07
2.8281600255e+08,3.8995304907e+01,1.1056775064e+01,6.139485e-07
2.8300072414e+08,3.4454114364e+01,1.1065170980e+01,7.476738e-07
2.8318544533e+08,3.9132369583e+01,1.1073585253e+01,2.558997e-07
2.8341016652e+08,3.8419231579e+01,1.1083822964e+01,3.754226e-07
2.8359488811e+08,3.9243639707e+01,1.1092283699e+01,1.028353e-06
2.8381960929e+08,3.9129768574e+01,1.1102560116e+01,5.430308e-07
2.8400433088e+08,3.7910120146e+01,1.1111053272e+01,7.189158e-07
2.8418905207e+08,3.9648227304e+01,1.1119534967e+01,5.968623e-07
2.8441377366e+08,3.8763039704e+01,1.1129865940e+01,6.139415e-07
2.8459849485e+08,3.8709420644e+01,1.1138407029e+01,6.125906e-07
2.8478321604e+08,3.9617728123e+01,1.1146938471e+01,7.908444e-07
2.8500793762e+08,3.6698961284e+01,1.1157354198e+01,7.218847e-07
2.8519265881e+08,3.9762903167e+01,1.1165941483e+01,8.174684e-07
2.8541738040e+08,3.8692629562e+01,1.1176422347e+01,8.950605e-07
2.8560210159e+08,3.9415795849e+01,1.1185045610e+01,5.908249e-07
2.8578682318e+08,3.8503779395e+01,1.1193719417e+01,7.116116e-07
2.8601154436e+08,3.9686448893e+01,1.1204270548e+01,7.798954e-07
2.8619626555e+08,3.7622850072e+01,1.1212970086e+01,6.074769e-07
2.8638098714e+08,3.9952678742e+01,1.1221707020e+01,6.206062e-07
2.8660570833e+08,3.8124151982e+01,1.1232375725e+01,6.109771e-07
2.8679042992e+08,3.9997576811e+01,1.1241154216e+01,7.128826e-07
2.8701515110e+08,3.6263520679e+01,1.1251870038e+01,6.703256e-07
2.8719987269e+08,3.9689714176e+01,1.1260694005e+01,8.616564e-07
2.8738459388e+08,4.0049669487e+01,1.1269519515e+01,4.526003e-07
2.8760931507e+08,3.9311061236e+01,1.1280317024e+01,4.720966e-08
2.8779403666e+08,3.9848759651e+01,1.1289179405e+01,8.370307e-07
2.8801875784e+08,3.8945546566e+01,1.1299995318e+01,9.349178e-07
2.8820347943e+08,3.9971661563e+01,1.1308927811e+01,6.528895e-07
2.8838820062e+08,3.9819336599e+01,1.1317856249e+01,5.865993e-07
2.8861292221e+08,3.9269248089e+01,1.1328775880e+01,5.916779e-07
2.8879764340e+08,4.0022964237e+01,1.1337740136e+01,6.539304e-07
2.8898236459e+08,3.9417851903e+01,1.1346741009e+01,8.894164e-07
2.8920708617e+08,4.0282958511e+01,1.1357669823e+01,8.139564e-07
2.8939180736e+08,3.9858117491e+01,1.1366699793e+01,2.455297e-07
2.8961652895e+08,4.0304560595e+01,1.1377654105e+01,7.530213e-07
2.8980125014e+08,3.9650118053e+01,1.1386691224e+01,8.904048e-07
2.8998597173e+08,4.0205796646e+01,1.1395699642e+01,6.668937e-07
2.9021069291e+08,4.0126332139e+01,1.1406704498e+01,6.948268e-07
2.9039541410e+08,3.9954404663e+01,1.1415725150e+01,6.070060e-07
2.9058013569e+08,4.0168555893e+01,1.1424776202e+01,6.427716e-07
2.9080485688e+08,4.0612926643e+01,1.1435731437e+01,6.119622e-07
2.9098957847e+08,3.8025908463e+01,1.1444733890e+01,7.672339e-07
2.9121429965e+08,4.0061677821e+01,1.1455685574e+01,6.979340e-07
2.9139902124e+08,4.0570465316e+01,1.1464660107e+01,7.841883e-07
2.9158374243e+08,3.7919405611e+01,1.1473655039e+01,8.780290e-07
2.9180846362e+08,4.0543649545e+01,1.1484583035e+01,7.983357e-07
2.9199318521e+08,4.0127946799e+01,1.1493563884e+01,7.410726e-07
2.9221790639e+08,3.9682224858e+01,1.1504545408e+01,7.985674e-07
2.9240262798e+08,4.0807466595e+01,1.1513549171e+01,6.346825e-07
2.9258734917e+08,3.9704023916e+01,1.1522594426e+01,6.065368e-07
2.9281207076e+08,4.0163477107e+01,1.1533562831e+01,5.960664e-07
2.9299679195e+08,4.0685923517e+01,1.1542593468e+01,6.790477e-07
2.9318151314e+08,3.9645660535e+01,1.1551575762e+01,7.417272e-07
2.9340623472e+08,4.0387680213e+01,1.1562521773e+01,9.683218e-07
2.9359095591e+08,4.0446702618e+01,1.1571477218e+01,5.296997e-07
2.9381567750e+08,4.0211555167e+01,1.1582409604e+01,1.644246e-07
2.9400039869e+08,4.0207909751e+01,1.1591353514e+01,8.256288e-07
2.9418512028e+08,4.0564554590e+01,1.1600310103e+01,6.441395e-07
2.9440984146e+08,3.8996568461e+01,1.1611137285e+01,6.646296e-07
2.9459456265e+08,4.0805218643e+01,1.1620006786e+01,5.881730e-07
2.9481928424e+08,4.0457924952e+01,1.1630724647e+01,5.863143e-07
2.9500400543e+08,3.8501835568e+01,1.1639503199e+01,6.458418e-07
2.9518872702e+08,4.0560210790e+01,1.1648261735e+01,9.848538e-07
2.9541344820e+08,4.0378024722e+01,1.1658870991e+01,8.078937e-07
2.9559816979e+08,3.7093529048e+01,1.1667610112e+01,4.390185e-08
2.9578289098e+08,4.0684491888e+01,1.1676346195e+01,8.060948e-07
2.9600761217e+08,4.0109314371e+01,1.1686962875e+01,8.743522e-07
2.9619233376e+08,4.0499639138e+01,1.1695720547e+01,6.808838e-07
2.9641705494e+08,4.0630974212e+01,1.1706325859e+01,7.186900e-07
2.9660177653e+08,4.0474971550e+01,1.1715060631e+01,6.010612e-07
2.9678649772e+08,3.7688260860e+01,1.1723756567e+01,6.576074e-07
2.9701121931e+08,4.0627789330e+01,1.1734310648e+01,6.060716e-07
2.9719594050e+08,3.8239854726e+01,1.1742962756e+01,7.838209e-07
2.9738066169e+08,4.0814119349e+01,1.1751576730e+01,2.594122e-07
2.9760538327e+08,3.7765500583e+01,1.1762040304e+01,1.333379e-07
2.9779010446e+08,4.0863764530e+01,1.1770613733e+01,9.502229e-07
2.9801482605e+08,4.0698228484e+01,1.1781058986e+01,7.244938e-07
2.9819954724e+08,4.0072681036e+01,1.1789601596e+01,7.049686e-07
2.9838426883e+08,4.0702280006e+01,1.1798170711e+01,5.799587e-07
2.9860899001e+08,4.0689100512e+01,1.1808545236e+01,5.976799e-07
2.9879371120e+08,3.9655023484e+01,1.1817061712e+01,6.259697e-07
2.9901843279e+08,4.0470003460e+01,1.1827446456e+01,6.105951e-07
2.9920315398e+08,4.0652179568e+01,1.1835948832e+01,7.611053e-07
2.9938787557e+08,3.9617273878e+01,1.1844439195e+01,6.055129e-07
2.9961259675e+08,4.0724225755e+01,1.1854774260e+01,9.494278e-07
2.9979731834e+08,4.0636323234e+01,1.1863242171e+01,2.734028e-07
2.9998203953e+08,3.8604160652e+01,1.1871721248e+01,6.883949e-07
3.0020676072e+08,4.1049057766e+01,1.1882044314e+01,7.249734e-07
3.0039148231e+08,3.9740061554e+01,1.1890529168e+01,6.096625e-07
3.0061620349e+08,4.0569888403e+01,1.1900795710e+01,6.392921e-07
3.0080092508e+08,4.0821129141e+01,1.1909225608e+01,6.000170e-07
3.0098564627e+08,3.9954030483e+01,1.1917586349e+01,7.302161e-07
3.0121036786e+08,4.0852718753e+01,1.1927728410e+01,6.757846e-07
3.0139508905e+08,3.9984206646e+01,1.1935979147e+01,8.963759e-07
3.0161981023e+08,4.0620451559e+01,1.1945992346e+01,8.595083e-07
3.0180453182e+08,3.9983648721e+01,1.1954182250e+01,3.557760e-08
3.0198925301e+08,4.0386281780e+01,1.1962311138e+01,7.500808e-07
3.0221397460e+08,4.0022615636e+01,1.1972191199e+01,9.209938e-07
3.0239869579e+08,4.0735845559e+01,1.1980248092e+01,6.379082e-07
3.0258341738e+08,3.9136834496e+01,1.1988256410e+01,6.019374e-07
3.0280813856e+08,4.0611349388e+01,1.1997942416e+01,5.965510e-07
3.0299285975e+08,4.0331486546e+01,1.2005804076e+01,6.730893e-07
3.0321758134e+08,3.9318822673e+01,1.2015278321e+01,6.388288e-07
3.0340230253e+08,4.0260252681e+01,1.2023011770e+01,8.634355e-07
3.0358702412e+08,4.0310799622e+01,1.2030653320e+01,1.620776e-07
3.0381174530e+08,3.9682220025e+01,1.2039867302e+01,2.338740e-07
3.0399646689e+08,4.0418356150e+01,1.2047410232e+01,9.404341e-07
3.0418118808e+08,3.8959646478e+01,1.2054861523e+01,6.605663e-07
3.0440590927e+08,4.0242223948e+01,1.2063864608e+01,6.790121e-07
3.0459063086e+08,3.9777341407e+01,1.2071197702e+01,5.938781e-07
3.0481535204e+08,3.9911121182e+01,1.2079992498e+01,6.079094e-07
3.0500007363e+08,3.9605594873e+01,1.2087171840e+01,6.230764e-07
3.0518479482e+08,3.9866849875e+01,1.2094241858e+01,8.373623e-07
3.0540951641e+08,3.9487909289e+01,1.2102772274e+01,7.342096e-07
3.0559423760e+08,3.9518908530e+01,1.2109672060e+01,6.535218e-07
3.0581895878e+08,3.9786522736e+01,1.2117984751e+01,8.168682e-07
3.0600368037e+08,3.7837843320e+01,1.2124704800e+01,7.837786e-07
3.0618840156e+08,3.9905560939e+01,1.2131352232e+01,7.031042e-07
3.0641312315e+08,3.8748562391e+01,1.2139292179e+01,7.994521e-07
3.0659784434e+08,3.9573823982e+01,1.2145732109e+01,6.279080e-07
3.0678256593e+08,3.9351097377e+01,1.2152032365e+01,6.160137e-07
3.0700728711e+08,3.7345888268e+01,1.2159560472e+01,5.933835e-07
3.0719200830e+08,3.9318753695e+01,1.2165602664e+01,6.991365e-07
3.0741672989e+08,3.9264815352e+01,1.2172707125e+01,6.495731e-07
3.0760145108e+08,3.8430495817e+01,1.2178338175e+01,8.878064e-07
3.0778617267e+08,3.8553971174e+01,1.2183787959e+01,8.257214e-07
3.0801089385e+08,3.8165353441e+01,1.2190039565e+01,1.246615e-07
3.0819561544e+08,3.8068713909e+01,1.2194863367e+01,8.175554e-07
3.0838033663e+08,3.6234923704e+01,1.2199271728e+01,6.229214e-07
3.0860505782e+08,3.6909167330e+01,1.2203892273e+01,6.506881e-07
3.0878977941e+08,3.4956773540e+01,1.2206372369e+01,5.931329e-07
3.0901450059e+08,3.7504967251e+01,1.2209401687e+01,5.945736e-07
3.0919922218e+08,3.5549858979e+01,1.2213225885e+01,6.514172e-07
3.0938394337e+08,3.8523765128e+01,1.2217607321e+01,9.720750e-07
3.0960866496e+08,3.7873254672e+01,1.2223424529e+01,8.881517e-07
3.0979338615e+08,3.8639142274e+01,1.2228460475e+01,3.472809e-07
3.1001810733e+08,3.8277412541e+01,1.2234875040e+01,5.960645e-08
3.1020282892e+08,3.8908053374e+01,1.2240283882e+01,8.639477e-07
3.1038755011e+08,3.7755831234e+01,1.2245844010e+01,6.608903e-07
3.1061227170e+08,3.9666473556e+01,1.2252748807e+01,7.265579e-07
3.1079699289e+08,3.8588492910e+01,1.2258542291e+01,5.841157e-07
3.1098171448e+08,3.9054835274e+01,1.2264479375e+01,6.310310e-07
3.1120643566e+08,3.9775849405e+01,1.2271809855e+01,6.298808e-07
3.1139115685e+08,3.9499747761e+01,1.2277939335e+01,8.890913e-07
3.1161587844e+08,3.8225332926e+01,1.2285555370e+01,7.504491e-07
3.1180059963e+08,3.9926851105e+01,1.2291888248e+01,6.510071e-08
3.1198532122e+08,3.9407630600e+01,1.2298322174e+01,8.774033e-07
3.1221004240e+08,4.0056995188e+01,1.2306214280e+01,1.012138e-06
3.1239476399e+08,3.9723790951e+01,1.2312803193e+01,7.080200e-07
3.1261948518e+08,4.0081175919e+01,1.2320860543e+01,7.355638e-07
3.1280420637e+08,4.0034403794e+01,1.2327575543e+01,5.960980e-07
3.1298892796e+08,3.9995963419e+01,1.2334304530e+01,6.263789e-07
3.1321364914e+08,4.0440212962e+01,1.2342594043e+01,6.139562e-07
3.1339837073e+08,3.9747463979e+01,1.2349433398e+01,7.341418e-07
3.1358309192e+08,4.0314033993e+01,1.2356350675e+01,3.061210e-09
3.1380781351e+08,4.0320049003e+01,1.2364780854e+01,9.652802e-07
3.1399253470e+08,4.0249813815e+01,1.2371778698e+01,8.942154e-07
3.1421725588e+08,4.0344197194e+01,1.2380286881e+01,1.334437e-07
3.1440197747e+08,4.0364148906e+01,1.2387338443e+01,7.306966e-07
3.1458669866e+08,4.0590609582e+01,1.2394398555e+01,5.960473e-07
3.1481142025e+08,4.0330643666e+01,1.2403044153e+01,6.215506e-07
3.1499614144e+08,4.0218519777e+01,1.2410221668e+01,6.080007e-07
3.1518086303e+08,4.0696666053e+01,1.2417405583e+01,7.424984e-07
3.1540558421e+08,4.0304002702e+01,1.2426186823e+01,7.135565e-07
3.1559030540e+08,4.1091242485e+01,1.2433461190e+01,8.856910e-07
3.1581502699e+08,3.8388849280e+01,1.2442324711e+01,8.717791e-07
3.1599974818e+08,4.1296279928e+01,1.2449656523e+01,2.346954e-07
3.1618446977e+08,3.8150441004e+01,1.2457010804e+01,7.304721e-07
3.1640919095e+08,4.0991033120e+01,1.2466010553e+01,8.481067e-07
3.1659391254e+08,4.0471605073e+01,1.2473425299e+01,6.474280e-07
3.1681863373e+08,4.1176091584e+01,1.2482511082e+01,6.626548e-07
3.1700335492e+08,3.6522235003e+01,1.2489993709e+01,5.981945e-07
3.1718807651e+08,4.1432077157e+01,1.2497497214e+01,6.806844e-07
3.1741279769e+08,3.8044076806e+01,1.2506660846e+01,6.501280e-07
3.1759751928e+08,4.1611872993e+01,1.2514217520e+01,8.389415e-07
3.1778224047e+08,4.0592555444e+01,1.2521784624e+01,2.030874e-07
3.1800696206e+08,4.1086660317e+01,1.2531048204e+01,7.679502e-09
3.1819168325e+08,4.1550638627e+01,1.2538664598e+01,8.732211e-07
3.1841640443e+08,4.0615030819e+01,1.2548006638e+01,8.924362e-07
3.1860112602e+08,4.1475206557e+01,1.2555696559e+01,6.694767e-07
3.1878584721e+08,4.1572210771e+01,1.2563426712e+01,5.994515e-07
3.1901056880e+08,4.0523497398e+01,1.2572912032e+01,6.061101e-07
3.1919528999e+08,4.1731266036e+01,1.2580722256e+01,6.437316e-07
3.1938001158e+08,4.1282082105e+01,1.2588578239e+01,8.507971e-07
3.1960473276e+08,4.1431972074e+01,1.2598120247e+01,7.781795e-07
3.1978945395e+08,4.1766113444e+01,1.2605997031e+01,1.345167e-07
3.2001417554e+08,4.1807886315e+01,1.2615540005e+01,8.563689e-07
3.2019889673e+08,4.0829801333e+01,1.2623410613e+01,8.816007e-07
3.2038361832e+08,4.2117627401e+01,1.2631248127e+01,6.939089e-07
3.2060833950e+08,4.1253567326e+01,1.2640806498e+01,7.414146e-07
3.2079306109e+08,4.1647153983e+01,1.2648617576e+01,6.114425e-07
3.2101778228e+08,4.1905741021e+01,1.2658138846e+01,6.334130e-07
3.2120250347e+08,4.1649614965e+01,1.2665920053e+01,6.077988e-07
3.2138722506e+08,4.0569311614e+01,1.2673706017e+01,7.728808e-07
3.2161194624e+08,4.2115930225e+01,1.2683117870e+01,6.818080e-07
3.2179666783e+08,4.0804496545e+01,1.2690814882e+01,8.849275e-07
3.2198138902e+08,4.1997778181e+01,1.2698510738e+01,8.543796e-07
3.2220611061e+08,4.1767922884e+01,1.2707799746e+01,1.850793e-07
3.2239083180e+08,3.9663437050e+01,1.2715424738e+01,7.740600e-07
3.2261555298e+08,4.1944717508e+01,1.2724665580e+01,8.364380e-07
3.2280027457e+08,4.1282879414e+01,1.2732214583e+01,6.516578e-07
3.2298499576e+08,4.1567920585e+01,1.2739759824e+01,6.021614e-07
3.2320971735e+08,4.0793309982e+01,1.2748838018e+01,5.842644e-07
3.2339443854e+08,4.1587626086e+01,1.2756253839e+01,6.562768e-07
3.2361916012e+08,3.8379299915e+01,1.2765179369e+01,6.295517e-07
3.2380388131e+08,4.1871887997e+01,1.2772433308e+01,9.945949e-07
3.2398860250e+08,3.9947370696e+01,1.2779605096e+01,7.284642e-08
3.2421332409e+08,4.1600849303e+01,1.2788247226e+01,4.115003e-07
3.2439804528e+08,3.8385513097e+01,1.2795251503e+01,8.427554e-07
3.2458276687e+08,4.1256504842e+01,1.2802169969e+01,6.479823e-07
3.2480748805e+08,4.0020003448e+01,1.2810476250e+01,6.762766e-07
3.2499220964e+08,4.1099884274e+01,1.2817175372e+01,5.761669e-07
3.2521693083e+08,4.0438630621e+01,1.2825181800e+01,5.982571e-07
3.2540165202e+08,4.0822322401e+01,1.2831669368e+01,6.449013e-07
3.2558637361e+08,4.0725569253e+01,1.2838015398e+01,9.830157e-07
3.2581109479e+08,3.9397105068e+01,1.2845572484e+01,7.975464e-07
3.2599581638e+08,4.0889837930e+01,1.2851642984e+01,3.026681e-07
3.2618053757e+08,4.0114716505e+01,1.2857531146e+01,8.275997e-07
3.2640525916e+08,3.9547097227e+01,1.2864480261e+01,9.591419e-07
3.2658998035e+08,4.0252580879e+01,1.2869930842e+01,7.097525e-07
3.2681470153e+08,3.8452190811e+01,1.2876226153e+01,7.244912e-07
3.2699942312e+08,3.9574331706e+01,1.2881012438e+01,5.892281e-07
3.2718414431e+08,3.8618727657e+01,1.2885359824e+01,6.375434e-07
3.2740886590e+08,3.7404308531e+01,1.2889490274e+01,6.014972e-07
3.2759358709e+08,3.8354675335e+01,1.2891628085e+01,7.781971e-07
3.2781830867e+08,3.8879292241e+01,1.2896173565e+01,7.113525e-07
3.2800302986e+08,3.9558133596e+01,1.2900672955e+01,6.404082e-07
3.2818775105e+08,3.9068649150e+01,1.2905532271e+01,1.005551e-06
3.2841247264e+08,4.0065660138e+01,1.2911846217e+01,4.553253e-08
3.2859719383e+08,3.6019407748e+01,1.2917261833e+01,7.082998e-07
3.2878191541e+08,4.0417532085e+01,1.2922840387e+01,5.942538e-07
3.2900663660e+08,4.0317731418e+01,1.2929786171e+01,6.140679e-07
3.2919135819e+08,3.9064316046e+01,1.2935638225e+01,6.195927e-07
3.2941607938e+08,4.0865687095e+01,1.2942873214e+01,6.033106e-07
3.2960080057e+08,4.0589820812e+01,1.2948915067e+01,7.315068e-07
3.2978552216e+08,4.0955919872e+01,1.2955079002e+01,8.660447e-07
3.3001024334e+08,4.1133662616e+01,1.2962681637e+01,9.125863e-07
3.3019496493e+08,4.0620928693e+01,1.2969035839e+01,4.608343e-08
3.3041968612e+08,4.1567498683e+01,1.2976909871e+01,1.179859e-07
3.3060440771e+08,4.0707132967e+01,1.2983446423e+01,7.773053e-07
3.3078912890e+08,4.1777303725e+01,1.2990085648e+01,6.244991e-07
3.3101385008e+08,4.1033284629e+01,1.2998256066e+01,6.318568e-07
3.3119857167e+08,4.1471885637e+01,1.3005011820e+01,5.955886e-07
3.3138329286e+08,4.1340961767e+01,1.3011854392e+01,7.213994e-07
3.3160801445e+08,4.1861438071e+01,1.3020222914e+01,6.654928e-07
3.3179273564e+08,4.1298596088e+01,1.3027182594e+01,8.697646e-07
3.3201745722e+08,4.1852048362e+01,1.3035686565e+01,7.970746e-07
3.3220217841e+08,4.1915767111e+01,1.3042756745e+01,1.620500e-07
3.3238689960e+08,4.0618985988e+01,1.3049854955e+01,7.824712e-07
3.3261162119e+08,4.2292779561e+01,1.3058580332e+01,9.393887e-07
3.3279634238e+08,4.1875613007e+01,1.3065789626e+01,6.613242e-07
3.3298106396e+08,4.1364501135e+01,1.3073064983e+01,6.085938e-07
3.3320578515e+08,4.2469591264e+01,1.3081952105e+01,6.012331e-07
3.3339050674e+08,4.1921854291e+01,1.3089313222e+01,6.396716e-07
3.3361522793e+08,4.1467274769e+01,1.3098378663e+01,6.135045e-07
3.3379994912e+08,4.2551168848e+01,1.3105890629e+01,8.463749e-07
3.3398467070e+08,4.2368257957e+01,1.3113459492e+01,6.629009e-08
3.3420939189e+08,4.2299252955e+01,1.3122772731e+01,7.384248e-07
3.3439411348e+08,4.2602144799e+01,1.3130464166e+01,8.927706e-07
3.3461883467e+08,4.2745992076e+01,1.3139920466e+01,7.473474e-07
3.3480355626e+08,4.0376822179e+01,1.3147736756e+01,7.134353e-07
3.3498827744e+08,4.2847197087e+01,1.3155607135e+01,5.930415e-07
3.3521299863e+08,4.1478571219e+01,1.3165240083e+01,6.240405e-07
3.3539772022e+08,4.3179856382e+01,1.3173182875e+01,6.221706e-07
3.3558244141e+08,4.1575649147e+01,1.3181178528e+01,8.272459e-07
3.3580716300e+08,4.3399969151e+01,1.3190929117e+01,7.043280e-07
3.3599188419e+08,4.3049715593e+01,1.3199000110e+01,8.448940e-07
3.3621660577e+08,4.2174785507e+01,1.3208819014e+01,8.977273e-07
3.3640132696e+08,4.3542482005e+01,1.3216937613e+01,7.062879e-07
3.3658604815e+08,4.2687082156e+01,1.3225041566e+01,7.358999e-07
3.3681076974e+08,4.2816787729e+01,1.3234948706e+01,8.209444e-07
3.3699549093e+08,4.3602188253e+01,1.3243063777e+01,6.220230e-07
3.3718021251e+08,4.1604260428e+01,1.3251187010e+01,5.953551e-07
3.3740493370e+08,4.3146651303e+01,1.3261100463e+01,5.875586e-07
3.3758965529e+08,4.3548503050e+01,1.3269245165e+01,6.705763e-07
3.3781437648e+08,4.3111370582e+01,1.3279163177e+01,6.449193e-07
3.3799909767e+08,4.2522875509e+01,1.3287325552e+01,9.696469e-07
3.3818381925e+08,4.3453223090e+01,1.3295449833e+01,6.639251e-07
3.3840854044e+08,4.2882696425e+01,1.3305333781e+01,4.574555e-07
3.3859326203e+08,4.3147462871e+01,1.3313398664e+01,8.568465e-07
3.3881798322e+08,4.3466548554e+01,1.3323188309e+01,8.795169e-07
3.3900270481e+08,4.1866530107e+01,1.3331157651e+01,6.812687e-07
3.3918742599e+08,4.3479758225e+01,1.3339085491e+01,5.851111e-07
3.3941214718e+08,4.1925701898e+01,1.3348618995e+01,5.839773e-07
3.3959686877e+08,4.3513946944e+01,1.3356398642e+01,6.324532e-07
3.3978158996e+08,4.2502808925e+01,1.3364121175e+01,1.014066e-06
3.4000631155e+08,4.2785076585e+01,1.3373413869e+01,8.632707e-07
3.4019103273e+08,4.3156754042e+01,1.3381021121e+01,8.406049e-08
3.4041575432e+08,4.2860882796e+01,1.3390161217e+01,7.720616e-07
3.4060047551e+08,4.2376238474e+01,1.3397636444e+01,8.957025e-07
3.4078519670e+08,4.3211438464e+01,1.3405008174e+01,6.715189e-07
3.4100991829e+08,4.0238883386e+01,1.3413896115e+01,7.316652e-07
3.4119463947e+08,4.2769426999e+01,1.3421112312e+01,5.762892e-07
3.4141936106e+08,4.3143150144e+01,1.3429769822e+01,6.056235e-07
3.4160408225e+08,4.2248718749e+01,1.3436783827e+01,6.235762e-07
3.4178880384e+08,4.1519778292e+01,1.3443727888e+01,8.120104e-07
3.4201352503e+08,4.2780873855e+01,1.3452016129e+01,7.236613e-07
3.4219824622e+08,4.1176384855e+01,1.3458740164e+01,5.106842e-07
3.4238296780e+08,4.2593117943e+01,1.3465343486e+01,8.954426e-07
3.4260768899e+08,4.2269927983e+01,1.3473289209e+01,9.990636e-07
3.4279241058e+08,4.1778315557e+01,1.3479697194e+01,7.337067e-07
3.4301713177e+08,4.2168739398e+01,1.3487403813e+01,7.522511e-07
3.4320185336e+08,4.1643961232e+01,1.3493591746e+01,6.081671e-07
3.4338657454e+08,4.1952535691e+01,1.3499696551e+01,6.147516e-07
3.4361129573e+08,4.0829939402e+01,1.3506923254e+01,5.942737e-07
3.4379601732e+08,4.1576354578e+01,1.3512731022e+01,7.283944e-07
3.4398073851e+08,3.8603918591e+01,1.3518383442e+01,4.731281e-07
3.4420546010e+08,4.1473140443e+01,1.3525069912e+01,9.812669e-07
3.4439018128e+08,3.9143598182e+01,1.3530386727e+01,5.369665e-07
3.4461490287e+08,4.1376149023e+01,1.3536626793e+01,1.759363e-07
3.4479962406e+08,3.9757314944e+01,1.3541496391e+01,7.426820e-07
3.4498434525e+08,3.9877946135e+01,1.3546100955e+01,5.995106e-07
3.4520906684e+08,4.0176762657e+01,1.3551063703e+01,6.430784e-07
3.4539378802e+08,3.7124287281e+01,1.3554019007e+01,6.143075e-07
3.4561850961e+08,3.7680076400e+01,1.3557375311e+01,6.017894e-07
3.4580323080e+08,4.0772992471e+01,1.3561433446e+01,6.891450e-07
3.4598795239e+08,3.9280810376e+01,1.3565998379e+01,9.029332e-07
3.4621267358e+08,4.1327462706e+01,1.3571992705e+01,8.296351e-07
3.4639739476e+08,4.0471083780e+01,1.3577167318e+01,1.776552e-08
3.4658211635e+08,4.1497818608e+01,1.3582490000e+01,7.621291e-07
3.4680683754e+08,3.8022155219e+01,1.3589164857e+01,8.579756e-07
3.4699155913e+08,4.1793753791e+01,1.3594774246e+01,6.508802e-07
3.4721628032e+08,3.9662130438e+01,1.3601744861e+01,6.775734e-07
3.4740100191e+08,4.2328453414e+01,1.3607571035e+01,5.979592e-07
3.4758572309e+08,4.1492823808e+01,1.3613505495e+01,6.594553e-07
3.4781044428e+08,4.2308984834e+01,1.3620801300e+01,6.394634e-07
3.4799516587e+08,4.1596010422e+01,1.3626895585e+01,8.209207e-07
3.4821988706e+08,4.2220781673e+01,1.3634358206e+01,7.955645e-07
3.4840460865e+08,4.0893145885e+01,1.3640556002e+01,5.249610e-07
3.4858932983e+08,4.2519294573e+01,1.3646783152e+01,8.911315e-07
3.4881405142e+08,4.1736576268e+01,1.3654423666e+01,7.708715e-07
3.4899877261e+08,4.2399815996e+01,1.3660794409e+01,6.966852e-07
3.4918349380e+08,4.2577699259e+01,1.3667184753e+01,5.979220e-07
3.4940821539e+08,4.2448271308e+01,1.3675029265e+01,6.076716e-07
3.4959293657e+08,4.2404902188e+01,1.3681555279e+01,6.181997e-07
3.4981765816e+08,4.2624389476e+01,1.3689523366e+01,6.056048e-07
3.5000237935e+08,4.2718575599e+01,1.3696142576e+01,7.555147e-07
3.5018710094e+08,4.2813232098e+01,1.3702774008e+01,8.241706e-07
3.5041182213e+08,4.2610064743e+01,1.3710927245e+01,9.011992e-07
3.5059654331e+08,4.3265413650e+01,1.3717636387e+01,8.822838e-07
3.5078126490e+08,4.2648259220e+01,1.3724398115e+01,7.203084e-07
3.5100598609e+08,4.2827408932e+01,1.3732621376e+01,7.552855e-07
3.5119070768e+08,4.3375500290e+01,1.3739440529e+01,6.199847e-07
3.5141542887e+08,4.2814089805e+01,1.3747744942e+01,6.524049e-07
3.5160015045e+08,4.2970955177e+01,1.3754623805e+01,5.987314e-07
3.5178487164e+08,4.3490879656e+01,1.3761489174e+01,7.337629e-07
3.5200959283e+08,4.2413287560e+01,1.3769884220e+01,6.597380e-07
3.5219431442e+08,4.3593398045e+01,1.3776775412e+01,9.143444e-07
3.5241903561e+08,4.1262038216e+01,1.3785201156e+01,9.442528e-07
3.5260375719e+08,4.3219043603e+01,1.3792131319e+01,1.870940e-07
3.5278847838e+08,4.3620998968e+01,1.3799069856e+01,8.164230e-07
3.5301319997e+08,4.0128967441e+01,1.3807554091e+01,9.078203e-07
3.5319792116e+08,4.3379670070e+01,1.3814556700e+01,6.534763e-07
3.5338264235e+08,4.3295332209e+01,1.3821560529e+01,5.801615e-07
3.5360736394e+08,4.3685981676e+01,1.3830142789e+01,5.716913e-07
3.5379208512e+08,4.1487188600e+01,1.3837211907e+01,6.512133e-07
3.5401680671e+08,4.4044621128e+01,1.3845860151e+01,6.219299e-07
3.5420152790e+08,4.2257039018e+01,1.3852979167e+01,9.616084e-07
3.5438624949e+08,4.3865694072e+01,1.3860139986e+01,4.496180e-07
3.5461097068e+08,4.3340544456e+01,1.3868848081e+01,6.847050e-07
3.5479569186e+08,4.3718619952e+01,1.3876046457e+01,8.564209e-07
3.5498041345e+08,4.1959817924e+01,1.3883247439e+01,6.516012e-07
3.5520513464e+08,4.3979195740e+01,1.3892041301e+01,6.968434e-07
3.5538985623e+08,4.2742713451e+01,1.3899271996e+01,5.873190e-07
3.5561457742e+08,4.4081033083e+01,1.3908101701e+01,5.950316e-07
3.5579929900e+08,4.3780110891e+01,1.3915345851e+01,6.026257e-07
3.5598402019e+08,4.2782422899e+01,1.3922626298e+01,9.153360e-07
3.5620874138e+08,4.4429919476e+01,1.3931465594e+01,7.751911e-07
3.5639346297e+08,4.2876670308e+01,1.3938733626e+01,6.628115e-07
3.5661818416e+08,4.3653499961e+01,1.3947620350e+01,8.191427e-07
3.5680290574e+08,4.4402380627e+01,1.3954921648e+01,9.731257e-07
3.5698762693e+08,4.1690717239e+01,1.3962249782e+01,7.111860e-07
3.5721234852e+08,4.4347628901e+01,1.3971189631e+01,7.707675e-07
3.5739706971e+08,4.3055472833e+01,1.3978563650e+01,5.888135e-07
3.5758179090e+08,4.4074593269e+01,1.3985939299e+01,6.326706e-07
3.5780651248e+08,4.4093544490e+01,1.3994977127e+01,6.024599e-07
3.5799123367e+08,4.4171533109e+01,1.4002414873e+01,7.680579e-07
3.5821595526e+08,4.2546345236e+01,1.4011520702e+01,7.001395e-07
3.5840067645e+08,4.4751849725e+01,1.4019012743e+01,8.681832e-07
3.5858539804e+08,4.3587216922e+01,1.4026541878e+01,9.808996e-07
3.5881011923e+08,4.4489411259e+01,1.4035700208e+01,2.044015e-07
3.5899484041e+08,4.4353278154e+01,1.4043284601e+01,7.433113e-07
3.5921956200e+08,4.4437773167e+01,1.4052510687e+01,7.925488e-07
3.5940428319e+08,4.3426868310e+01,1.4060131173e+01,6.186126e-07
3.5958900478e+08,4.4611926083e+01,1.4067796829e+01,6.032122e-07
3.5981372597e+08,4.4414097444e+01,1.4077134744e+01,5.989785e-07
3.5999844755e+08,4.4309106741e+01,1.4084868852e+01,6.866630e-07
3.6018316874e+08,4.4791892589e+01,1.4092614878e+01,9.490677e-07
3.6040788993e+08,4.4321045332e+01,1.4102089013e+01,8.789683e-07
3.6059261152e+08,4.4641104008e+01,1.4109925361e+01,1.445044e-08
3.6081733271e+08,4.4904591330e+01,1.4119460499e+01,7.976782e-08
3.6100205429e+08,4.4396457488e+01,1.4127338667e+01,7.784254e-07
3.6118677548e+08,4.4962892688e+01,1.4135215695e+01,6.252719e-07
3.6141149707e+08,4.4967365839e+01,1.4144867752e+01,6.885409e-07
3.6159621826e+08,4.4430174737e+01,1.4152807850e+01,6.081372e-07
3.6178093945e+08,4.5159581741e+01,1.4160794077e+01,7.012883e-07
3.6200566103e+08,4.4588974426e+01,1.4170517545e+01,6.369379e-07
3.6219038222e+08,4.5518237400e+01,1.4178556134e+01,8.386731e-07
3.6241510381e+08,4.3043995326e+01,1.4188340730e+01,7.791998e-07
3.6259982500e+08,4.5417421946e+01,1.4196417133e+01,8.077201e-08
3.6278454659e+08,4.3866636093e+01,1.4204517008e+01,8.453073e-07
3.6300926777e+08,4.5289652568e+01,1.4214390312e+01,9.480569e-07
3.6319398896e+08,4.5283752468e+01,1.4222517209e+01,6.869397e-07
3.6341871055e+08,4.5159533954e+01,1.4232467106e+01,7.059943e-07
3.6360343174e+08,4.5394344745e+01,1.4240662966e+01,5.888448e-07
3.6378815333e+08,4.5049602340e+01,1.4248895310e+01,6.269048e-07
3.6401287451e+08,4.5616953866e+01,1.4258970058e+01,6.212998e-07
3.6419759610e+08,4.5581904124e+01,1.4267264163e+01,7.916884e-07
3.6438231729e+08,4.4358326183e+01,1.4275596561e+01,3.880589e-07
3.6460703848e+08,4.5828929987e+01,1.4285783881e+01,8.773765e-07
3.6479176007e+08,4.4438920418e+01,1.4294161609e+01,8.811950e-07
3.6501648126e+08,4.6237719246e+01,1.4304405027e+01,7.129688e-07
3.6520120284e+08,4.5371905560e+01,1.4312865898e+01,7.422569e-07
3.6538592403e+08,4.5957101961e+01,1.4321325224e+01,6.095872e-07
3.6561064562e+08,4.6001705924e+01,1.4331683209e+01,6.418819e-07
3.6579536681e+08,4.5801179664e+01,1.4340200581e+01,5.958097e-07
3.6598008800e+08,4.6142791767e+01,1.4348768522e+01,7.781667e-07
3.6620480958e+08,4.5304855237e+01,1.4359195206e+01,6.780781e-07
3.6638953077e+08,4.6155173281e+01,1.4367809854e+01,9.202164e-07
3.6661425236e+08,4.3900761763e+01,1.4378293333e+01,8.976327e-07
3.6679897355e+08,4.6134733854e+01,1.4386906512e+01,6.608246e-07
3.6698369514e+08,4.5845673372e+01,1.4395509085e+01,7.768428e-07
3.6720841632e+08,4.6137203177e+01,1.4406007542e+01,8.568587e-07
3.6739313751e+08,4.6128857602e+01,1.4414625455e+01,6.292778e-07
3.6761785910e+08,4.5471358294e+01,1.4425134361e+01,6.755775e-07
3.6780258029e+08,4.6425898820e+01,1.4433813028e+01,5.877259e-07
3.6798730188e+08,4.6295866066e+01,1.4442493085e+01,6.688427e-07
3.6821202306e+08,4.6160152408e+01,1.4453105317e+01,6.274229e-07
3.6839674465e+08,4.6378691399e+01,1.4461883649e+01,9.250945e-07
3.6858146584e+08,4.6137423419e+01,1.4470655979e+01,4.841951e-07
3.6880618703e+08,4.6914889939e+01,1.4481376665e+01,1.814189e-07
3.6899090862e+08,4.5482956653e+01,1.4490185713e+01,9.069033e-07
3.6921562980e+08,4.6484089916e+01,1.4500866047e+01,9.112451e-07
3.6940035139e+08,4.6321393019e+01,1.4509650847e+01,6.911368e-07
3.6958507258e+08,4.6446580987e+01,1.4518388511e+01,5.789252e-07
3.6980979417e+08,4.6247930860e+01,1.4529016660e+01,5.821247e-07
3.6999451536e+08,4.6143623325e+01,1.4537705732e+01,6.260955e-07
3.7021923654e+08,4.6481840761e+01,1.4548290677e+01,6.065858e-07
3.7040395813e+08,4.3301656420e+01,1.4556976617e+01,8.448998e-07
3.7058867932e+08,4.6561447000e+01,1.4565645227e+01,3.639233e-07
3.7081340091e+08,4.5312676350e+01,1.4576162631e+01,8.681307e-07
3.7099812210e+08,4.6953591588e+01,1.4584799656e+01,8.945185e-07
3.7118284369e+08,4.6043105488e+01,1.4593392257e+01,6.884121e-07
3.7140756487e+08,4.5703721454e+01,1.4603862554e+01,7.682150e-07
3.7159228606e+08,4.6964510598e+01,1.4612459106e+01,5.944571e-07
3.7181700765e+08,4.6607256273e+01,1.4622913984e+01,6.082237e-07
3.7200172884e+08,4.5878637760e+01,1.4631509249e+01,6.084715e-07
3.7218645043e+08,4.6738842104e+01,1.4640130551e+01,7.816952e-07
3.7241117161e+08,4.6287932723e+01,1.4650598986e+01,7.150983e-07
3.7259589320e+08,4.7007862456e+01,1.4659246064e+01,8.903140e-07
3.7278061439e+08,4.4632740572e+01,1.4667893853e+01,9.114360e-07
3.7300533558e+08,4.6657331448e+01,1.4678386212e+01,9.459135e-07
3.7319005717e+08,4.6460069528e+01,1.4687009090e+01,7.610814e-07
3.7341477835e+08,4.6782766581e+01,1.4697450183e+01,7.640284e-07
3.7359949994e+08,4.6319289931e+01,1.4706041424e+01,6.012408e-07
3.7378422113e+08,4.6617341011e+01,1.4714588712e+01,6.004330e-07
3.7400894272e+08,4.6655513940e+01,1.4724993650e+01,6.036688e-07
3.7419366391e+08,4.4911714359e+01,1.4733501005e+01,7.307862e-07
3.7441838509e+08,4.6990160343e+01,1.4743827314e+01,6.805373e-07
3.7460310668e+08,4.2888429463e+01,1.4752271950e+01,9.402698e-07
3.7478782787e+08,4.7076375006e+01,1.4760678427e+01,4.276207e-07
3.7501254946e+08,4.5452506885e+01,1.4770851408e+01,9.500768e-08
3.7519727065e+08,4.6496672001e+01,1.4779192132e+01,7.657571e-07
3.7538199224e+08,4.6881068678e+01,1.4787477850e+01,6.212794e-07
3.7560671342e+08,4.5999536021e+01,1.4797501856e+01,6.706751e-07
3.7579143461e+08,4.5643965999e+01,1.4805711117e+01,6.046743e-07
3.7601615620e+08,4.6864058100e+01,1.4815603741e+01,5.866886e-07
3.7620087739e+08,4.5847865592e+01,1.4823652769e+01,6.593496e-07
3.7638559898e+08,4.6556452067e+01,1.4831644445e+01,8.671146e-07
3.7661032016e+08,4.4572479516e+01,1.4841228419e+01,8.188321e-07
3.7679504175e+08,4.6059523384e+01,1.4848989096e+01,6.039357e-08
3.7701976294e+08,4.5005188470e+01,1.4858294334e+01,4.507312e-07
3.7720448413e+08,4.6056407354e+01,1.4865779618e+01,8.840205e-07
3.7738920572e+08,4.4440898673e+01,1.4873135288e+01,6.702107e-07
3.7761392690e+08,4.5840959123e+01,1.4881833000e+01,7.006396e-07
3.7779864849e+08,4.5079016678e+01,1.4888785747e+01,6.020661e-07
3.7798336968e+08,4.4629373312e+01,1.4895482638e+01,6.442108e-07
3.7820809127e+08,4.4840901832e+01,1.4903277635e+01,6.162419e-07
3.7839281246e+08,4.3619191519e+01,1.4909216605e+01,7.971531e-07
3.7861753364e+08,4.2380149123e+01,1.4915461556e+01,7.650019e-07
3.7880225523e+08,4.2932055959e+01,1.4919420283e+01,7.861690e-07
3.7898697642e+08,4.4078529008e+01,1.4924837156e+01,9.364384e-07
3.7921169801e+08,4.5167638711e+01,1.4932195302e+01,6.962270e-07
3.7939641920e+08,4.4736440923e+01,1.4938627713e+01,7.195699e-07
3.7958114079e+08,4.4098243608e+01,1.4945335208e+01,6.035391e-07
3.7980586197e+08,4.5936175821e+01,1.4953753838e+01,6.173725e-07
3.7999058316e+08,4.5390702819e+01,1.4960835913e+01,6.082464e-07
3.8021530475e+08,4.5914122894e+01,1.4969646263e+01,6.007385e-07
3.8040002594e+08,4.4905248897e+01,1.4976995008e+01,7.447062e-07
3.8058474753e+08,4.6206446329e+01,1.4984461651e+01,9.277575e-07
3.8080946871e+08,4.5060368261e+01,1.4993649948e+01,9.047450e-07
3.8099419030e+08,4.6609649284e+01,1.5001307478e+01,7.087532e-07
3.8121891149e+08,4.5319263694e+01,1.5010690095e+01,1.418980e-07
3.8140363268e+08,4.6963980552e+01,1.5018485450e+01,8.175586e-07
3.8158835427e+08,4.4692282097e+01,1.5026338061e+01,6.336570e-07
3.8181307545e+08,4.6710483648e+01,1.5035943391e+01,6.596434e-07
3.8199779704e+08,4.5497140281e+01,1.5043893027e+01,5.908969e-07
3.8218251823e+08,4.6805434624e+01,1.5051862691e+01,7.124256e-07
3.8240723982e+08,4.4822005132e+01,1.5061608520e+01,6.364914e-07
3.8259196101e+08,4.7240174968e+01,1.5069635021e+01,9.159921e-07
3.8281668219e+08,4.5257596536e+01,1.5079428605e+01,9.407312e-07
3.8300140378e+08,4.6950903493e+01,1.5087511341e+01,4.583011e-07
3.8318612497e+08,4.7216276022e+01,1.5095580307e+01,8.606125e-07
3.8341084656e+08,4.6447841431e+01,1.5105423891e+01,9.304787e-07
3.8359556775e+08,4.6898761792e+01,1.5113548150e+01,6.542934e-07
3.8378028934e+08,4.7135301300e+01,1.5121661258e+01,5.813408e-07
3.8400501052e+08,4.6668427855e+01,1.5131575688e+01,5.875303e-07
3.8418973171e+08,4.7414461943e+01,1.5139735444e+01,6.545631e-07
3.8441445330e+08,4.7196005594e+01,1.5149721532e+01,6.071957e-07
3.8459917449e+08,4.7138830256e+01,1.5157923014e+01,9.222821e-07
3.8478389608e+08,4.6985445472e+01,1.5166169205e+01,3.469113e-07
3.8500861726e+08,4.7211579960e+01,1.5176188229e+01,7.902996e-07
3.8519333885e+08,4.7169338940e+01,1.5184464522e+01,9.214577e-07
3.8541806004e+08,4.7420873855e+01,1.5194525506e+01,9.533437e-07
3.8560278123e+08,4.7279774072e+01,1.5202835594e+01,7.258479e-07
3.8578750282e+08,4.7597637704e+01,1.5211134771e+01,5.798685e-07
3.8601222400e+08,4.7262419012e+01,1.5221277433e+01,5.859642e-07
3.8619694559e+08,4.7453633877e+01,1.5229598358e+01,6.037362e-07
3.8638166678e+08,4.6866701287e+01,1.5237942602e+01,8.905942e-07
3.8660638837e+08,4.7608327404e+01,1.5248078446e+01,7.565622e-07
3.8679110956e+08,4.6233482814e+01,1.5256416514e+01,8.100910e-07
3.8701583074e+08,4.7690619873e+01,1.5266580952e+01,9.135961e-07
3.8720055233e+08,4.7654370843e+01,1.5274923705e+01,9.752275e-07
3.8738527352e+08,4.6757269515e+01,1.5283283112e+01,7.267478e-07
3.8760999511e+08,4.7977507359e+01,1.5293500085e+01,8.081230e-07
3.8779471630e+08,4.5923407392e+01,1.5301898814e+01,5.978416e-07
3.8801943788e+08,4.8024461645e+01,1.5312135537e+01,6.416428e-07
3.8820415907e+08,4.6201095366e+01,1.5320547521e+01,6.011047e-07
3.8838888026e+08,4.7876723940e+01,1.5328944051e+01,7.552408e-07
3.8861360185e+08,4.7127143319e+01,1.5339148607e+01,6.929973e-07
3.8879832304e+08,4.7805610319e+01,1.5347549401e+01,9.349872e-07
3.8898304463e+08,4.5295537466e+01,1.5355926847e+01,9.198856e-07
3.8920776581e+08,4.8189563699e+01,1.5366105346e+01,2.129387e-07
3.8939248740e+08,4.5796481580e+01,1.5374461166e+01,7.938128e-07
3.8961720859e+08,4.8043986572e+01,1.5384602250e+01,8.063933e-07
3.8980192978e+08,4.7542570728e+01,1.5392916107e+01,6.198532e-07
3.8998665137e+08,4.7646749189e+01,1.5401237527e+01,5.977418e-07
3.9021137255e+08,4.8084017888e+01,1.5411318599e+01,5.995343e-07
3.9039609414e+08,4.7435989157e+01,1.5419618156e+01,6.795712e-07
3.9058081533e+08,4.7903582232e+01,1.5427878476e+01,9.406679e-07
3.9080553692e+08,4.7680216355e+01,1.5437905089e+01,8.254818e-07
3.9099025811e+08,4.7337021160e+01,1.5446153627e+01,4.183146e-08
3.9121497929e+08,4.7808837894e+01,1.5456137373e+01,9.388688e-08
3.9139970088e+08,4.7290172647e+01,1.5464351715e+01,8.434124e-07
3.9158442207e+08,4.7546724433e+01,1.5472527170e+01,6.600471e-07
3.9180914366e+08,4.7753275333e+01,1.5482478583e+01,7.057741e-07
3.9199386485e+08,4.7630514526e+01,1.5490608200e+01,6.011770e-07
3.9221858643e+08,4.7506481470e+01,1.5500499825e+01,5.974731e-07
3.9240330762e+08,4.8026786126e+01,1.5508580661e+01,6.229709e-07
3.9258802881e+08,4.7605389324e+01,1.5516667517e+01,8.171929e-07
3.9281275040e+08,4.7267961651e+01,1.5526448911e+01,7.720617e-07
3.9299747159e+08,4.8148063771e+01,1.5534490624e+01,8.960959e-08
3.9318219318e+08,4.7059042675e+01,1.5542482312e+01,8.886045e-07
3.9340691436e+08,4.7546126243e+01,1.5552190374e+01,8.942469e-07
3.9359163595e+08,4.7993029359e+01,1.5560110561e+01,7.210831e-07
3.9381635714e+08,4.4756075771e+01,1.5569717132e+01,7.565408e-07
3.9400107833e+08,4.7889802975e+01,1.5577567852e+01,6.128613e-07
3.9418579992e+08,4.7387987541e+01,1.5585367771e+01,6.240641e-07
3.9441052110e+08,4.6830596392e+01,1.5594834752e+01,6.054651e-07
3.9459524269e+08,4.7984177045e+01,1.5602566198e+01,7.629332e-07
3.9481996388e+08,4.7218924283e+01,1.5611940217e+01,6.978639e-07
3.9500468547e+08,4.7443783953e+01,1.5619634233e+01,9.019194e-07
3.9518940666e+08,4.7225879623e+01,1.5627268987e+01,8.477077e-07
3.9541412784e+08,4.7634681260e+01,1.5636529508e+01,6.139846e-07
3.9559884943e+08,4.6396738701e+01,1.5644090739e+01,7.767876e-07
3.9578357062e+08,4.7710527846e+01,1.5651591301e+01,6.092995e-07
3.9600829221e+08,4.6032886360e+01,1.5660668690e+01,6.416111e-07
3.9619301340e+08,4.7700599824e+01,1.5668056100e+01,5.972086e-07
3.9641773498e+08,4.6588065693e+01,1.5676988999e+01,5.982093e-07
3.9660245617e+08,4.7077487021e+01,1.5684250757e+01,6.805952e-07
3.9678717736e+08,4.7456616774e+01,1.5691488530e+01,9.314911e-07
3.9701189895e+08,4.6900854972e+01,1.5700211705e+01,8.689632e-07
3.9719662014e+08,4.6648752880e+01,1.5707354488e+01,5.533626e-07
3.9738134173e+08,4.7480756261e+01,1.5714427453e+01,8.204521e-07
3.9760606291e+08,4.6142511714e+01,1.5722963618e+01,9.097398e-07
3.9779078450e+08,4.6825807647e+01,1.5729936430e+01,6.571272e-07
3.9801550569e+08,4.7378784179e+01,1.5738310951e+01,6.980646e-07
3.9820022688e+08,4.4934202713e+01,1.5745135463e+01,5.820494e-07
3.9838494847e+08,4.6912856820e+01,1.5751897105e+01,6.575643e-07
3.9860966965e+08,4.7094414797e+01,1.5759996677e+01,6.229324e-07
3.9879439124e+08,4.5041066263e+01,1.5766576884e+01,9.270909e-07
3.9901911243e+08,4.6777190377e+01,1.5774444701e+01,8.674105e-07
3.9920383402e+08,4.6547794735e+01,1.5780834645e+01,7.471697e-07
3.9938855521e+08,4.5274587072e+01,1.5787109361e+01,9.375298e-07
3.9961327639e+08,4.6668717753e+01,1.5794638311e+01,9.239934e-07
3.9979799798e+08,4.5172482011e+01,1.5800703709e+01,6.878904e-07
4.0000000037e+08,4.6185590886e+01,1.5807215660e+01,6.711705e-07
