time_years,cumulative_log_growth,mean_megno,relative_energy_error
2.0472160000e+05,1.2970616556e+01,2.0220887328e+00,9.957612e-07
3.8944280001e+05,1.3380392208e+01,2.0143011526e+00,6.863240e-07
6.1416440000e+05,1.4020721047e+01,2.0120013894e+00,7.447639e-07
7.9888559996e+05,1.4202971664e+01,2.0119482554e+00,5.879618e-07
9.8360679991e+05,1.4480644937e+01,2.0108630788e+00,6.520859e-07
1.2083283999e+06,1.4653622705e+01,2.0097003680e+00,6.196376e-07
1.3930495998e+06,1.4688064804e+01,2.0082800848e+00,7.824611e-07
1.6177711998e+06,1.5175964114e+01,2.0055567196e+00,7.072494e-07
1.8024923997e+06,1.4972863866e+01,2.0029244589e+00,7.385212e-07
1.9872135997e+06,1.4968409990e+01,2.0004860993e+00,1.026576e-06
2.2119351998e+06,1.5461784807e+01,1.9982225499e+00,1.728532e-07
2.3966563999e+06,1.5282745976e+01,1.9972885090e+00,7.003372e-07
2.5813780001e+06,1.5365772550e+01,1.9963839110e+00,5.945675e-07
2.8060992003e+06,1.5679117079e+01,1.9952075541e+00,6.069508e-07
2.9908204005e+06,1.5430475364e+01,1.9943214720e+00,6.197833e-07
3.2155420007e+06,1.5600872497e+01,1.9929587377e+00,6.044375e-07
3.4002632009e+06,1.5838103716e+01,1.9917418465e+00,7.402408e-07
3.5849848010e+06,1.5559255735e+01,1.9909823917e+00,8.242751e-07
3.8097060013e+06,1.5805899334e+01,1.9902775647e+00,8.977659e-07
3.9944272014e+06,1.5941073259e+01,1.9899625621e+00,5.585872e-07
4.2191488016e+06,1.5975593026e+01,1.9898681315e+00,5.163273e-08
4.4038700018e+06,1.5994704015e+01,1.9897651955e+00,7.396041e-07
4.5885916020e+06,1.5992167595e+01,1.9895098534e+00,6.105274e-07
4.8133128022e+06,1.6131007188e+01,1.9890441034e+00,6.473778e-07
4.9980340024e+06,1.6122707835e+01,1.9886374900e+00,6.107559e-07
5.1827556025e+06,1.6022678716e+01,1.9882481696e+00,7.152803e-07
5.4074768027e+06,1.6333577735e+01,1.9878201849e+00,6.691008e-07
5.5921984029e+06,1.6238518721e+01,1.9874514659e+00,8.700293e-07
5.8169196031e+06,1.6170035863e+01,1.9871325593e+00,8.484455e-07
6.0016408033e+06,1.6492525057e+01,1.9869795581e+00,5.820131e-08
6.1863624035e+06,1.6262311396e+01,1.9868502056e+00,8.285737e-07
6.4110836037e+06,1.6294294693e+01,1.9867088487e+00,9.241796e-07
6.5958052038e+06,1.6613471552e+01,1.9868483909e+00,6.630147e-07
6.7805264040e+06,1.6279372951e+01,1.9871329079e+00,6.058489e-07
7.0052476042e+06,1.6433175387e+01,1.9874433727e+00,5.806369e-07
7.1899692044e+06,1.6687543678e+01,1.9878171636e+00,6.523648e-07
7.4146904046e+06,1.6535749819e+01,1.9884650143e+00,6.404069e-07
7.5994120048e+06,1.6440761667e+01,1.9888294691e+00,8.422428e-07
7.7841332050e+06,1.6684162914e+01,1.9892305680e+00,2.853327e-07
8.0088544052e+06,1.6712457070e+01,1.9898037300e+00,4.902625e-07
8.1935760053e+06,1.6601134843e+01,1.9902315565e+00,8.903109e-07
8.4182972054e+06,1.6630467573e+01,1.9905808995e+00,8.427924e-07
8.6030188047e+06,1.6731085778e+01,1.9907890359e+00,7.027712e-07
8.7877400040e+06,1.6867754002e+01,1.9910975450e+00,6.031218e-07
9.0124612032e+06,1.6618268673e+01,1.9913738976e+00,6.180657e-07
9.1971828025e+06,1.6725907331e+01,1.9913968007e+00,6.190489e-07
9.3819040018e+06,1.6836818027e+01,1.9914056738e+00,8.278065e-07
9.6066256010e+06,1.6804780022e+01,1.9915963226e+00,6.962670e-07
9.7913468003e+06,1.7020063634e+01,1.9919649520e+00,6.516926e-07
1.0016067999e+07,1.6779472628e+01,1.9923355788e+00,8.167751e-07
1.0200789599e+07,1.6933847458e+01,1.9928914083e+00,8.729912e-07
1.0385510798e+07,1.7140551916e+01,1.9939009358e+00,7.186559e-07
1.0610232397e+07,1.6768462727e+01,1.9948870654e+00,7.926377e-07
1.0794953597e+07,1.6909302243e+01,1.9956629150e+00,6.194801e-07
1.1019674796e+07,1.7319250962e+01,1.9972319225e+00,6.293051e-07
1.1204396395e+07,1.6837391980e+01,1.9985094746e+00,5.956368e-07
1.1389117594e+07,1.6807725838e+01,1.9997348449e+00,7.161184e-07
1.1613839193e+07,1.7460844254e+01,2.0018609693e+00,6.526091e-07
1.1798560393e+07,1.7234020619e+01,2.0039820281e+00,9.214080e-07
1.1983281592e+07,1.6816257685e+01,2.0059079088e+00,8.585498e-07
1.2208003191e+07,1.6891218169e+01,2.0082184849e+00,3.463291e-07
1.2392724391e+07,1.7356184877e+01,2.0102974352e+00,7.784336e-07
1.2617445990e+07,1.7488945661e+01,2.0133363628e+00,8.463202e-07
1.2802167189e+07,1.6958976990e+01,2.0155758372e+00,6.447678e-07
1.2986888388e+07,1.6968163990e+01,2.0179869445e+00,5.972132e-07
1.3211609988e+07,1.7693845357e+01,2.0213338340e+00,5.800572e-07
1.3396331187e+07,1.7374782385e+01,2.0244931875e+00,6.871243e-07
1.3581052786e+07,1.7042273018e+01,2.0273301052e+00,1.036088e-06
1.3805773985e+07,1.7288348335e+01,2.0307329086e+00,8.924005e-07
1.3990495185e+07,1.7521591878e+01,2.0340720426e+00,1.885140e-07
1.4215216784e+07,1.7153849734e+01,2.0379291238e+00,1.667079e-07
1.4399937983e+07,1.7008409571e+01,2.0411699483e+00,8.035643e-07
1.4584659582e+07,1.7684425208e+01,2.0449861732e+00,6.232951e-07
1.4809380782e+07,1.7135211223e+01,2.0497994564e+00,6.683949e-07
1.4994101981e+07,1.7174256966e+01,2.0534591292e+00,5.966423e-07
1.5218823580e+07,1.7488604055e+01,2.0580744112e+00,5.931127e-07
1.5403544779e+07,1.8057080094e+01,2.0622659251e+00,6.552956e-07
1.5588266379e+07,1.7174187423e+01,2.0663518057e+00,8.502407e-07
1.5812987578e+07,1.7226648870e+01,2.0712476526e+00,7.845764e-07
1.5997708777e+07,1.7191136093e+01,2.0752084768e+00,2.693686e-07
1.6182430376e+07,1.7938533444e+01,2.0794996000e+00,8.711264e-07
1.6407151576e+07,1.7093112514e+01,2.0846862699e+00,1.028665e-06
1.6591873175e+07,1.7518754537e+01,2.0887463530e+00,6.716465e-07
1.6816594374e+07,1.7079659348e+01,2.0936256975e+00,6.794806e-07
1.7001315573e+07,1.8393376112e+01,2.0977949352e+00,5.801545e-07
1.7186037173e+07,1.7376739731e+01,2.1018845127e+00,6.424312e-07
1.7410758372e+07,1.7517639588e+01,2.1064094587e+00,6.368345e-07
1.7595479971e+07,1.8352094356e+01,2.1102204240e+00,8.007117e-07
1.7780201171e+07,1.7304676430e+01,2.1144905591e+00,2.527879e-07
1.8004922370e+07,1.7494503083e+01,2.1193022226e+00,5.570956e-07
1.8189643969e+07,1.8333963117e+01,2.1234125286e+00,8.935891e-07
1.8414365168e+07,1.7790608049e+01,2.1290246394e+00,6.961890e-07
1.8599086767e+07,1.7905534049e+01,2.1334683606e+00,6.996381e-07
1.8783807967e+07,1.7207658240e+01,2.1382133351e+00,5.949498e-07
1.9008529166e+07,1.8230892187e+01,2.1444112171e+00,6.155871e-07
1.9193250765e+07,1.8045543343e+01,2.1499810195e+00,6.292437e-07
1.9417971964e+07,1.7730242576e+01,2.1564817654e+00,6.003431e-07
1.9602693564e+07,1.7611924560e+01,2.1618796768e+00,6.965514e-07
1.9787414763e+07,1.8284067262e+01,2.1669420373e+00,8.324077e-07
2.0012135962e+07,1.8143730539e+01,2.1733182308e+00,8.881543e-07
2.0196857562e+07,1.7781675299e+01,2.1781425198e+00,6.642550e-07
2.0381578761e+07,1.7902560330e+01,2.1830934810e+00,7.051235e-07
2.0606300360e+07,1.7624743629e+01,2.1888544084e+00,8.123707e-07
2.0791021559e+07,1.8783187787e+01,2.1935994554e+00,6.240157e-07
2.1015742758e+07,1.7292065873e+01,2.1988343239e+00,6.357295e-07
2.1200464358e+07,1.7770752231e+01,2.2027311781e+00,5.983067e-07
2.1385185557e+07,1.8808575290e+01,2.2064974680e+00,6.912894e-07
2.1609907156e+07,1.7555417457e+01,2.2110366823e+00,6.540109e-07
2.1794628356e+07,1.7338672004e+01,2.2146111250e+00,9.073562e-07
2.2019349555e+07,1.8821395935e+01,2.2191665181e+00,8.576312e-07
2.2204071154e+07,1.7296544297e+01,2.2230996677e+00,2.978421e-07
2.2388792353e+07,1.8177242880e+01,2.2269471588e+00,8.180854e-07
2.2613513953e+07,1.8020507456e+01,2.2315629356e+00,8.817185e-07
2.2798235152e+07,1.8489902956e+01,2.2355954169e+00,6.639918e-07
2.2982956351e+07,1.7506468486e+01,2.2395591913e+00,5.968740e-07
2.3207677950e+07,1.8307176929e+01,2.2441974431e+00,5.971864e-07
2.3392399150e+07,1.7610510957e+01,2.2481434414e+00,6.478997e-07
2.3617120749e+07,1.8724206478e+01,2.2527705595e+00,6.172483e-07
2.3801841948e+07,1.8248771274e+01,2.2567983718e+00,8.326867e-07
2.3986563147e+07,1.8185457477e+01,2.2603878710e+00,2.160673e-07
2.4211284747e+07,1.8195218514e+01,2.2648126930e+00,4.367815e-07
2.4396005946e+07,1.7941665495e+01,2.2682876311e+00,8.673331e-07
2.4580727545e+07,1.8928492523e+01,2.2717591298e+00,6.567697e-07
2.4805448744e+07,1.7811491435e+01,2.2753408329e+00,7.114067e-07
2.4990170344e+07,1.8046890751e+01,2.2776231570e+00,6.074673e-07
2.5214891543e+07,1.8651083066e+01,2.2798695432e+00,6.206256e-07
2.5399612742e+07,1.7527171827e+01,2.2814129784e+00,6.265700e-07
2.5584334341e+07,1.7591686443e+01,2.2824900304e+00,7.768778e-07
2.5809055541e+07,1.8765172344e+01,2.2834418438e+00,7.140185e-07
2.5993777140e+07,1.7386680851e+01,2.2839054918e+00,4.962768e-07
2.6218498339e+07,1.7930273506e+01,2.2840811921e+00,9.462859e-07
2.6403219538e+07,1.8362420327e+01,2.2840709516e+00,9.331454e-07
2.6587941138e+07,1.8363426650e+01,2.2841496818e+00,7.282185e-07
2.6812662337e+07,1.7638140429e+01,2.2837441775e+00,7.507803e-07
2.6997383936e+07,1.8182330378e+01,2.2830433692e+00,5.996155e-07
2.7182105136e+07,1.7568817732e+01,2.2820549939e+00,6.046692e-07
2.7406826335e+07,1.8513756136e+01,2.2804944334e+00,5.999222e-07
2.7591547934e+07,1.8057714484e+01,2.2790688755e+00,7.258653e-07
2.7816269133e+07,1.7883908524e+01,2.2767833876e+00,7.068760e-07
2.8000990732e+07,1.7700806963e+01,2.2747102956e+00,1.021417e-06
2.8185711932e+07,1.7917507284e+01,2.2724773508e+00,7.950979e-07
2.8410433131e+07,1.8298356298e+01,2.2697073704e+00,2.119153e-07
2.8595154730e+07,1.8199603843e+01,2.2673293301e+00,7.425063e-07
2.8819875929e+07,1.7748872645e+01,2.2640101093e+00,8.076635e-07
2.9004597529e+07,1.8100497268e+01,2.2611469174e+00,6.376008e-07
2.9189318728e+07,1.7954668070e+01,2.2584074116e+00,6.096399e-07
2.9414039927e+07,1.7780928582e+01,2.2547211263e+00,5.918197e-07
2.9598761527e+07,1.8330311369e+01,2.2517711470e+00,6.882459e-07
2.9783482726e+07,1.7914670054e+01,2.2489462814e+00,9.476806e-07
3.0008204325e+07,1.7821298401e+01,2.2453173239e+00,8.627209e-07
3.0192925524e+07,1.8268347688e+01,2.2424421486e+00,2.374112e-07
3.0417646723e+07,1.8274226451e+01,2.2391947231e+00,9.087048e-08
3.0602368323e+07,1.7799818063e+01,2.2364517083e+00,8.791131e-07
3.0787089522e+07,1.7905026272e+01,2.2336543631e+00,6.178074e-07
3.1011811121e+07,1.7863326053e+01,2.2302023946e+00,6.535141e-07
3.1196532321e+07,1.8370443415e+01,2.2273531022e+00,5.906459e-07
3.1381253520e+07,1.7987302051e+01,2.2245083259e+00,7.028687e-07
3.1605975119e+07,1.7908730803e+01,2.2208058325e+00,6.623777e-07
3.1790696318e+07,1.7924356039e+01,2.2176883355e+00,8.659025e-07
3.2015417917e+07,1.8323527708e+01,2.2139410033e+00,7.951945e-07
3.2200139117e+07,1.8158351687e+01,2.2109197629e+00,3.207586e-07
3.2384860316e+07,1.8189879738e+01,2.2078826275e+00,8.519296e-07
3.2609581915e+07,1.7861918435e+01,2.2041092999e+00,9.242258e-07
3.2794303115e+07,1.8044083406e+01,2.2010584535e+00,6.547854e-07
3.3019024714e+07,1.8266888939e+01,2.1975512015e+00,6.906781e-07
3.3203745913e+07,1.7948095250e+01,2.1945606688e+00,5.935711e-07
3.3388467112e+07,1.8160857028e+01,2.1915907146e+00,6.461661e-07
3.3613188713e+07,1.8198416926e+01,2.1880982152e+00,6.235515e-07
3.3797909915e+07,1.7944648155e+01,2.1851305057e+00,7.954415e-07
3.3982631518e+07,1.8205179418e+01,2.1821855138e+00,1.377660e-07
3.4207352721e+07,1.8194513713e+01,2.1787649215e+00,7.638534e-07
3.4392073924e+07,1.7956236369e+01,2.1759286136e+00,8.920984e-07
3.4616795528e+07,1.8004095770e+01,2.1724494192e+00,7.793510e-07
3.4801516730e+07,1.8094816560e+01,2.1696085717e+00,6.921018e-07
3.4986237933e+07,1.8242344889e+01,2.1668193597e+00,6.056583e-07
3.5210959536e+07,1.8193565891e+01,2.1634437228e+00,6.301119e-07
3.5395680739e+07,1.7978086017e+01,2.1606426691e+00,6.214335e-07
3.5580402342e+07,1.8180913181e+01,2.1578926051e+00,7.547956e-07
3.5805123545e+07,1.8388110835e+01,2.1546601306e+00,6.899103e-07
3.5989844748e+07,1.8060702462e+01,2.1520794768e+00,5.989258e-07
3.6214566351e+07,1.8084681852e+01,2.1489636802e+00,9.218525e-07
3.6399287554e+07,1.8107596552e+01,2.1464102512e+00,6.985334e-07
3.6584009157e+07,1.8112805438e+01,2.1439245776e+00,7.545628e-07
3.6808730360e+07,1.8179740016e+01,2.1409931359e+00,8.193723e-07
3.6993451563e+07,1.8149834799e+01,2.1385899156e+00,6.310146e-07
3.7218173166e+07,1.8063640813e+01,2.1357510433e+00,6.479997e-07
3.7402894369e+07,1.8134910509e+01,2.1334598222e+00,5.923909e-07
3.7587615972e+07,1.8177683798e+01,2.1311950449e+00,6.777858e-07
3.7812337175e+07,1.8129622168e+01,2.1284913673e+00,6.612977e-07
3.7997058378e+07,1.8100469333e+01,2.1262782038e+00,1.010829e-06
3.8181779981e+07,1.8208981804e+01,2.1241206854e+00,4.184213e-07
3.8406501184e+07,1.8314833861e+01,2.1215628498e+00,2.366168e-07
3.8591222787e+07,1.8087954302e+01,2.1194854265e+00,8.074001e-07
3.8815943990e+07,1.7787068479e+01,2.1169927469e+00,8.677593e-07
3.9000665193e+07,1.8460734609e+01,2.1150251769e+00,6.499315e-07
3.9185386796e+07,1.8343072221e+01,2.1132456327e+00,5.957415e-07
3.9410107999e+07,1.7925073623e+01,2.1111596881e+00,5.975781e-07
3.9594829202e+07,1.7961616447e+01,2.1095419717e+00,6.661896e-07
3.9819550805e+07,1.7947206771e+01,2.1077972935e+00,6.163824e-07
4.0004272008e+07,1.8605726726e+01,2.1066266380e+00,8.098857e-07
4.0188993611e+07,1.8405167172e+01,2.1056683219e+00,2.382078e-07
4.0413714814e+07,1.7826105622e+01,2.1045565722e+00,2.714146e-07
4.0598436017e+07,1.8732442857e+01,2.1038557471e+00,8.853121e-07
4.0783157619e+07,1.8589046190e+01,2.1034845169e+00,6.543861e-07
4.1007878823e+07,1.8019064200e+01,2.1030860860e+00,6.802949e-07
4.1192600426e+07,1.8457353677e+01,2.1029446600e+00,5.841113e-07
4.1417321629e+07,1.8854875871e+01,2.1032183818e+00,5.968400e-07
4.1602042832e+07,1.8131440827e+01,2.1035088815e+00,6.502589e-07
4.1786764434e+07,1.8058241023e+01,2.1039607524e+00,8.181550e-07
4.2011485638e+07,1.8836379845e+01,2.1048545211e+00,7.828231e-07
4.2196207241e+07,1.8459909442e+01,2.1057794883e+00,2.436792e-07
4.2380928443e+07,1.8616517008e+01,2.1066593428e+00,9.605555e-07
4.2605649647e+07,1.8005277694e+01,2.1078959232e+00,9.870046e-07
4.2790371249e+07,1.9295405470e+01,2.1089942457e+00,6.752359e-07
4.3015092453e+07,1.8706814112e+01,2.1105560982e+00,7.145852e-07
4.3199814055e+07,1.8581974269e+01,2.1118070254e+00,5.919191e-07
4.3384535258e+07,1.8076567907e+01,2.1132234833e+00,6.339002e-07
4.3609256462e+07,1.8907385483e+01,2.1150810116e+00,6.197856e-07
4.3793978064e+07,1.8872555774e+01,2.1168469549e+00,7.781126e-07
4.4018699268e+07,1.8837368829e+01,2.1189267444e+00,7.349618e-07
4.4203420470e+07,1.7906526018e+01,2.1207214150e+00,8.840449e-07
4.4388142073e+07,1.9290320677e+01,2.1227207441e+00,8.932787e-07
4.4612863277e+07,1.8926340496e+01,2.1251691923e+00,7.796676e-07
4.4797584879e+07,1.8071764169e+01,2.1273106241e+00,6.993060e-07
4.4982306082e+07,1.9537828248e+01,2.1295459949e+00,5.823655e-07
4.5207027285e+07,1.8272360227e+01,2.1324668699e+00,6.151726e-07
4.5391748888e+07,1.8705297942e+01,2.1348351735e+00,6.175702e-07
4.5616470092e+07,1.9246882364e+01,2.1378410312e+00,6.021377e-07
4.5801191694e+07,1.9230012335e+01,2.1405690503e+00,7.026813e-07
4.5985912897e+07,1.8192314385e+01,2.1432028861e+00,8.277955e-07
4.6210634100e+07,1.9250758562e+01,2.1465346821e+00,8.945825e-07
4.6395355703e+07,1.8391958131e+01,2.1492578804e+00,6.637990e-07
4.6580076906e+07,1.9537440454e+01,2.1521616237e+00,7.381662e-07
4.6804798509e+07,1.8650066939e+01,2.1555983318e+00,8.703900e-07
4.6989519712e+07,1.8874555486e+01,2.1585070826e+00,6.323325e-07
4.7214240915e+07,1.9223090010e+01,2.1619609115e+00,6.352208e-07
4.7398962518e+07,1.9536204885e+01,2.1649438582e+00,5.820470e-07
4.7583683721e+07,1.7986092900e+01,2.1678261352e+00,6.872946e-07
4.7808405324e+07,1.9284073076e+01,2.1711684117e+00,6.608297e-07
4.7993126527e+07,1.9404333244e+01,2.1737712244e+00,9.248363e-07
4.8217847730e+07,1.8169170833e+01,2.1768794749e+00,8.381975e-07
4.8402569333e+07,1.9009638886e+01,2.1793457978e+00,1.884168e-07
4.8587290536e+07,1.9248742923e+01,2.1817135200e+00,8.415152e-07
4.8812011739e+07,1.8924784708e+01,2.1847087739e+00,8.611960e-07
4.8996733342e+07,1.9306337729e+01,2.1869812590e+00,6.574959e-07
4.9181454545e+07,1.8195607003e+01,2.1892655866e+00,5.994790e-07
4.9406176148e+07,1.9665844923e+01,2.1921200434e+00,6.113802e-07
4.9590897351e+07,1.8269646970e+01,2.1944670030e+00,6.556208e-07
4.9815618554e+07,1.9016074720e+01,2.1972053586e+00,6.153496e-07
5.0000340157e+07,1.8500420298e+01,2.1994803798e+00,7.580059e-07
5.0185061360e+07,1.9301475096e+01,2.2017153734e+00,1.238001e-07
5.0409782963e+07,1.8556834472e+01,2.2045214257e+00,4.347247e-07
5.0594504166e+07,1.9328022783e+01,2.2066595165e+00,8.798124e-07
5.0819225369e+07,1.8331889048e+01,2.2092830245e+00,8.839627e-07
5.1003946972e+07,1.9635137766e+01,2.2114333315e+00,7.268509e-07
5.1188668175e+07,1.9350925108e+01,2.2136178615e+00,6.030755e-07
5.1413389778e+07,1.8947245033e+01,2.2159819458e+00,6.171568e-07
5.1598110981e+07,1.8673927618e+01,2.2178094425e+00,6.147446e-07
5.1782832183e+07,1.9350391290e+01,2.2196767004e+00,7.668594e-07
5.2007553787e+07,1.8935893092e+01,2.2216503065e+00,7.048966e-07
5.2192274989e+07,1.9371286316e+01,2.2231493269e+00,5.436616e-08
5.2416996593e+07,1.9397720332e+01,2.2250345836e+00,1.014047e-06
5.2601717796e+07,1.8736417855e+01,2.2263273483e+00,8.533011e-07
5.2786438998e+07,1.8847901030e+01,2.2275786864e+00,7.092981e-07
5.3011160602e+07,1.9264307298e+01,2.2289022269e+00,7.809977e-07
5.3195881804e+07,1.9155497313e+01,2.2299760853e+00,6.162703e-07
5.3380603007e+07,1.8965291875e+01,2.2307862124e+00,6.215089e-07
5.3605324611e+07,1.8708916724e+01,2.2317092783e+00,5.874559e-07
5.3790045813e+07,1.9337313802e+01,2.2323039966e+00,7.496431e-07
5.4014767417e+07,1.9487024521e+01,2.2330583770e+00,6.938815e-07
5.4199488619e+07,1.8520568149e+01,2.2334933274e+00,1.004640e-06
5.4384209822e+07,1.8787448168e+01,2.2338481949e+00,8.215706e-07
5.4608931426e+07,1.8989820383e+01,2.2341282166e+00,3.085516e-07
5.4793652628e+07,1.9297695133e+01,2.2343794301e+00,7.485830e-07
5.5018374232e+07,1.8436882753e+01,2.2345093956e+00,9.116704e-07
5.5203095434e+07,1.8693774574e+01,2.2344742627e+00,6.246256e-07
5.5387816637e+07,1.9238082960e+01,2.2343480378e+00,6.035910e-07
5.5612538240e+07,1.8475310236e+01,2.2341924611e+00,5.898490e-07
5.5797259443e+07,1.8412353069e+01,2.2338383837e+00,7.191654e-07
5.5981981046e+07,1.9530762603e+01,2.2334649053e+00,9.331345e-07
5.6206702249e+07,1.8480811743e+01,2.2329487806e+00,8.670103e-07
5.6391423452e+07,1.8590298260e+01,2.2323776589e+00,6.797697e-07
5.6616145055e+07,1.8956650704e+01,2.2315630559e+00,4.916121e-07
5.6800866258e+07,1.9190063764e+01,2.2309246746e+00,9.263210e-07
5.6985587861e+07,1.8479394231e+01,2.2301521354e+00,6.297756e-07
5.7210309064e+07,1.8769673124e+01,2.2290370484e+00,6.451616e-07
5.7395030267e+07,1.8465355063e+01,2.2280128749e+00,5.781128e-07
5.7619751870e+07,1.9163015803e+01,2.2267243940e+00,5.853246e-07
5.7804473073e+07,1.9098827115e+01,2.2256294623e+00,6.602407e-07
5.7989194276e+07,1.8593106099e+01,2.2243736527e+00,9.056293e-07
5.8213915879e+07,1.8416400263e+01,2.2227844983e+00,8.338026e-07
5.8398637082e+07,1.9082622754e+01,2.2214653823e+00,3.819036e-07
5.8583358685e+07,1.8927866615e+01,2.2201410708e+00,9.417036e-07
5.8808079888e+07,1.8395400159e+01,2.2184118458e+00,9.171602e-07
5.8992801091e+07,1.8439244465e+01,2.2168886044e+00,6.414444e-07
5.9217522694e+07,1.8986104601e+01,2.2150176029e+00,6.953180e-07
5.9402243897e+07,1.8478185200e+01,2.2134909025e+00,5.987000e-07
5.9586965500e+07,1.8503468542e+01,2.2117997639e+00,6.578164e-07
5.9811686703e+07,1.8949743590e+01,2.2098010288e+00,6.235137e-07
5.9996407906e+07,1.8523664952e+01,2.2080822626e+00,7.910461e-07
6.0181129509e+07,1.8551951645e+01,2.2062594560e+00,7.942144e-08
6.0405850712e+07,1.8986583702e+01,2.2040559200e+00,5.961142e-07
6.0590572315e+07,1.8811522032e+01,2.2022488667e+00,8.946797e-07
6.0815293518e+07,1.8487625634e+01,2.1999425234e+00,8.360878e-07
6.1000014721e+07,1.8492035875e+01,2.1980022829e+00,7.278921e-07
6.1184736323e+07,1.8611245484e+01,2.1960680240e+00,6.054799e-07
6.1409457527e+07,1.8748073552e+01,2.1937428907e+00,6.120717e-07
6.1594179130e+07,1.8817937855e+01,2.1918451012e+00,6.152818e-07
6.1818900333e+07,1.8354944851e+01,2.1895031686e+00,6.008907e-07
6.2003621536e+07,1.8597902020e+01,2.1875932912e+00,7.153282e-07
6.2188343138e+07,1.8872062567e+01,2.1857334083e+00,7.567078e-07
6.2413064342e+07,1.8733502186e+01,2.1834873819e+00,9.466291e-07
6.2597785545e+07,1.8447524827e+01,2.1816341329e+00,8.295227e-07
6.2782507147e+07,1.8548871112e+01,2.1797658692e+00,7.323663e-07
6.3007228351e+07,1.8699499369e+01,2.1775161509e+00,7.978361e-07
6.3191949953e+07,1.8698638258e+01,2.1756968597e+00,6.332916e-07
6.3416671157e+07,1.8450831149e+01,2.1734358372e+00,6.454649e-07
6.3601392359e+07,1.8680983162e+01,2.1715928511e+00,5.950013e-07
6.3786113962e+07,1.8655537266e+01,2.1697421294e+00,6.953657e-07
6.4010835166e+07,1.8540628472e+01,2.1674734943e+00,6.750914e-07
6.4195556768e+07,1.8664644987e+01,2.1656218467e+00,9.402010e-07
6.4380277971e+07,1.8581130055e+01,2.1637729631e+00,5.457375e-07
6.4604999174e+07,1.8609891797e+01,2.1615464438e+00,1.052037e-07
6.4789720777e+07,1.8849270188e+01,2.1597395792e+00,8.078080e-07
6.5014441981e+07,1.8322597872e+01,2.1575599844e+00,8.607305e-07
6.5199163583e+07,1.8432350692e+01,2.1557825520e+00,6.605721e-07
6.5383884786e+07,1.8845620679e+01,2.1540426222e+00,5.985279e-07
6.5608605989e+07,1.8758749224e+01,2.1520177257e+00,6.004283e-07
6.5793327592e+07,1.8394343844e+01,2.1504030056e+00,6.745472e-07
6.6018048796e+07,1.8403556762e+01,2.1484635515e+00,6.271443e-07
6.6202770398e+07,1.8603909490e+01,2.1469152533e+00,7.885736e-07
6.6387491601e+07,1.8841831355e+01,2.1454298021e+00,5.966918e-08
6.6612212804e+07,1.8964911908e+01,2.1437190341e+00,3.794826e-07
6.6796934407e+07,1.8448148415e+01,2.1423539249e+00,9.682499e-07
6.6981655610e+07,1.8558256182e+01,2.1410085834e+00,6.485377e-07
6.7206376813e+07,1.8930975887e+01,2.1395550384e+00,6.840020e-07
6.7391098416e+07,1.8356757341e+01,2.1383709076e+00,5.852373e-07
6.7615819619e+07,1.8777378900e+01,2.1369713283e+00,5.794503e-07
6.7800541222e+07,1.9003783428e+01,2.1359699129e+00,6.227448e-07
6.7985262425e+07,1.8393506154e+01,2.1349780916e+00,8.330990e-07
6.8209983628e+07,1.8412983040e+01,2.1338249839e+00,8.317198e-07
6.8394705231e+07,1.9065695916e+01,2.1330224200e+00,2.684594e-07
6.8619426434e+07,1.8747200587e+01,2.1321625003e+00,9.631090e-07
6.8804148037e+07,1.8610369429e+01,2.1315126000e+00,9.098206e-07
6.8988869240e+07,1.8509281129e+01,2.1309956132e+00,6.671114e-07
6.9213590443e+07,1.9144135573e+01,2.1304849623e+00,7.220440e-07
6.9398312046e+07,1.9233434673e+01,2.1302413983e+00,5.916557e-07
6.9583033249e+07,1.8714570773e+01,2.1300056524e+00,6.425670e-07
6.9807754852e+07,1.8813106280e+01,2.1298410379e+00,6.055396e-07
6.9992476055e+07,1.9055134065e+01,2.1297973764e+00,8.088256e-07
7.0217197258e+07,1.9450147792e+01,2.1299708247e+00,7.303644e-07
7.0401918861e+07,1.8999707412e+01,2.1302402175e+00,9.100443e-07
7.0586640064e+07,1.8814480136e+01,2.1305547511e+00,9.500043e-07
7.0811361667e+07,1.9199581382e+01,2.1311271465e+00,8.335842e-07
7.0996082870e+07,1.9304041695e+01,2.1318358894e+00,7.568106e-07
7.1180804072e+07,1.8988594871e+01,2.1325527838e+00,5.899998e-07
7.1405525676e+07,1.9335852102e+01,2.1335560817e+00,6.091712e-07
7.1590246879e+07,1.9479760273e+01,2.1345954580e+00,6.086744e-07
7.1814968082e+07,1.9166831408e+01,2.1358605616e+00,5.979125e-07
7.1999689685e+07,1.8890653612e+01,2.1370321077e+00,7.218405e-07
7.2184410887e+07,1.9593192983e+01,2.1384386086e+00,8.663864e-07
7.2409132491e+07,1.8845677369e+01,2.1402733882e+00,9.261325e-07
7.2593853693e+07,1.9765444832e+01,2.1419815975e+00,8.001374e-07
7.2818574897e+07,1.8733861994e+01,2.1442512736e+00,1.019348e-07
7.3003296500e+07,2.0020402735e+01,2.1463326732e+00,8.637200e-07
7.3188017702e+07,1.8823127956e+01,2.1485885800e+00,6.201525e-07
7.3412739306e+07,1.9675162806e+01,2.1514730897e+00,6.435575e-07
7.3597460508e+07,1.9120337800e+01,2.1539839803e+00,5.941616e-07
7.3782181711e+07,2.0136714410e+01,2.1567057384e+00,7.071384e-07
7.4006903315e+07,1.9606901834e+01,2.1602363225e+00,6.742370e-07
7.4191624517e+07,2.0078025403e+01,2.1632233838e+00,9.185280e-07
7.4416346121e+07,1.9250332362e+01,2.1671769377e+00,7.940101e-07
7.4601067323e+07,2.0391163973e+01,2.1706080424e+00,6.789180e-08
7.4785788526e+07,1.9810864816e+01,2.1742175861e+00,8.145419e-07
7.5010510130e+07,1.9488919082e+01,2.1789062107e+00,8.664076e-07
7.5195231332e+07,2.0640325549e+01,2.1829075963e+00,6.418348e-07
7.5419952936e+07,1.9022586561e+01,2.1880661928e+00,7.254626e-07
7.5604674138e+07,2.0161405590e+01,2.1925213534e+00,6.075628e-07
7.5789395341e+07,2.0712233078e+01,2.1970771608e+00,6.692492e-07
7.6014116944e+07,1.9548035098e+01,2.2029958543e+00,6.202742e-07
7.6198838147e+07,2.0513903964e+01,2.2079694973e+00,7.754616e-07
7.6383559350e+07,1.9539984703e+01,2.2131402370e+00,4.123086e-09
7.6608280953e+07,2.0778339418e+01,2.2195861771e+00,3.043910e-07
7.6793002156e+07,2.0480040423e+01,2.2251793726e+00,8.828336e-07
7.7017723759e+07,2.1102386348e+01,2.2320796135e+00,8.617987e-07
7.7202444962e+07,1.9011162539e+01,2.2379860226e+00,7.238612e-07
7.7387166165e+07,2.1248782941e+01,2.2439948743e+00,6.100271e-07
7.7611887768e+07,2.0454340326e+01,2.2515478037e+00,6.038900e-07
7.7796608971e+07,2.0761452247e+01,2.2578136398e+00,6.051075e-07
7.7981330574e+07,2.1058979977e+01,2.2643039161e+00,7.623009e-07
7.8206051777e+07,2.1213787280e+01,2.2721776518e+00,7.514925e-07
7.8390772980e+07,1.9538475805e+01,2.2787688683e+00,3.716994e-08
7.8615494583e+07,2.0983535350e+01,2.2869587486e+00,9.725385e-07
7.8800215786e+07,2.1195938190e+01,2.2937057060e+00,8.210079e-07
7.8984937389e+07,1.8995222568e+01,2.3006333571e+00,7.309609e-07
7.9209658592e+07,2.1648603313e+01,2.3091712990e+00,7.804710e-07
7.9394379795e+07,2.0705053134e+01,2.3162560101e+00,5.990749e-07
7.9619101398e+07,2.1129238725e+01,2.3251546051e+00,6.427414e-07
7.9803822601e+07,2.1514916866e+01,2.3324535355e+00,6.012118e-07
7.9988544204e+07,2.0623211614e+01,2.3399598795e+00,7.456714e-07
8.0213265407e+07,2.1547780352e+01,2.3491128351e+00,6.961553e-07
8.0397986610e+07,2.1212512557e+01,2.3568082964e+00,9.405807e-07
8.0582708213e+07,2.1358349461e+01,2.3644170012e+00,8.604936e-07
8.0807429416e+07,2.1059762319e+01,2.3738344604e+00,6.969779e-07
8.0992150619e+07,2.1546307230e+01,2.3815096555e+00,7.797482e-07
8.1216872222e+07,2.0467651768e+01,2.3909798671e+00,9.451077e-07
8.1401593425e+07,2.1799057565e+01,2.3986762171e+00,6.171782e-07
8.1586315027e+07,2.0859282729e+01,2.4064593881e+00,5.818985e-07
8.1811036231e+07,2.1673561166e+01,2.4157971152e+00,5.783581e-07
8.1995757434e+07,1.9366730373e+01,2.4235062339e+00,7.175721e-07
8.2180479036e+07,2.1441796566e+01,2.4311387011e+00,9.381371e-07
8.2405200240e+07,2.1952728606e+01,2.4403388635e+00,9.170337e-07
8.2589921842e+07,1.9954779660e+01,2.4479107822e+00,6.392910e-07
8.2814643046e+07,2.1453514309e+01,2.4571184104e+00,5.927919e-07
8.2999364249e+07,2.1552286072e+01,2.4645751644e+00,9.042549e-07
8.3184085851e+07,2.1410706941e+01,2.4721133899e+00,6.223113e-07
8.3408807055e+07,2.1477243839e+01,2.4810635449e+00,6.570521e-07
8.3593528657e+07,2.1456455746e+01,2.4884898886e+00,5.820766e-07
8.3818249861e+07,2.1656832001e+01,2.4973611849e+00,5.857578e-07
8.4002971064e+07,2.1544823985e+01,2.5047079901e+00,6.678697e-07
8.4187692666e+07,2.1441727114e+01,2.5118825384e+00,9.206315e-07
8.4412413870e+07,2.1328364506e+01,2.5206463451e+00,8.489168e-07
8.4597135472e+07,2.1869445470e+01,2.5276917955e+00,2.083541e-07
8.4781856675e+07,2.1036602780e+01,2.5348209911e+00,9.046336e-07
8.5006577878e+07,2.1618557296e+01,2.5433137401e+00,8.936605e-07
8.5191299481e+07,2.1602438381e+01,2.5503383575e+00,6.512535e-07
8.5416020685e+07,2.1550620655e+01,2.5586458868e+00,7.190999e-07
8.5600742287e+07,2.1480702174e+01,2.5655247787e+00,5.957975e-07
8.5785463490e+07,2.1974446106e+01,2.5722541024e+00,6.624672e-07
8.6010184693e+07,2.1477304072e+01,2.5804142096e+00,6.387263e-07
8.6194906296e+07,1.9018591782e+01,2.5871974784e+00,7.932346e-07
8.6419627500e+07,2.1988318661e+01,2.5955553940e+00,7.395559e-07
8.6604348702e+07,2.1469351241e+01,2.6024535850e+00,6.703043e-07
8.6789070305e+07,2.2042200620e+01,2.6095685240e+00,8.899124e-07
8.7013791508e+07,2.1794722531e+01,2.6182725967e+00,8.969176e-07
8.7198513111e+07,2.1406898895e+01,2.6256543741e+00,7.452250e-07
8.7383234314e+07,2.2280311065e+01,2.6330226449e+00,6.076531e-07
8.7607955517e+07,2.1634633188e+01,2.6422092746e+00,6.097108e-07
8.7792677120e+07,2.1806079509e+01,2.6497400681e+00,6.017332e-07
8.8017398323e+07,2.2355128594e+01,2.6591792619e+00,5.999046e-07
8.8202119926e+07,2.1488400027e+01,2.6669590569e+00,7.244373e-07
8.8386841129e+07,2.2350730465e+01,2.6749528500e+00,5.927770e-07
8.8611562332e+07,2.2067713997e+01,2.6846670575e+00,9.480928e-07
8.8796283935e+07,2.1955457337e+01,2.6928363428e+00,7.272857e-07
8.8981005138e+07,2.1925095509e+01,2.7009763520e+00,7.507895e-07
8.9205726741e+07,2.2376692621e+01,2.7111465184e+00,7.954134e-07
8.9390447944e+07,2.1884779260e+01,2.7195500274e+00,6.158651e-07
8.9615169147e+07,2.1757727813e+01,2.7300618649e+00,6.355733e-07
8.9799890750e+07,2.2369017667e+01,2.7387828548e+00,6.041393e-07
8.9984611953e+07,2.2733571961e+01,2.7476092717e+00,7.387762e-07
9.0209333556e+07,2.2221499542e+01,2.7585364103e+00,6.620851e-07
9.0394054759e+07,2.2410428511e+01,2.7677520631e+00,8.901916e-07
9.0618775962e+07,2.2523326534e+01,2.7790452631e+00,8.261541e-07
9.0803497565e+07,2.2997045140e+01,2.7886046125e+00,1.226227e-07
9.0988218768e+07,2.2344878274e+01,2.7981729073e+00,7.997788e-07
9.1212939971e+07,2.3042626852e+01,2.8100617864e+00,8.823013e-07
9.1397661574e+07,2.2201438571e+01,2.8198288424e+00,6.585870e-07
9.1582382776e+07,2.2988892096e+01,2.8297951570e+00,5.955492e-07
9.1807104380e+07,2.0215004311e+01,2.8419658888e+00,5.896856e-07
9.1991825583e+07,2.3049353546e+01,2.8520813087e+00,6.765992e-07
9.2216546786e+07,2.0558623366e+01,2.8644924241e+00,6.295128e-07
9.2401268389e+07,2.3458122388e+01,2.8747816961e+00,8.206909e-07
9.2585989591e+07,2.1242635337e+01,2.8851438180e+00,2.884367e-07
9.2810711195e+07,2.3282353672e+01,2.8977915967e+00,2.039727e-07
9.2995432398e+07,2.3034921827e+01,2.9083395686e+00,9.386659e-07
9.3180153600e+07,2.3145246658e+01,2.9188457870e+00,6.349767e-07
9.3404875204e+07,2.0157839355e+01,2.9318323376e+00,7.045944e-07
9.3589596406e+07,2.2954690534e+01,2.9426178825e+00,5.900079e-07
9.3814318010e+07,2.3344732044e+01,2.9557959489e+00,5.947061e-07
9.3999039212e+07,2.3812589847e+01,2.9667446745e+00,6.193483e-07
9.4183760415e+07,2.2037815851e+01,2.9778999087e+00,8.975915e-07
9.4408482019e+07,2.3624494686e+01,2.9915877634e+00,8.130449e-07
9.4593203221e+07,2.2007987934e+01,3.0030575422e+00,3.134684e-07
9.4817924825e+07,2.3736822701e+01,3.0170813630e+00,9.530507e-07
9.5002646027e+07,2.1636365299e+01,3.0287274702e+00,9.684984e-07
9.5187367230e+07,2.3980413932e+01,3.0404152963e+00,6.843651e-07
9.5412088834e+07,2.3361179897e+01,3.0547955974e+00,7.631821e-07
9.5596810036e+07,2.3779907145e+01,3.0666215527e+00,5.759004e-07
9.5781531239e+07,2.3808459318e+01,3.0786529953e+00,6.313172e-07
9.6006252842e+07,2.3709773968e+01,3.0933304918e+00,6.073010e-07
9.6190974045e+07,2.4199378446e+01,3.1055993156e+00,8.427483e-07
9.6415695648e+07,2.3262117358e+01,3.1205106728e+00,7.242617e-07
9.6600416851e+07,2.4281441945e+01,3.1328988168e+00,9.290013e-07
9.6785138054e+07,2.3540420029e+01,3.1453019092e+00,9.314989e-07
9.7009859657e+07,2.3985846070e+01,3.1602355966e+00,8.483191e-07
9.7194580860e+07,2.0523657044e+01,3.1724526536e+00,7.752235e-07
9.7419302463e+07,2.3759881632e+01,3.1871744191e+00,8.739032e-07
9.7604023666e+07,2.4022589696e+01,3.1991361262e+00,6.113245e-07
9.7788744869e+07,2.4326520680e+01,3.2110674139e+00,6.144916e-07
9.8013466472e+07,2.2816003972e+01,3.2256426478e+00,5.781318e-07
9.8198187675e+07,2.4131680243e+01,3.2375318143e+00,7.168148e-07
9.8382909278e+07,2.3528274975e+01,3.2493797674e+00,9.075954e-07
9.8607630481e+07,2.4096272186e+01,3.2638202803e+00,9.603313e-07
9.8792351684e+07,2.3799124510e+01,3.2755183672e+00,8.508055e-07
9.9017073287e+07,2.4531532850e+01,3.2897327451e+00,1.161797e-08
9.9201794490e+07,2.0990572763e+01,3.3012669770e+00,8.062407e-07
9.9386516093e+07,2.4376802104e+01,3.3127021092e+00,6.098156e-07
9.9611237296e+07,2.3634642738e+01,3.3265646819e+00,6.311366e-07
9.9795958499e+07,2.4093555315e+01,3.3377732920e+00,5.999836e-07
9.9980680102e+07,2.3613759329e+01,3.3489952347e+00,7.116835e-07
1.0020540130e+08,2.4098758262e+01,3.3624447740e+00,6.777321e-07
1.0039012251e+08,2.4183737345e+01,3.3734925976e+00,9.234916e-07
1.0061484411e+08,2.0588697685e+01,3.3867062329e+00,7.885144e-07
1.0079956531e+08,2.4094778374e+01,3.3974643155e+00,5.952043e-08
1.0098428692e+08,2.2372955491e+01,3.4080945391e+00,8.149294e-07
1.0120900812e+08,2.4044856616e+01,3.4209355647e+00,8.534021e-07
1.0139372932e+08,2.3990494916e+01,3.4312447424e+00,6.576409e-07
1.0161845093e+08,2.3755605137e+01,3.4435741317e+00,7.085046e-07
1.0180317213e+08,2.3381651234e+01,3.4535503333e+00,5.935713e-07
1.0198789373e+08,2.3886092244e+01,3.4631729929e+00,6.617940e-07
1.0221261493e+08,2.2981110538e+01,3.4745630562e+00,6.215829e-07
1.0239733614e+08,2.3716922977e+01,3.4837255524e+00,8.045102e-07
1.0258205774e+08,2.3586820018e+01,3.4925680463e+00,1.196028e-08
1.0280677894e+08,2.3654831019e+01,3.5031030172e+00,3.315234e-07
1.0299150055e+08,2.3110176413e+01,3.5113620407e+00,9.022124e-07
1.0321622175e+08,2.3542035675e+01,3.5210841572e+00,8.771612e-07
1.0340094295e+08,1.9323233273e+01,3.5286356969e+00,7.195585e-07
1.0358566456e+08,2.3298101956e+01,3.5357707982e+00,6.078967e-07
1.0381038576e+08,2.2070716950e+01,3.5437673250e+00,6.078917e-07
1.0399510736e+08,2.3164218070e+01,3.5498085231e+00,6.111975e-07
1.0421982856e+08,2.1677707210e+01,3.5563501025e+00,5.939990e-07
1.0440454977e+08,2.2811498068e+01,3.5609091475e+00,7.760634e-07
1.0458927137e+08,2.2177679235e+01,3.5647835944e+00,8.453608e-07
1.0481399257e+08,2.1825516989e+01,3.5681086470e+00,9.181167e-07
1.0499871378e+08,1.9511368242e+01,3.5694147894e+00,9.037872e-07
1.0518343538e+08,1.9858806471e+01,3.5683048093e+00,7.260774e-07
1.0540815658e+08,2.0629796142e+01,3.5634368126e+00,7.664925e-07
1.0559287819e+08,2.0326569033e+01,3.5635528847e+00,5.989806e-07
1.0581759939e+08,2.2377868667e+01,3.5663506801e+00,6.338473e-07
1.0600232059e+08,2.2314348598e+01,3.5700043418e+00,5.994586e-07
1.0618704219e+08,2.2238145398e+01,3.5746348955e+00,7.781678e-07
1.0641176340e+08,2.3053734379e+01,3.5810897682e+00,6.889849e-07
1.0659648500e+08,2.0885419054e+01,3.5870290572e+00,9.108054e-07
1.0678120620e+08,2.3417907601e+01,3.5933476213e+00,8.992580e-07
1.0700592741e+08,2.3050625174e+01,3.6015217648e+00,7.358986e-07
1.0719064901e+08,2.3782079558e+01,3.6084213775e+00,8.205998e-07
1.0741537021e+08,2.3188038057e+01,3.6171859946e+00,9.044275e-07
1.0760009182e+08,2.3795912216e+01,3.6245287880e+00,6.432280e-07
1.0778481302e+08,2.3150684605e+01,3.6321458507e+00,5.932788e-07
1.0800953422e+08,2.3583071774e+01,3.6415529461e+00,5.699945e-07
1.0819425582e+08,2.4095863162e+01,3.6495064005e+00,6.739672e-07
1.0841897703e+08,2.3641058114e+01,3.6592170500e+00,6.390339e-07
1.0860369863e+08,2.3721720350e+01,3.6673628216e+00,9.449864e-07
1.0878841983e+08,2.4397789441e+01,3.6754929809e+00,5.142643e-07
1.0901314104e+08,2.2966511875e+01,3.6855094486e+00,8.894057e-11
1.0919786264e+08,2.3973155814e+01,3.6939045596e+00,9.108774e-07
1.0938258384e+08,2.4374584980e+01,3.7023103421e+00,6.137595e-07
1.0960730505e+08,2.2830842006e+01,3.7127524910e+00,6.510150e-07
1.0979202665e+08,2.4406532471e+01,3.7214518605e+00,5.805068e-07
1.1001674785e+08,2.4316101812e+01,3.7322125546e+00,5.902277e-07
1.1020146945e+08,2.4073451094e+01,3.7412934015e+00,6.484176e-07
1.1038619066e+08,2.4535649709e+01,3.7504303900e+00,9.580242e-07
1.1061091186e+08,2.4437037573e+01,3.7618026472e+00,8.366276e-07
1.1079563346e+08,2.4126090616e+01,3.7711570481e+00,3.948475e-07
1.1098035467e+08,2.4792408805e+01,3.7806900830e+00,8.267929e-07
1.1120507627e+08,2.4549582680e+01,3.7922732025e+00,9.045910e-07
1.1138979747e+08,2.4330584060e+01,3.8019662638e+00,6.658844e-07
1.1161451867e+08,2.5011622685e+01,3.8137489925e+00,7.178933e-07
1.1179924028e+08,2.4542647577e+01,3.8235794826e+00,5.910959e-07
1.1198396148e+08,2.4406562863e+01,3.8333935676e+00,6.554421e-07
1.1220868308e+08,2.5097735013e+01,3.8455325501e+00,6.160326e-07
1.1239340429e+08,2.4613281960e+01,3.8554887538e+00,7.952051e-07
1.1261812549e+08,2.2943367003e+01,3.8677967387e+00,7.474829e-07
1.1280284709e+08,2.5070226503e+01,3.8779458703e+00,7.353964e-07
1.1298756830e+08,2.4786025883e+01,3.8880918561e+00,8.850105e-07
1.1321228990e+08,2.4232234271e+01,3.9005757123e+00,8.560959e-07
1.1339701110e+08,2.5172332053e+01,3.9107816885e+00,7.281089e-07
1.1358173230e+08,2.2259667650e+01,3.9210396006e+00,6.018180e-07
1.1380645391e+08,2.5500779188e+01,3.9335624295e+00,6.120229e-07
1.1399117511e+08,2.4780487086e+01,3.9438171265e+00,6.214852e-07
1.1421589631e+08,2.5002309060e+01,3.9563828051e+00,6.075589e-07
1.1440061792e+08,2.4969179524e+01,3.9666024456e+00,7.404540e-07
1.1458533912e+08,2.5100577724e+01,3.9768827462e+00,7.390165e-07
1.1481006072e+08,2.4577581358e+01,3.9892798778e+00,9.022146e-07
1.1499478193e+08,2.5182859311e+01,3.9995405870e+00,6.201839e-07
1.1521950313e+08,2.4986182508e+01,4.0119029517e+00,2.843947e-07
1.1540422473e+08,2.5192862092e+01,4.0221167756e+00,7.691182e-07
1.1558894593e+08,2.4883849335e+01,4.0322162961e+00,6.106042e-07
1.1581366754e+08,2.5231283502e+01,4.0446094792e+00,6.495025e-07
1.1599838874e+08,2.5134947664e+01,4.0547340373e+00,6.038582e-07
1.1618310994e+08,2.4755032238e+01,4.0649488553e+00,7.537330e-07
1.1640783155e+08,2.5457007349e+01,4.0773200972e+00,6.745384e-07
1.1659255275e+08,2.5416341626e+01,4.0874784942e+00,8.847606e-07
1.1681727435e+08,2.4189472133e+01,4.0999095009e+00,8.140039e-07
1.1700199556e+08,2.5630703620e+01,4.1100530290e+00,5.175680e-08
1.1718671676e+08,2.1845961743e+01,4.1201799831e+00,7.766462e-07
1.1741143836e+08,2.5333398762e+01,4.1324769331e+00,8.969746e-07
1.1759615956e+08,2.4824224253e+01,4.1425600574e+00,6.538449e-07
1.1778088117e+08,2.5357476484e+01,4.1527348984e+00,6.055996e-07
1.1800560237e+08,2.4878151644e+01,4.1650343642e+00,5.897104e-07
1.1819032357e+08,2.5951946139e+01,4.1752480244e+00,6.394522e-07
1.1841504518e+08,2.4042628365e+01,4.1876584742e+00,6.118551e-07
1.1859976638e+08,2.5734850438e+01,4.1979450006e+00,8.710082e-07
1.1878448758e+08,2.5006214756e+01,4.2082071042e+00,3.500326e-07
1.1900920919e+08,2.5498106809e+01,4.2207953118e+00,5.282762e-07
1.1919393039e+08,2.5379586563e+01,4.2310913229e+00,9.199167e-07
1.1941865199e+08,2.5934429756e+01,4.2437622011e+00,9.217742e-07
1.1960337319e+08,2.4690557298e+01,4.2541160461e+00,6.948707e-07
1.1978809440e+08,2.6113689753e+01,4.2645527359e+00,5.770597e-07
1.2001281600e+08,2.5879846017e+01,4.2771589532e+00,5.971208e-07
1.2019753720e+08,2.4827428714e+01,4.2874973690e+00,6.221327e-07
1.2038225881e+08,2.5720231261e+01,4.2978636356e+00,8.950610e-07
1.2060698001e+08,2.5848246167e+01,4.3103564821e+00,8.073904e-07
1.2079170121e+08,2.4753310754e+01,4.3206310243e+00,6.523262e-07
1.2101642282e+08,2.6281666755e+01,4.3331592154e+00,9.473883e-07
1.2120114402e+08,2.4525918796e+01,4.3433549510e+00,9.402988e-07
1.2138586562e+08,2.6143598063e+01,4.3535465166e+00,7.223311e-07
1.2161058682e+08,2.5060427694e+01,4.3658150258e+00,7.903454e-07
1.2179530803e+08,2.5801648306e+01,4.3759076227e+00,5.900084e-07
1.2198002963e+08,2.4021927811e+01,4.3858998300e+00,6.134678e-07
1.2220475083e+08,2.5965262322e+01,4.3979930331e+00,5.971889e-07
1.2238947244e+08,2.3878066655e+01,4.4078771682e+00,7.771164e-07
1.2261419364e+08,2.6242636673e+01,4.4197598631e+00,7.058342e-07
1.2279891484e+08,2.3080055257e+01,4.4294419214e+00,9.055451e-07
1.2298363644e+08,2.6107621128e+01,4.4390706134e+00,9.433518e-07
1.2320835765e+08,2.4827544159e+01,4.4507223810e+00,8.309177e-07
1.2339307885e+08,2.5743349797e+01,4.4602068446e+00,7.372544e-07
1.2361780045e+08,2.3641714296e+01,4.4717256199e+00,8.186448e-07
1.2380252166e+08,2.5800036579e+01,4.4810828355e+00,6.136528e-07
1.2398724326e+08,2.5742473007e+01,4.4903446837e+00,6.061286e-07
1.2421196446e+08,2.5872255219e+01,4.5015855051e+00,5.983678e-07
1.2439668567e+08,2.4508602076e+01,4.5108544373e+00,7.244992e-07
1.2458140727e+08,2.5893430161e+01,4.5200273291e+00,8.924435e-07
1.2480612847e+08,2.2926848763e+01,4.5311356188e+00,9.648959e-07
1.2499085007e+08,2.5817782354e+01,4.5401753593e+00,1.477889e-07
1.2521557128e+08,2.2003196542e+01,4.5510941007e+00,1.282138e-07
1.2540029248e+08,2.6174543388e+01,4.5600144078e+00,7.614596e-07
1.2558501408e+08,2.4353034598e+01,4.5689262982e+00,6.165930e-07
1.2580973529e+08,2.5874767403e+01,4.5796492462e+00,6.403856e-07
1.2599445689e+08,2.5534268636e+01,4.5884663319e+00,5.862094e-07
1.2621917809e+08,2.5548500867e+01,4.5989832066e+00,6.037751e-07
1.2640389930e+08,2.5525090169e+01,4.6076161304e+00,6.894965e-07
1.2658862090e+08,2.5653933472e+01,4.6160807585e+00,9.051876e-07
1.2681334210e+08,2.5555994421e+01,4.6263616889e+00,8.207080e-07
1.2699806370e+08,2.5180967922e+01,4.6346722798e+00,5.702525e-08
1.2718278491e+08,2.5660671923e+01,4.6430008854e+00,7.789656e-07
1.2740750611e+08,2.5034927800e+01,4.6529841994e+00,8.563262e-07
1.2759222771e+08,2.5107525153e+01,4.6611883447e+00,6.626280e-07
1.2781694892e+08,2.5570716381e+01,4.6710399426e+00,7.004031e-07
1.2800167012e+08,2.6010850230e+01,4.6791009832e+00,6.036481e-07
1.2818639172e+08,2.5015054998e+01,4.6871478107e+00,6.495163e-07
1.2841111293e+08,2.5330966953e+01,4.6970070647e+00,6.126569e-07
1.2859583453e+08,2.5970676581e+01,4.7050524025e+00,7.918903e-07
1.2878055573e+08,2.5215511411e+01,4.7131555814e+00,7.312869e-08
1.2900527693e+08,2.5730480961e+01,4.7229200022e+00,4.166905e-07
1.2918999854e+08,2.5740493662e+01,4.7310310144e+00,9.199786e-07
1.2941471974e+08,2.5690693741e+01,4.7408211171e+00,8.418172e-07
1.2959944134e+08,2.5950720623e+01,4.7489258688e+00,7.045165e-07
1.2978416255e+08,2.4773021031e+01,4.7569579519e+00,5.916712e-07
1.3000888375e+08,2.5907712285e+01,4.7668071120e+00,5.984135e-07
1.3019360535e+08,2.4998874251e+01,4.7748512133e+00,6.143111e-07
1.3041832656e+08,2.6155555106e+01,4.7846832026e+00,6.105738e-07
1.3060304816e+08,2.2027889262e+01,4.7927469139e+00,7.460654e-07
1.3078776936e+08,2.6294968145e+01,4.8008119447e+00,7.780820e-07
1.3101249056e+08,2.5872436520e+01,4.8106975292e+00,9.001782e-07
1.3119721217e+08,2.5791325592e+01,4.8187592459e+00,8.507850e-07
1.3138193337e+08,2.5062982475e+01,4.8269413430e+00,7.251788e-07
1.3160665497e+08,2.5971040770e+01,4.8368905202e+00,7.879211e-07
1.3179137618e+08,2.6347673570e+01,4.8451046668e+00,6.190081e-07
1.3201609738e+08,2.6288966404e+01,4.8551694302e+00,6.367479e-07
1.3220081898e+08,2.5279678799e+01,4.8635612003e+00,5.887162e-07
1.3238554018e+08,2.6551297231e+01,4.8719621213e+00,7.553510e-07
1.3261026139e+08,2.4626168616e+01,4.8822498313e+00,6.678480e-07
1.3279498299e+08,2.6245826515e+01,4.8907624034e+00,9.373611e-07
1.3301970419e+08,2.5672774793e+01,4.9011005827e+00,9.758217e-07
1.3320442580e+08,2.6453434660e+01,4.9096551629e+00,2.952100e-07
1.3338914700e+08,2.4137365057e+01,4.9181660094e+00,7.992931e-07
1.3361386820e+08,2.6716859237e+01,4.9284431669e+00,8.554376e-07
1.3379858981e+08,2.5816866103e+01,4.9368962425e+00,6.494620e-07
1.3398331101e+08,2.6521650678e+01,4.9452072281e+00,5.962598e-07
1.3420803261e+08,2.5540397918e+01,4.9553036853e+00,5.849401e-07
1.3439275380e+08,2.6206653815e+01,4.9634788149e+00,6.656198e-07
1.3461747499e+08,2.6412181726e+01,4.9734066943e+00,6.318454e-07
1.3480219658e+08,2.4269045569e+01,4.9814782858e+00,9.658375e-07
1.3498691777e+08,2.6377051631e+01,4.9895703036e+00,2.730292e-07
1.3521163935e+08,2.6078527524e+01,4.9993961323e+00,5.751866e-07
1.3539636054e+08,2.5753964136e+01,5.0075560013e+00,8.519143e-07
1.3558108213e+08,2.6546318006e+01,5.0156505893e+00,6.459139e-07
1.3580580332e+08,2.6633210790e+01,5.0254105885e+00,6.832622e-07
1.3599052451e+08,2.4841693811e+01,5.0333981837e+00,5.745204e-07
1.3621524609e+08,2.6368536915e+01,5.0429760631e+00,5.864731e-07
1.3639996728e+08,2.6292421544e+01,5.0507732244e+00,6.429940e-07
1.3658468887e+08,2.5626674831e+01,5.0585897129e+00,9.512817e-07
1.3680941006e+08,2.6465421916e+01,5.0679561441e+00,8.059455e-07
1.3699413165e+08,2.5382809246e+01,5.0756609073e+00,5.749715e-07
1.3721885283e+08,2.6046234814e+01,5.0848751881e+00,7.535651e-07
1.3740357402e+08,2.6439603485e+01,5.0924309226e+00,8.908416e-07
1.3758829561e+08,2.5844119698e+01,5.0998280758e+00,6.916347e-07
1.3781301680e+08,2.6070857398e+01,5.1087981528e+00,7.307698e-07
1.3799773839e+08,2.6358591068e+01,5.1160147443e+00,5.994021e-07
1.3818245958e+08,2.5999570277e+01,5.1232294041e+00,6.439407e-07
1.3840718116e+08,2.5183928120e+01,5.1318044850e+00,5.968535e-07
1.3859190235e+08,2.6417819335e+01,5.1387765850e+00,7.664765e-07
1.3881662354e+08,2.3860254680e+01,5.1470471019e+00,7.363736e-07
1.3900134513e+08,2.6427322168e+01,5.1536701701e+00,8.200172e-07
1.3918606632e+08,2.5708074759e+01,5.1601330832e+00,9.807288e-07
1.3941078790e+08,2.4866048987e+01,5.1678618591e+00,6.562842e-08
1.3959550909e+08,2.6400032957e+01,5.1740016681e+00,7.272149e-07
1.3978023068e+08,2.5432405456e+01,5.1800130772e+00,5.926921e-07
1.4000495187e+08,2.5096759171e+01,5.1871982605e+00,6.045840e-07
1.4018967306e+08,2.6276923521e+01,5.1928919826e+00,6.152921e-07
1.4041439464e+08,2.5236362043e+01,5.1996467720e+00,6.087881e-07
1.4059911583e+08,2.5705059337e+01,5.2051145740e+00,7.245085e-07
1.4078383742e+08,2.5640698542e+01,5.2103644098e+00,9.360268e-07
1.4100855861e+08,2.5547441239e+01,5.2166426316e+00,8.763244e-07
1.4119328020e+08,2.4807637674e+01,5.2215748863e+00,1.022003e-07
1.4141800138e+08,2.5773164080e+01,5.2274077188e+00,5.090611e-08
1.4160272257e+08,2.4731281379e+01,5.2319434230e+00,7.723178e-07
1.4178744416e+08,2.5675262057e+01,5.2363630923e+00,6.318938e-07
1.4201216535e+08,2.4868721891e+01,5.2414007320e+00,6.616235e-07
1.4219688694e+08,2.5363393506e+01,5.2453900549e+00,5.937319e-07
1.4238160813e+08,2.2911193455e+01,5.2491368270e+00,6.970293e-07
1.4260632971e+08,2.5023751897e+01,5.2533378748e+00,6.366545e-07
1.4279105090e+08,2.2982353599e+01,5.2564671851e+00,8.420032e-07
1.4301577209e+08,2.4827193247e+01,5.2598694066e+00,8.255557e-07
1.4320049368e+08,2.4567023744e+01,5.2622111512e+00,1.173174e-07
1.4338521487e+08,2.3197464743e+01,5.2641633611e+00,8.097939e-07
1.4360993645e+08,2.4364679228e+01,5.2659409076e+00,9.290125e-07
1.4379465764e+08,2.3762233078e+01,5.2667261224e+00,6.903205e-07
1.4401937923e+08,2.2687643239e+01,5.2667661783e+00,7.275627e-07
1.4420410042e+08,2.3134629125e+01,5.2656037319e+00,6.019051e-07
1.4438882161e+08,2.1425630847e+01,5.2625780761e+00,6.342730e-07
1.4461354319e+08,2.3051191297e+01,5.2571444945e+00,6.021849e-07
1.4479826438e+08,2.2034840581e+01,5.2553864064e+00,8.208709e-07
1.4498298597e+08,2.4060563050e+01,5.2549622583e+00,3.400307e-07
1.4520770716e+08,2.2206017971e+01,5.2555373575e+00,8.957260e-07
1.4539242875e+08,2.4332296759e+01,5.2567088291e+00,9.131270e-07
1.4561714993e+08,2.4189262739e+01,5.2587066920e+00,7.887719e-07
1.4580187112e+08,2.4768602326e+01,5.2608376890e+00,7.337767e-07
1.4598659271e+08,2.3781498770e+01,5.2632536315e+00,5.913999e-07
1.4621131390e+08,2.5499698274e+01,5.2666591307e+00,6.267342e-07
1.4639603549e+08,2.2539051703e+01,5.2697251003e+00,6.079838e-07
1.4658075667e+08,2.5407659209e+01,5.2730502207e+00,8.181378e-07
1.4680547826e+08,2.5686425197e+01,5.2773254156e+00,6.967847e-07
1.4699019945e+08,2.2158469189e+01,5.2810902817e+00,9.307348e-07
1.4721492064e+08,2.5530441766e+01,5.2858936952e+00,9.326982e-07
1.4739964223e+08,2.5455776862e+01,5.2899883611e+00,7.478556e-07
1.4758436342e+08,2.5108425908e+01,5.2942936249e+00,7.535982e-07
1.4780908500e+08,2.5883317327e+01,5.2996552570e+00,8.706903e-07
1.4799380619e+08,2.2678458181e+01,5.3042203636e+00,6.329552e-07
1.4821852778e+08,2.5765087455e+01,5.3099148050e+00,6.732157e-07
1.4840324897e+08,2.5009991160e+01,5.3146527978e+00,5.721637e-07
1.4858797016e+08,2.5941009471e+01,5.3195152010e+00,6.850167e-07
1.4881269174e+08,2.2813146403e+01,5.3255058911e+00,6.372449e-07
1.4899741293e+08,2.6457011193e+01,5.3305183177e+00,9.852946e-07
1.4918213452e+08,2.4914819184e+01,5.3355671513e+00,6.768160e-07
1.4940685571e+08,2.6221032524e+01,5.3418469271e+00,3.399688e-07
1.4959157730e+08,2.5570514975e+01,5.3470236575e+00,8.993037e-07
1.4981629848e+08,2.6050817003e+01,5.3534616579e+00,8.991375e-07
1.5000101967e+08,2.4827616835e+01,5.3587678714e+00,6.563426e-07
1.5018574126e+08,2.6226739450e+01,5.3641767426e+00,5.741994e-07
1.5041046245e+08,2.6065068725e+01,5.3707657004e+00,5.891137e-07
1.5059518404e+08,2.1568208679e+01,5.3762658230e+00,6.387911e-07
1.5081990522e+08,2.6211759564e+01,5.3829832728e+00,6.094392e-07
1.5100462681e+08,2.6333366612e+01,5.3884971384e+00,8.550540e-07
1.5118934800e+08,2.5789342759e+01,5.3941134790e+00,2.016320e-07
1.5141406919e+08,2.6476785444e+01,5.4009657168e+00,6.672592e-07
1.5159879078e+08,2.3696018770e+01,5.4066805785e+00,9.089113e-07
1.5178351196e+08,2.6782211196e+01,5.4124154534e+00,6.681666e-07
1.5200823355e+08,2.5564508339e+01,5.4194252419e+00,7.518279e-07
1.5219295474e+08,2.6842347353e+01,5.4252748633e+00,5.837307e-07
1.5241767633e+08,2.5012348997e+01,5.4323863550e+00,5.949503e-07
1.5260239752e+08,2.6585237412e+01,5.4383029239e+00,6.123982e-07
1.5278711870e+08,2.4557849669e+01,5.4442101266e+00,8.133077e-07
1.5301184029e+08,2.6695252856e+01,5.4514652912e+00,7.379543e-07
1.5319656148e+08,2.6265067440e+01,5.4574141115e+00,6.693303e-07
1.5338128307e+08,2.6967297453e+01,5.4634507048e+00,8.911870e-07
1.5360600426e+08,2.5419310846e+01,5.4707709326e+00,9.513703e-07
1.5379072585e+08,2.7055895909e+01,5.4768681674e+00,7.571171e-07
1.5401544703e+08,2.6338712492e+01,5.4843238688e+00,7.788970e-07
1.5420016822e+08,2.6242114008e+01,5.4905831753e+00,6.066761e-07
1.5438488981e+08,2.7318524117e+01,5.4968617547e+00,6.145347e-07
1.5460961100e+08,2.7005231455e+01,5.5045750359e+00,5.997386e-07
1.5479433259e+08,2.4740907514e+01,5.5110063047e+00,7.201859e-07
1.5501905377e+08,2.7318160541e+01,5.5188190678e+00,6.823889e-07
1.5520377536e+08,2.5054953459e+01,5.5252611639e+00,9.321465e-07
1.5538849655e+08,2.7084936397e+01,5.5317706346e+00,6.013725e-07
1.5561321774e+08,2.6362477491e+01,5.5396662469e+00,2.487587e-08
1.5579793933e+08,2.6998395966e+01,5.5462006128e+00,7.801907e-07
1.5598266051e+08,2.5919546459e+01,5.5526648563e+00,6.074838e-07
1.5620738210e+08,2.7428881512e+01,5.5605699175e+00,6.670214e-07
1.5639210329e+08,2.5678084766e+01,5.5670844367e+00,6.088055e-07
1.5661682488e+08,2.7396318786e+01,5.5749906473e+00,6.020272e-07
1.5680154607e+08,2.3954559583e+01,5.5815210265e+00,6.715115e-07
1.5698626725e+08,2.7239084961e+01,5.5880733855e+00,8.803240e-07
1.5721098884e+08,2.5057490680e+01,5.5960594837e+00,8.031180e-07
1.5739571003e+08,2.7186100641e+01,5.6026332348e+00,4.746538e-08
1.5758043162e+08,2.6781642943e+01,5.6092967788e+00,7.886138e-07
1.5780515281e+08,2.7748240741e+01,5.6174093282e+00,8.885793e-07
1.5798987439e+08,2.6778892005e+01,5.6240961893e+00,6.803809e-07
1.5821459558e+08,2.4362519108e+01,5.6322704437e+00,7.187486e-07
1.5839931677e+08,2.7477687177e+01,5.6389957703e+00,5.904680e-07
1.5858403836e+08,2.7276875908e+01,5.6456808148e+00,6.307096e-07
1.5880875955e+08,2.3883050971e+01,5.6538776441e+00,6.208215e-07
1.5899348114e+08,2.7578008908e+01,5.6606588207e+00,7.981001e-07
1.5921820232e+08,2.4538524950e+01,5.6689701221e+00,7.757364e-07
1.5940292391e+08,2.7869658529e+01,5.6758499040e+00,8.415840e-07
1.5958764510e+08,2.3656430226e+01,5.6827469686e+00,9.332555e-07
1.5981236629e+08,2.7557851004e+01,5.6911818671e+00,8.456228e-07
1.5999708788e+08,2.7205037776e+01,5.6981589907e+00,7.229017e-07
1.6018180906e+08,2.7394739652e+01,5.7051078505e+00,5.956748e-07
1.6040653065e+08,2.7396515922e+01,5.7136758960e+00,6.265600e-07
1.6059125184e+08,2.7675671409e+01,5.7206992488e+00,6.153626e-07
1.6081597343e+08,2.7083808005e+01,5.7293432618e+00,5.860363e-07
1.6100069462e+08,2.7745846753e+01,5.7364187011e+00,7.435439e-07
1.6118541580e+08,2.7687169573e+01,5.7435947909e+00,8.423007e-07
1.6141013739e+08,2.6720874536e+01,5.7523102391e+00,9.099992e-07
1.6159485858e+08,2.8205175674e+01,5.7595494132e+00,8.692045e-07
1.6181958017e+08,2.7912347822e+01,5.7683611215e+00,1.708491e-07
1.6200430136e+08,2.7477853570e+01,5.7756617681e+00,8.213902e-07
1.6218902294e+08,2.6653112591e+01,5.7830330437e+00,6.181279e-07
1.6241374413e+08,2.7806660705e+01,5.7920311368e+00,6.531169e-07
1.6259846532e+08,2.7967228720e+01,5.7994258581e+00,5.861504e-07
1.6278318691e+08,2.7963276806e+01,5.8069113286e+00,7.252490e-07
1.6300790810e+08,2.7878062066e+01,5.8159644118e+00,6.672899e-07
1.6319262968e+08,2.7769802545e+01,5.8234707529e+00,9.199307e-07
1.6341735087e+08,2.8253760937e+01,5.8325315886e+00,9.256089e-07
1.6360207246e+08,2.7712186329e+01,5.8400256825e+00,4.429266e-07
1.6378679365e+08,2.7825143839e+01,5.8474431600e+00,8.749257e-07
1.6401151484e+08,2.8174927562e+01,5.8565356838e+00,9.263244e-07
1.6419623642e+08,2.6987873821e+01,5.8639783185e+00,6.565261e-07
1.6438095761e+08,2.8395291970e+01,5.8714713132e+00,5.795634e-07
1.6460567920e+08,2.7044311032e+01,5.8805155640e+00,5.740950e-07
1.6479040039e+08,2.8486897059e+01,5.8879801941e+00,6.498679e-07
1.6501512198e+08,2.7784720434e+01,5.8970473564e+00,6.117176e-07
1.6519984317e+08,2.7901686190e+01,5.9044395800e+00,9.213220e-07
1.6538456435e+08,2.8273004360e+01,5.9118844748e+00,5.553942e-07
1.6560928594e+08,2.8319870961e+01,5.9208498255e+00,8.309173e-07
1.6579400713e+08,2.7849868896e+01,5.9281921415e+00,8.958246e-07
1.6601872872e+08,2.5378696838e+01,5.9370776136e+00,9.411008e-07
1.6620344991e+08,2.8017280768e+01,5.9443218768e+00,7.147852e-07
1.6638817149e+08,2.8195533935e+01,5.9514704323e+00,5.856577e-07
1.6661289268e+08,2.7113962387e+01,5.9601735583e+00,6.001395e-07
1.6679761387e+08,2.8111375728e+01,5.9672593726e+00,6.318015e-07
1.6698233546e+08,2.7380832655e+01,5.9743040052e+00,8.794590e-07
1.6720705665e+08,2.8508252811e+01,5.9828674406e+00,7.705261e-07
1.6739177823e+08,2.5680448467e+01,5.9898456513e+00,8.109200e-07
1.6761649942e+08,2.8308754237e+01,5.9983266885e+00,9.193509e-07
1.6780122101e+08,2.7740556550e+01,6.0053061450e+00,9.707275e-07
1.6798594220e+08,2.8066498984e+01,6.0122061240e+00,7.339152e-07
1.6821066339e+08,2.7854420635e+01,6.0206412880e+00,7.804056e-07
1.6839538497e+08,2.8075856210e+01,6.0275059828e+00,5.976274e-07
1.6858010616e+08,2.8196879102e+01,6.0344120030e+00,6.105886e-07
1.6880482775e+08,2.7264081878e+01,6.0427220916e+00,5.976360e-07
1.6898954894e+08,2.8170894930e+01,6.0495590350e+00,7.547038e-07
1.6921427053e+08,2.6460158500e+01,6.0578263922e+00,7.018395e-07
1.6939899171e+08,2.8354806573e+01,6.0645756126e+00,9.466604e-07
1.6958371290e+08,2.7841275437e+01,6.0713062996e+00,9.472941e-07
1.6980843449e+08,2.5278175991e+01,6.0795383241e+00,1.910852e-07
1.6999315568e+08,2.8189002571e+01,6.0862885417e+00,7.696190e-07
1.7021787727e+08,2.8112444114e+01,6.0944966333e+00,8.270404e-07
1.7040259845e+08,2.6817022162e+01,6.1013140906e+00,6.318914e-07
1.7058732004e+08,2.8284853427e+01,6.1081459131e+00,6.086896e-07
1.7081204123e+08,2.8039743361e+01,6.1165102689e+00,5.974921e-07
1.7099676242e+08,2.8440249545e+01,6.1234834092e+00,6.843968e-07
1.7118148401e+08,2.8152296213e+01,6.1304293169e+00,9.194307e-07
1.7140620520e+08,2.8516694718e+01,6.1389976512e+00,8.317844e-07
1.7159092678e+08,2.6937507116e+01,6.1460268127e+00,3.105844e-08
1.7181564797e+08,2.8531047114e+01,6.1546693918e+00,1.710552e-07
1.7200036956e+08,2.7506098314e+01,6.1617956451e+00,8.466046e-07
1.7218509075e+08,2.8615671744e+01,6.1690100727e+00,6.521209e-07
1.7240981194e+08,2.7395351891e+01,6.1777971143e+00,6.905545e-07
1.7259453352e+08,2.9088558020e+01,6.1850952793e+00,6.030809e-07
1.7281925471e+08,2.8399130008e+01,6.1940165931e+00,6.077971e-07
1.7300397630e+08,2.8504218654e+01,6.2013091474e+00,6.304687e-07
1.7318869749e+08,2.8189859207e+01,6.2086717816e+00,8.113788e-07
1.7341341908e+08,2.8737148113e+01,6.2175848390e+00,7.445473e-07
1.7359814026e+08,2.8520442019e+01,6.2249034322e+00,1.655991e-07
1.7378286145e+08,2.8330948425e+01,6.2322954329e+00,8.783396e-07
1.7400758304e+08,2.8767107580e+01,6.2412631762e+00,8.689497e-07
1.7419230423e+08,2.7883892186e+01,6.2486586047e+00,7.161974e-07
1.7441702582e+08,2.8678780440e+01,6.2577371347e+00,7.612202e-07
1.7460174700e+08,2.8901302564e+01,6.2651846292e+00,6.051461e-07
1.7478646859e+08,2.7159645686e+01,6.2726941820e+00,6.102738e-07
1.7501118978e+08,2.9084968897e+01,6.2818731724e+00,6.030518e-07
1.7519591097e+08,2.7780936041e+01,6.2894439868e+00,7.873118e-07
1.7538063256e+08,2.9202010096e+01,6.2970115691e+00,7.725667e-07
1.7560535374e+08,2.8513870540e+01,6.3063337338e+00,9.382595e-07
1.7579007533e+08,2.9344147324e+01,6.3139939598e+00,8.208061e-07
1.7601479652e+08,2.7850593358e+01,6.3234268857e+00,5.231644e-07
1.7619951811e+08,2.9153014544e+01,6.3311772292e+00,7.905917e-07
1.7638423930e+08,2.9232223572e+01,6.3390025663e+00,6.126433e-07
1.7660896049e+08,2.9002085401e+01,6.3485060454e+00,6.365615e-07
1.7679368207e+08,2.9236790416e+01,6.3564134395e+00,5.939966e-07
1.7701840326e+08,2.9603068782e+01,6.3660027469e+00,5.847565e-07
1.7720312485e+08,2.7931568863e+01,6.3739506999e+00,6.717639e-07
1.7738784604e+08,2.9558577878e+01,6.3818689639e+00,9.145517e-07
1.7761256763e+08,2.9367241233e+01,6.3915105937e+00,8.601813e-07
1.7779728881e+08,2.8908672750e+01,6.3994919635e+00,5.707375e-07
1.7798201000e+08,2.9678382323e+01,6.4074396470e+00,8.188049e-07
1.7820673159e+08,2.8519463169e+01,6.4171491785e+00,9.449878e-07
1.7839145278e+08,2.9239168170e+01,6.4251877342e+00,6.300191e-07
1.7861617437e+08,2.9526398494e+01,6.4349258376e+00,6.823966e-07
1.7880089555e+08,2.9061831433e+01,6.4429841128e+00,5.734382e-07
1.7898561714e+08,2.9296094108e+01,6.4509801828e+00,6.755100e-07
1.7921033833e+08,2.9670635665e+01,6.4607594591e+00,6.327856e-07
1.7939505952e+08,2.9176818425e+01,6.4687282581e+00,9.492787e-07
1.7961978111e+08,2.9252279482e+01,6.4784914557e+00,8.354084e-07
1.7980450229e+08,2.9778005011e+01,6.4864555150e+00,4.961357e-07
1.7998922388e+08,2.9027964453e+01,6.4944774528e+00,9.643385e-07
1.8021394507e+08,2.9381385283e+01,6.5041667743e+00,9.466396e-07
1.8039866666e+08,2.9690920808e+01,6.5121837793e+00,7.010732e-07
1.8058338785e+08,2.9137312883e+01,6.5201415936e+00,5.844813e-07
1.8080810903e+08,2.9519274350e+01,6.5298856756e+00,5.834532e-07
1.8099283062e+08,2.9722649074e+01,6.5378270377e+00,6.158763e-07
1.8121755181e+08,2.8994183212e+01,6.5474882590e+00,5.974015e-07
1.8140227340e+08,2.9773727646e+01,6.5554790838e+00,8.071478e-07
1.8158699459e+08,2.9604062931e+01,6.5634241322e+00,6.764202e-07
1.8181171617e+08,2.8426078519e+01,6.5731591117e+00,9.461500e-07
1.8199643736e+08,3.0140431955e+01,6.5811330386e+00,9.360339e-07
1.8218115855e+08,2.8934978694e+01,6.5890989212e+00,6.818600e-07
1.8240588014e+08,2.9818275777e+01,6.5988593382e+00,7.809584e-07
1.8259060133e+08,2.9618344032e+01,6.6068461632e+00,5.919384e-07
1.8281532292e+08,2.9767729636e+01,6.6166507163e+00,6.119401e-07
1.8300004410e+08,2.9236873424e+01,6.6246939326e+00,6.089896e-07
1.8318476569e+08,2.9895767559e+01,6.6328111442e+00,7.618587e-07
1.8340948688e+08,2.9710891484e+01,6.6426538873e+00,7.021540e-07
1.8359420807e+08,2.9992591870e+01,6.6508102635e+00,8.413160e-07
1.8381892966e+08,2.9847165697e+01,6.6606889552e+00,9.258192e-07
1.8400365084e+08,3.0058734991e+01,6.6688768113e+00,5.801204e-07
1.8418837243e+08,2.9438336479e+01,6.6770127732e+00,8.141186e-07
1.8441309362e+08,2.9803953377e+01,6.6869452101e+00,8.142756e-07
1.8459781521e+08,3.0217505283e+01,6.6950430341e+00,6.221885e-07
1.8478253640e+08,2.8981559880e+01,6.7031326234e+00,6.014105e-07
1.8500725758e+08,2.9594135114e+01,6.7129831284e+00,5.995687e-07
1.8519197917e+08,3.0423342437e+01,6.7210067996e+00,7.053384e-07
1.8541670036e+08,2.8450835510e+01,6.7307918006e+00,6.663673e-07
1.8560142195e+08,3.0075377068e+01,6.7388009791e+00,8.727138e-07
1.8578614314e+08,2.9202503847e+01,6.7468035767e+00,1.169374e-07
1.8601086472e+08,3.0015724685e+01,6.7565748384e+00,1.200282e-07
1.8619558591e+08,2.9848893899e+01,6.7645633656e+00,8.097012e-07
1.8638030710e+08,3.0376158767e+01,6.7726186966e+00,6.293117e-07
1.8660502869e+08,2.9063546646e+01,6.7823567426e+00,6.901009e-07
1.8678974988e+08,3.0483555291e+01,6.7903992561e+00,6.046887e-07
1.8701447146e+08,2.9551823523e+01,6.8001257998e+00,6.054759e-07
1.8719919265e+08,3.0033385041e+01,6.8081665484e+00,6.486345e-07
1.8738391424e+08,3.0247713623e+01,6.8161590757e+00,7.978264e-07
1.8760863543e+08,3.0174055044e+01,6.8259406588e+00,7.582951e-07
1.8779335662e+08,2.9663358870e+01,6.8339344320e+00,3.463319e-08
1.8801807821e+08,3.0700611270e+01,6.8437222263e+00,8.714210e-07
1.8820279939e+08,2.9978003966e+01,6.8517503006e+00,9.354289e-07
1.8838752098e+08,2.9686428628e+01,6.8598624790e+00,6.967890e-07
1.8861224217e+08,3.0747835094e+01,6.8697472303e+00,7.320954e-07
1.8879696376e+08,3.0277059816e+01,6.8778926389e+00,6.111752e-07
1.8898168495e+08,2.8095637052e+01,6.8861093328e+00,6.291904e-07
1.8920640653e+08,3.0893147906e+01,6.8961751424e+00,6.076664e-07
1.8939112772e+08,2.9550788847e+01,6.9044406078e+00,7.604678e-07
1.8961584891e+08,3.0799302251e+01,6.9145704274e+00,7.266119e-07
1.8980057050e+08,3.0094230315e+01,6.9228868698e+00,9.620445e-07
1.8998529169e+08,3.0518672742e+01,6.9312723072e+00,9.194502e-07
1.9021001327e+08,3.0242642669e+01,6.9414353754e+00,5.044269e-07
1.9039473446e+08,3.0660931851e+01,6.9498442168e+00,7.559758e-07
1.9061945605e+08,2.8695340458e+01,6.9600468212e+00,8.327160e-07
1.9080417724e+08,3.1112463848e+01,6.9684850378e+00,6.221570e-07
1.9098889843e+08,2.9560105810e+01,6.9769172263e+00,5.866708e-07
1.9121362001e+08,3.1001468077e+01,6.9872413783e+00,5.939497e-07
1.9139834120e+08,2.9353061196e+01,6.9956968338e+00,7.299870e-07
1.9158306279e+08,3.0812343348e+01,7.0041703195e+00,9.439535e-07
1.9180778398e+08,2.9417846434e+01,7.0144500218e+00,8.643036e-07
1.9199250517e+08,3.0836628201e+01,7.0228650605e+00,6.860248e-07
1.9221722675e+08,3.0642718235e+01,7.0330754409e+00,2.988824e-07
1.9240194794e+08,3.0049124451e+01,7.0414716320e+00,8.806871e-07
1.9258666953e+08,3.0393699774e+01,7.0498900342e+00,6.239661e-07
1.9281139072e+08,3.0940280541e+01,7.0600905007e+00,6.601999e-07
1.9299611231e+08,2.8771269478e+01,7.0684888122e+00,5.900635e-07
1.9318083350e+08,3.0867060100e+01,7.0769284532e+00,6.998264e-07
1.9340555508e+08,3.0014017080e+01,7.0872055149e+00,6.226099e-07
1.9359027627e+08,3.1248747720e+01,7.0956939594e+00,8.652141e-07
1.9381499746e+08,2.9987376842e+01,7.1059719874e+00,8.787402e-07
1.9399971905e+08,3.1379520147e+01,7.1144425124e+00,4.194934e-07
1.9418444024e+08,2.9692892162e+01,7.1229105993e+00,9.527591e-07
1.9440916182e+08,3.1064715375e+01,7.1331994324e+00,9.788008e-07
1.9459388301e+08,3.0491276263e+01,7.1417108929e+00,6.556982e-07
1.9481860460e+08,3.1170348181e+01,7.1520438786e+00,7.258544e-07
1.9500332579e+08,2.9898612692e+01,7.1605758526e+00,5.747308e-07
1.9518804698e+08,3.1223500583e+01,7.1690892185e+00,6.456105e-07
1.9541276856e+08,3.1000767066e+01,7.1795194986e+00,6.046023e-07
1.9559748975e+08,3.0715076440e+01,7.1880947235e+00,8.561642e-07
1.9578221134e+08,3.1042784334e+01,7.1967631592e+00,8.763273e-08
1.9600693253e+08,3.1282932237e+01,7.2072851559e+00,8.815594e-07
1.9619165412e+08,3.1436295369e+01,7.2159425472e+00,9.510249e-07
1.9641637530e+08,2.7713280935e+01,7.2265177299e+00,9.595965e-07
1.9660109649e+08,3.1231419839e+01,7.2352384700e+00,7.468891e-07
1.9678581808e+08,3.1657341894e+01,7.2439426019e+00,5.930758e-07
1.9701053927e+08,3.0616511639e+01,7.2546188194e+00,6.023481e-07
1.9719526086e+08,3.1586161271e+01,7.2633779963e+00,6.062677e-07
1.9741998204e+08,2.9838963476e+01,7.2740952860e+00,5.867622e-07
1.9760470363e+08,3.1512629160e+01,7.2828949301e+00,7.193813e-07
1.9778942482e+08,3.1219796811e+01,7.2917523205e+00,9.029573e-07
1.9801414601e+08,3.1486785151e+01,7.3025083797e+00,9.487961e-07
1.9819886760e+08,3.1503886461e+01,7.3114381549e+00,8.672430e-07
1.9838358879e+08,3.1392096223e+01,7.3203495340e+00,7.537970e-07
1.9860831037e+08,3.1632067783e+01,7.3312882198e+00,8.481679e-07
1.9879303156e+08,3.1433909748e+01,7.3402573526e+00,6.109093e-07
1.9901775315e+08,3.2210735844e+01,7.3512560408e+00,6.484987e-07
1.9920247434e+08,3.0432113342e+01,7.3603241961e+00,6.044001e-07
1.9938719553e+08,3.1940963999e+01,7.3693944166e+00,7.251704e-07
1.9961191711e+08,3.1279824687e+01,7.3804830229e+00,6.761133e-07
1.9979663830e+08,3.1830328698e+01,7.3895504747e+00,9.215551e-07
2.0000000029e+08,3.1162146498e+01,7.3995307771e+00,6.244021e-07
2.0020608108e+08,2.9294943469e+01,7.4096487559e+00,9.808763e-08
2.0039080267e+08,3.1679100512e+01,7.4187013123e+00,8.336408e-07
2.0061552385e+08,3.2133178574e+01,7.4296659236e+00,8.535276e-07
2.0080024504e+08,2.8209005523e+01,7.4387079789e+00,6.434572e-07
2.0098496663e+08,3.1984856155e+01,7.4477897357e+00,5.819234e-07
2.0120968782e+08,3.2002006910e+01,7.4588849714e+00,6.036162e-07
2.0139440941e+08,3.1794088393e+01,7.4681112285e+00,6.633866e-07
2.0161913059e+08,3.1544165715e+01,7.4793407144e+00,6.311896e-07
2.0180385218e+08,3.2616231158e+01,7.4886723604e+00,7.634217e-07
2.0198857337e+08,3.1014228002e+01,7.4980622608e+00,1.651515e-08
2.0221329456e+08,3.2483492769e+01,7.5095419879e+00,3.962076e-07
2.0239801615e+08,3.0779473686e+01,7.5190827753e+00,8.851166e-07
2.0258273734e+08,3.2498280721e+01,7.5286583763e+00,6.703729e-07
2.0280745892e+08,3.1802180063e+01,7.5404205478e+00,7.348566e-07
2.0299218011e+08,3.2263394295e+01,7.5501088521e+00,6.092094e-07
2.0321690170e+08,3.2586265669e+01,7.5620063116e+00,6.147872e-07
2.0340162289e+08,3.1865679910e+01,7.5717787097e+00,5.961431e-07
2.0358634408e+08,3.2411748039e+01,7.5816087059e+00,7.558284e-07
2.0381106566e+08,3.2704474287e+01,7.5935126770e+00,7.328174e-07
2.0399578685e+08,3.1600521182e+01,7.6032838872e+00,6.530639e-07
2.0418050844e+08,3.2351679433e+01,7.6130565606e+00,9.298735e-07
2.0440522963e+08,3.2818691998e+01,7.6248587628e+00,6.627745e-07
2.0458995122e+08,3.0988867764e+01,7.6345386446e+00,7.493938e-07
2.0481467240e+08,3.2277990792e+01,7.6463142907e+00,7.860462e-07
2.0499939359e+08,3.2946514536e+01,7.6559132945e+00,6.087792e-07
2.0518411518e+08,3.0387617812e+01,7.6655125976e+00,6.028848e-07
2.0540883637e+08,3.2643944831e+01,7.6771302387e+00,6.002732e-07
2.0559355796e+08,3.2604859029e+01,7.6866910850e+00,7.085992e-07
2.0581827914e+08,3.2380147145e+01,7.6982453441e+00,6.646184e-07
2.0600300073e+08,3.2665033031e+01,7.7077681506e+00,8.423684e-07
2.0618772192e+08,3.2560106349e+01,7.7172197233e+00,6.454869e-07
2.0641244311e+08,3.2357136183e+01,7.7287535991e+00,3.317134e-07
2.0659716470e+08,3.2563752568e+01,7.7381733912e+00,8.295292e-07
2.0678188589e+08,3.2754620314e+01,7.7476316615e+00,6.224651e-07
2.0700660747e+08,2.9696604240e+01,7.7591206417e+00,6.518680e-07
2.0719132866e+08,3.3166788880e+01,7.7685350617e+00,5.858185e-07
2.0741605025e+08,3.1282821714e+01,7.7799647917e+00,5.846091e-07
2.0760077144e+08,3.2758220365e+01,7.7893669592e+00,6.534415e-07
2.0778549263e+08,3.2906581694e+01,7.7987080336e+00,8.874891e-07
2.0801021421e+08,3.1409099297e+01,7.8101043798e+00,8.302224e-07
2.0819493540e+08,3.2987672715e+01,7.8194332129e+00,3.032889e-07
2.0841965699e+08,3.2956772363e+01,7.8307716525e+00,4.439534e-07
2.0860437818e+08,3.1527251378e+01,7.8401209916e+00,9.921601e-07
2.0878909977e+08,3.3197418628e+01,7.8494534400e+00,6.647564e-07
2.0901382095e+08,3.2647221443e+01,7.8608003250e+00,7.082524e-07
2.0919854214e+08,3.2744690850e+01,7.8701553056e+00,5.859088e-07
2.0938326373e+08,3.2204385816e+01,7.8794557642e+00,6.646131e-07
2.0960798492e+08,3.3096619785e+01,7.8908157835e+00,6.192486e-07
2.0979270651e+08,2.8913001926e+01,7.9001526307e+00,8.380870e-07
2.1001742769e+08,3.3386879656e+01,7.9115380209e+00,7.920969e-07
2.1020214928e+08,3.1944565177e+01,7.9208860070e+00,9.055301e-07
2.1038687047e+08,3.3314355985e+01,7.9302880118e+00,9.854023e-07
2.1061159166e+08,3.1435071116e+01,7.9417322181e+00,9.583546e-07
2.1079631325e+08,3.3045996221e+01,7.9511463210e+00,6.956987e-07
2.1098103444e+08,3.2718913284e+01,7.9606243998e+00,5.700572e-07
2.1120575602e+08,3.3366531331e+01,7.9721545125e+00,5.942076e-07
2.1139047721e+08,3.2130457173e+01,7.9816607201e+00,6.274130e-07
2.1161519880e+08,3.3147530652e+01,7.9932667924e+00,6.009683e-07
2.1179991999e+08,3.3248420655e+01,8.0027679002e+00,7.623009e-07
2.1198464118e+08,3.1759094354e+01,8.0122948666e+00,7.975782e-07
2.1220936276e+08,3.3760255005e+01,8.0238629178e+00,9.189436e-07
2.1239408395e+08,3.3055685074e+01,8.0333692814e+00,9.271016e-07
2.1261880554e+08,3.1954889692e+01,8.0449969641e+00,3.082087e-07
2.1280352673e+08,3.3741451679e+01,8.0545404902e+00,8.081700e-07
2.1298824832e+08,2.9600338725e+01,8.0641111173e+00,6.085942e-07
2.1321296950e+08,3.3603136088e+01,8.0757900539e+00,6.250185e-07
2.1339769069e+08,3.2823637479e+01,8.0854462771e+00,5.910022e-07
2.1358241228e+08,3.3561908197e+01,8.0950948676e+00,7.130732e-07
2.1380713347e+08,2.8821148530e+01,8.1068848400e+00,6.903936e-07
2.1399185506e+08,3.3607356890e+01,8.1166003889e+00,9.291252e-07
2.1421657624e+08,3.0903563873e+01,8.1284574499e+00,8.806614e-07
2.1440129783e+08,3.4032645628e+01,8.1382386613e+00,2.215793e-07
2.1458601902e+08,3.2827658118e+01,8.1480513383e+00,8.337846e-07
2.1481074021e+08,3.3798053035e+01,8.1599432717e+00,8.318681e-07
2.1499546180e+08,3.1956246751e+01,8.1697130884e+00,6.299542e-07
2.1518018299e+08,3.3549571649e+01,8.1794955888e+00,5.977720e-07
2.1540490457e+08,3.3912011971e+01,8.1913431537e+00,6.021304e-07
2.1558962576e+08,3.2487974627e+01,8.2011120857e+00,6.840259e-07
2.1581434735e+08,3.3728648264e+01,8.2129687710e+00,6.270410e-07
2.1599906854e+08,3.3324254822e+01,8.2227072332e+00,8.042243e-07
2.1618378973e+08,3.3468833784e+01,8.2324973378e+00,1.144197e-07
2.1640851131e+08,3.3840043332e+01,8.2443635102e+00,3.551944e-07
2.1659323250e+08,3.2223152144e+01,8.2541368604e+00,8.533881e-07
2.1681795409e+08,3.3925980829e+01,8.2659810480e+00,9.018387e-07
2.1700267528e+08,3.3072980255e+01,8.2757139082e+00,7.005085e-07
2.1718739687e+08,3.4018508205e+01,8.2853771348e+00,6.011279e-07
2.1741211805e+08,3.2747459230e+01,8.2971134693e+00,6.048170e-07
2.1759683924e+08,3.4185191716e+01,8.3066749006e+00,6.230648e-07
2.1778156083e+08,3.1214893528e+01,8.3162039072e+00,7.615747e-07
2.1800628202e+08,3.3802940504e+01,8.3277448794e+00,7.376714e-07
2.1819100361e+08,3.2795808576e+01,8.3371842471e+00,3.951078e-07
2.1841572479e+08,3.3910039688e+01,8.3485830887e+00,9.496039e-07
2.1860044638e+08,3.1288283655e+01,8.3579296137e+00,8.284456e-07
2.1878516757e+08,3.4103574766e+01,8.3672354505e+00,7.311359e-07
2.1900988876e+08,3.3685155938e+01,8.3784777446e+00,7.677122e-07
2.1919461035e+08,3.1665421353e+01,8.3877042698e+00,6.233822e-07
2.1941933153e+08,3.4162344178e+01,8.3988924399e+00,6.307270e-07
2.1960405312e+08,3.3278916088e+01,8.4080219559e+00,5.916359e-07
2.1978877431e+08,3.3893271685e+01,8.4171600362e+00,7.235669e-07
2.2001349590e+08,3.3965077388e+01,8.4281732885e+00,6.736219e-07
2.2019821709e+08,3.2222634310e+01,8.4372194745e+00,9.708794e-07
2.2038293828e+08,3.4222906453e+01,8.4462060606e+00,8.482727e-07
2.2060765986e+08,3.1964700755e+01,8.4571241051e+00,3.290815e-07
2.2079238105e+08,3.3818557337e+01,8.4660449933e+00,7.771632e-07
2.2101710264e+08,3.3452181835e+01,8.4768959873e+00,8.827462e-07
2.2120182383e+08,3.3721833669e+01,8.4857616027e+00,6.477254e-07
2.2138654542e+08,3.2165755945e+01,8.4946509111e+00,5.995273e-07
2.2161126660e+08,3.4125990666e+01,8.5054199756e+00,5.964826e-07
2.2179598779e+08,3.1448379682e+01,8.5142601461e+00,7.042109e-07
2.2198070938e+08,3.4197994700e+01,8.5230729639e+00,8.963519e-07
2.2220543057e+08,3.3050566584e+01,8.5338367811e+00,8.252141e-07
2.2239015216e+08,3.3911993476e+01,8.5426716508e+00,8.693938e-08
2.2261487334e+08,3.3797230082e+01,8.5534282985e+00,4.521055e-07
2.2279959493e+08,3.2553106273e+01,8.5623163308e+00,9.798388e-07
2.2298431612e+08,3.4011688299e+01,8.5711889413e+00,6.428687e-07
2.2320903731e+08,3.4124876887e+01,8.5819707610e+00,6.725275e-07
2.2339375890e+08,3.3397185118e+01,8.5908565246e+00,5.740904e-07
2.2361848008e+08,3.4006608133e+01,8.6015897226e+00,5.814149e-07
2.2380320167e+08,3.2831446700e+01,8.6104194236e+00,6.325689e-07
2.2398792286e+08,3.3931439142e+01,8.6192063990e+00,8.578183e-07
2.2421264445e+08,3.0163809494e+01,8.6298898489e+00,7.977501e-07
2.2439736564e+08,3.4150026734e+01,8.6386570085e+00,1.080507e-07
2.2458208683e+08,3.3353885581e+01,8.6474373994e+00,9.801178e-07
2.2480680841e+08,3.4243668145e+01,8.6580453923e+00,9.548675e-07
2.2499152960e+08,3.3320864800e+01,8.6667784460e+00,6.543222e-07
2.2521625119e+08,3.4076150554e+01,8.6773234534e+00,7.429262e-07
2.2540097238e+08,3.3179322061e+01,8.6859970729e+00,5.940015e-07
2.2558569397e+08,3.3908822099e+01,8.6946236455e+00,6.273076e-07
2.2581041515e+08,3.3979186930e+01,8.7051231377e+00,5.972724e-07
2.2599513634e+08,3.3848399470e+01,8.7136682790e+00,8.037384e-07
2.2621985793e+08,3.2820567814e+01,8.7240520782e+00,7.195623e-07
2.2640457912e+08,3.4320829965e+01,8.7325065109e+00,9.021309e-07
2.2658930071e+08,3.3925078026e+01,8.7409173560e+00,9.298777e-07
2.2681402189e+08,3.2889302470e+01,8.7511094398e+00,8.259799e-07
2.2699874348e+08,3.4164004855e+01,8.7594999791e+00,7.953529e-07
2.2718346467e+08,3.3874093564e+01,8.7678438767e+00,5.935153e-07
2.2740818586e+08,3.2667110984e+01,8.7780202186e+00,6.057629e-07
2.2759290745e+08,3.4466170126e+01,8.7863557286e+00,6.024613e-07
2.2781762863e+08,3.0989708435e+01,8.7965186218e+00,5.958464e-07
2.2800235022e+08,3.4226657651e+01,8.8048737144e+00,7.060702e-07
2.2818707141e+08,3.3058789196e+01,8.8132315690e+00,8.991895e-07
2.2841179300e+08,3.3926973637e+01,8.8233572140e+00,9.025354e-07
2.2859651419e+08,3.4095414598e+01,8.8317082550e+00,5.749744e-07
2.2878123538e+08,3.3929164773e+01,8.8399955155e+00,7.802273e-07
2.2900595696e+08,3.3432982771e+01,8.8501138929e+00,8.928677e-07
2.2919067815e+08,3.4429014805e+01,8.8583811023e+00,6.245747e-07
2.2941539974e+08,3.3897245936e+01,8.8684584457e+00,6.531378e-07
2.2960012093e+08,3.3610930023e+01,8.8766872492e+00,5.888347e-07
2.2978484252e+08,3.4431227001e+01,8.8849407558e+00,6.753661e-07
2.3000956370e+08,3.3551876920e+01,8.8949023083e+00,6.543784e-07
2.3019428489e+08,3.3688950546e+01,8.9030940684e+00,8.827639e-07
2.3041900648e+08,3.4410313897e+01,8.9129566133e+00,7.723793e-07
2.3060372767e+08,3.3983446142e+01,8.9210061718e+00,4.233979e-08
2.3078844926e+08,3.3086409927e+01,8.9290043624e+00,8.566560e-07
2.3101317044e+08,3.4266441290e+01,8.9387186034e+00,8.717069e-07
2.3119789203e+08,3.3796632999e+01,8.9466068371e+00,6.863623e-07
2.3138261322e+08,3.3682580181e+01,8.9544824071e+00,6.072316e-07
2.3160733441e+08,3.4109275072e+01,8.9639527586e+00,6.104160e-07
2.3179205600e+08,3.2384275242e+01,8.9717040220e+00,6.416197e-07
2.3201677718e+08,3.4252395656e+01,8.9810180255e+00,6.019535e-07
2.3220149877e+08,3.3747372813e+01,8.9886422137e+00,7.268654e-07
2.3238621996e+08,3.3445175679e+01,8.9961723585e+00,1.554260e-07
2.3261094155e+08,3.4200250607e+01,9.0053133561e+00,7.734347e-07
2.3279566274e+08,3.3370877134e+01,9.0127446398e+00,9.071005e-07
2.3298038393e+08,3.4162491676e+01,9.0201854286e+00,6.965099e-07
2.3320510551e+08,3.2307546380e+01,9.0291372985e+00,7.761664e-07
2.3338982670e+08,3.3936688005e+01,9.0364582948e+00,6.040024e-07
2.3361454829e+08,3.3661309002e+01,9.0452728258e+00,6.398043e-07
2.3379926948e+08,3.3702635904e+01,9.0523884029e+00,6.078160e-07
2.3398399107e+08,2.9743006984e+01,9.0594370947e+00,7.213244e-07
2.3420871225e+08,3.3838618629e+01,9.0678963097e+00,7.003610e-07
2.3439343344e+08,3.3522341249e+01,9.0747233886e+00,8.942626e-07
2.3461815503e+08,3.3066601964e+01,9.0829028087e+00,8.612952e-07
2.3480287622e+08,3.3599815168e+01,9.0895758660e+00,3.301187e-07
2.3498759781e+08,3.3405388769e+01,9.0961014910e+00,7.627580e-07
2.3521231899e+08,3.2811651185e+01,9.1038994022e+00,8.236318e-07
2.3539704058e+08,3.3406140334e+01,9.1102061582e+00,6.484216e-07
2.3558176177e+08,3.2881123399e+01,9.1163324172e+00,5.991581e-07
2.3580648296e+08,3.3452800596e+01,9.1236345100e+00,5.850811e-07
2.3599120455e+08,2.9876747047e+01,9.1294436327e+00,6.826851e-07
2.3621592573e+08,3.2955862764e+01,9.1362779897e+00,6.633608e-07
2.3640064732e+08,3.2091118298e+01,9.1416968024e+00,8.348167e-07
2.3658536851e+08,3.2618584877e+01,9.1468717730e+00,3.523674e-07
2.3681009010e+08,3.0939164456e+01,9.1528655169e+00,2.510906e-07
2.3699481129e+08,3.2298482093e+01,9.1574360252e+00,8.703816e-07
2.3721953247e+08,3.1682526687e+01,9.1625409787e+00,1.007219e-06
2.3740425406e+08,3.0847234438e+01,9.1661920725e+00,6.651415e-07
2.3758897525e+08,3.1120978024e+01,9.1692796456e+00,5.818307e-07
2.3781369684e+08,2.9671692088e+01,9.1716219146e+00,6.013921e-07
2.3799841803e+08,3.0002453401e+01,9.1717948653e+00,6.550111e-07
2.3818313961e+08,3.1006432966e+01,9.1737477888e+00,8.315501e-07
2.3840786080e+08,3.1155920026e+01,9.1774588475e+00,8.037972e-07
2.3859258199e+08,3.2097203811e+01,9.1811943854e+00,8.147909e-08
2.3881730358e+08,3.2347424029e+01,9.1862609573e+00,7.830957e-07
2.3900202477e+08,3.2225185579e+01,9.1907917459e+00,1.018508e-06
2.3918674636e+08,3.2380116758e+01,9.1956279837e+00,6.759330e-07
2.3941146754e+08,3.2824895165e+01,9.2017649473e+00,7.059182e-07
2.3959618913e+08,3.2340291272e+01,9.2070474508e+00,5.826721e-07
2.3978091032e+08,3.2910569798e+01,9.2124581994e+00,6.442483e-07
2.4000563151e+08,3.3090736723e+01,9.2192687244e+00,6.204492e-07
2.4019035310e+08,3.2952276276e+01,9.2249624345e+00,8.058333e-07
2.4041507428e+08,3.3322982039e+01,9.2320832138e+00,7.669752e-07
2.4059979587e+08,3.3343843696e+01,9.2380085655e+00,9.339675e-07
2.4078451706e+08,3.3780441592e+01,9.2440715921e+00,9.638275e-07
2.4100923865e+08,3.1706642557e+01,9.2515217233e+00,7.264182e-07
2.4119395984e+08,3.3954127556e+01,9.2577302105e+00,7.102991e-07
2.4141868102e+08,3.2613423259e+01,9.2653377643e+00,8.547281e-07
2.4160340261e+08,3.3735228499e+01,9.2715897419e+00,6.123685e-07
2.4178812380e+08,3.3190108707e+01,9.2778580464e+00,6.237953e-07
2.4201284539e+08,3.3691363344e+01,9.2855400725e+00,5.877144e-07
2.4219756658e+08,3.3732097518e+01,9.2918376236e+00,7.228327e-07
2.4238228816e+08,3.3173129345e+01,9.2982122467e+00,8.873695e-07
2.4260700935e+08,3.3840800997e+01,9.3059773392e+00,9.037551e-07
2.4279173054e+08,3.3999583710e+01,9.3123897412e+00,8.532953e-07
2.4301645213e+08,3.2773798861e+01,9.3202799111e+00,2.261502e-07
2.4320117332e+08,3.3957551970e+01,9.3268451794e+00,8.602091e-07
2.4338589490e+08,3.3375008509e+01,9.3334244160e+00,6.158562e-07
2.4361061609e+08,3.4493987562e+01,9.3415110636e+00,6.318956e-07
2.4379533768e+08,3.2984270745e+01,9.3481871527e+00,5.991818e-07
2.4398005887e+08,3.4560130980e+01,9.3548552008e+00,7.086536e-07
2.4420478006e+08,3.1532507706e+01,9.3630022345e+00,6.765404e-07
2.4438950165e+08,3.4297748133e+01,9.3697055901e+00,9.042868e-07
2.4461422283e+08,3.2644030771e+01,9.3778939407e+00,8.199046e-07
2.4479894442e+08,3.4220397588e+01,9.3846096016e+00,1.414906e-07
2.4498366561e+08,3.4235583007e+01,9.3913656799e+00,8.612076e-07
2.4520838720e+08,3.4534632374e+01,9.3995579817e+00,8.891373e-07
2.4539310839e+08,3.3456106968e+01,9.4063395968e+00,6.589078e-07
2.4561782957e+08,3.4537853682e+01,9.4145612752e+00,7.121964e-07
2.4580255116e+08,3.2933050787e+01,9.4213096650e+00,5.965544e-07
2.4598727235e+08,3.4250506724e+01,9.4280652438e+00,6.481833e-07
2.4621199394e+08,3.4407488704e+01,9.4362139763e+00,6.280301e-07
2.4639671513e+08,3.2957191197e+01,9.4429377033e+00,7.785074e-07
2.4658143671e+08,3.4371044267e+01,9.4496332381e+00,1.875731e-07
2.4680615790e+08,3.4546444790e+01,9.4577464790e+00,6.372449e-07
2.4699087909e+08,3.3651260004e+01,9.4644394042e+00,8.747203e-07
2.4721560068e+08,3.4278467041e+01,9.4725169768e+00,7.004629e-07
2.4740032187e+08,3.4503269389e+01,9.4791791689e+00,7.272123e-07
2.4758504345e+08,3.3967724493e+01,9.4857913733e+00,6.097893e-07
2.4780976464e+08,3.4368390728e+01,9.4938600623e+00,6.300723e-07
2.4799448623e+08,3.4365822733e+01,9.5004338476e+00,6.136511e-07
2.4821920742e+08,3.3703061754e+01,9.5084533177e+00,5.901804e-07
2.4840392861e+08,3.4575343619e+01,9.5149909393e+00,6.961007e-07
2.4858865019e+08,3.4193556525e+01,9.5215538594e+00,5.410813e-07
2.4881337138e+08,3.3874418968e+01,9.5294629717e+00,9.927124e-07
2.4899809297e+08,3.4735976452e+01,9.5359702343e+00,4.092066e-07
2.4918281416e+08,3.4127796038e+01,9.5424184882e+00,7.608529e-07
2.4940753575e+08,3.3256944052e+01,9.5502758618e+00,8.091320e-07
2.4959225693e+08,3.4743440668e+01,9.5566836773e+00,6.241177e-07
2.4981697812e+08,3.3602164279e+01,9.5644540231e+00,6.460372e-07
2.5000169971e+08,3.4510327643e+01,9.5708481755e+00,5.920386e-07
2.5018642090e+08,3.4342563214e+01,9.5771710191e+00,7.068660e-07
2.5041114249e+08,3.1879500811e+01,9.5848494099e+00,6.663545e-07
2.5059586368e+08,3.4725037542e+01,9.5911105205e+00,9.537840e-07
2.5078058526e+08,3.3801469113e+01,9.5973300822e+00,1.039839e-08
2.5100530645e+08,3.4291033434e+01,9.6049107855e+00,1.581816e-07
2.5119002764e+08,3.3093797359e+01,9.6110892195e+00,8.124760e-07
2.5141474923e+08,3.4442052792e+01,9.6185778412e+00,9.668759e-07
2.5159947042e+08,3.2960123552e+01,9.6246817459e+00,6.636546e-07
2.5178419200e+08,3.4579130568e+01,9.6307747647e+00,5.887586e-07
2.5200891319e+08,3.3731170551e+01,9.6381128027e+00,5.851937e-07
2.5219363478e+08,3.4617236010e+01,9.6441366427e+00,6.530185e-07
2.5241835597e+08,3.1821173211e+01,9.6513921227e+00,6.245916e-07
2.5260307716e+08,3.4269058052e+01,9.6573401354e+00,8.078827e-07
2.5278779874e+08,3.3192117661e+01,9.6632580436e+00,2.129130e-07
2.5301251993e+08,3.4079562354e+01,9.6704573523e+00,1.341816e-07
2.5319724152e+08,3.4305331063e+01,9.6763200876e+00,1.038011e-06
2.5338196271e+08,3.1419798324e+01,9.6821903795e+00,6.503738e-07
2.5360668430e+08,3.4272344931e+01,9.6893151446e+00,6.955457e-07
2.5379140548e+08,3.3997241095e+01,9.6951386367e+00,5.871635e-07
2.5401612667e+08,3.4477635048e+01,9.7022577398e+00,5.964120e-07
2.5420084826e+08,3.4264477056e+01,9.7080795633e+00,6.268569e-07
2.5438556945e+08,3.2928682662e+01,9.7139386547e+00,8.226760e-07
2.5461029104e+08,3.4704164975e+01,9.7210632809e+00,7.501579e-07
2.5479501222e+08,3.3385465922e+01,9.7269466223e+00,5.290321e-07
2.5501973381e+08,3.4473365710e+01,9.7340714527e+00,9.166488e-07
2.5520445500e+08,3.4104184392e+01,9.7399677678e+00,8.129038e-07
2.5538917619e+08,3.4427514001e+01,9.7458317980e+00,6.808098e-07
2.5561389778e+08,3.3821215687e+01,9.7530174992e+00,7.695516e-07
2.5579861896e+08,3.4429838779e+01,9.7589016463e+00,5.986916e-07
2.5598334055e+08,3.4259068090e+01,9.7648153481e+00,6.118836e-07
2.5620806174e+08,3.4505101673e+01,9.7719565962e+00,5.959849e-07
2.5639278333e+08,3.4168657229e+01,9.7778800439e+00,7.527331e-07
2.5661750452e+08,3.4615980103e+01,9.7850630641e+00,7.007782e-07
2.5680222571e+08,3.1071890343e+01,9.7910237664e+00,8.991030e-07
2.5698694729e+08,3.4476234559e+01,9.7970056755e+00,7.119801e-07
2.5721166848e+08,3.4938073830e+01,9.8042992352e+00,3.530052e-07
2.5739639007e+08,3.2818772762e+01,9.8103520265e+00,8.244584e-07
2.5758111126e+08,3.4723817972e+01,9.8164119738e+00,6.066975e-07
2.5780583285e+08,3.4214543771e+01,9.8238069851e+00,6.393407e-07
2.5799055403e+08,3.4595419531e+01,9.8299346001e+00,6.105732e-07
2.5821527522e+08,3.4589755967e+01,9.8373801964e+00,5.924051e-07
2.5839999681e+08,3.5076801254e+01,9.8435709923e+00,6.684901e-07
2.5858471800e+08,3.4146002889e+01,9.8497417366e+00,8.814889e-07
2.5880943959e+08,3.5102614381e+01,9.8573081678e+00,8.533885e-07
2.5899416077e+08,3.2038270470e+01,9.8635245993e+00,1.088087e-07
2.5921888236e+08,3.4929626456e+01,9.8710825054e+00,5.709951e-07
2.5940360355e+08,3.3764121832e+01,9.8772844492e+00,8.950512e-07
2.5958832474e+08,3.4980777914e+01,9.8835049529e+00,6.352563e-07
2.5981304633e+08,3.2854450265e+01,9.8910815591e+00,6.701782e-07
2.5999776751e+08,3.5322969350e+01,9.8973077553e+00,5.961857e-07
2.6018248910e+08,3.4458721044e+01,9.9035793507e+00,6.608257e-07
2.6040721029e+08,3.5156488075e+01,9.9111844112e+00,6.453636e-07
2.6059193188e+08,3.4300398719e+01,9.9174586502e+00,8.188296e-07
2.6081665307e+08,3.4376143022e+01,9.9251306922e+00,7.193720e-07
2.6100137425e+08,3.5361617816e+01,9.9313977135e+00,3.401831e-07
2.6118609584e+08,3.4472513479e+01,9.9376544507e+00,8.734176e-07
2.6141081703e+08,3.4768431957e+01,9.9453020853e+00,8.710819e-07
2.6159553862e+08,3.5374948002e+01,9.9515667538e+00,7.143158e-07
2.6178025981e+08,3.3936078824e+01,9.9578701706e+00,6.034599e-07
2.6200498140e+08,3.5167324819e+01,9.9654951272e+00,6.202313e-07
2.6218970258e+08,3.3972165622e+01,9.9717708818e+00,6.229789e-07
2.6241442377e+08,3.5151702741e+01,9.9793544284e+00,6.004336e-07
2.6259914536e+08,3.5198733184e+01,9.9856027919e+00,7.023397e-07
2.6278386655e+08,3.4462653741e+01,9.9917959545e+00,4.877121e-07
2.6300858814e+08,3.5080061209e+01,9.9993499152e+00,9.218483e-07
2.6319330932e+08,3.4990060967e+01,1.0005511116e+01,8.195140e-07
2.6341803091e+08,3.5301344371e+01,1.0013024132e+01,2.092252e-07
2.6360275210e+08,3.3463241643e+01,1.0019156929e+01,7.931308e-07
2.6378747329e+08,3.5573332953e+01,1.0025307835e+01,6.202826e-07
2.6401219488e+08,3.4588075174e+01,1.0032809077e+01,6.508122e-07
2.6419691606e+08,3.5306342268e+01,1.0038960746e+01,5.982794e-07
2.6438163765e+08,3.4573250694e+01,1.0045145889e+01,6.843518e-07
2.6460635884e+08,3.4780231286e+01,1.0052712585e+01,6.682502e-07
2.6479108043e+08,3.5578449366e+01,1.0058923083e+01,9.930994e-07
2.6501580162e+08,3.5216565715e+01,1.0066522582e+01,8.118631e-07
2.6520052280e+08,3.4898384224e+01,1.0072820549e+01,1.412697e-07
2.6538524439e+08,3.5727589515e+01,1.0079121699e+01,7.952993e-07
2.6560996558e+08,3.4382145666e+01,1.0086857886e+01,8.572658e-07
2.6579468717e+08,3.5448380965e+01,1.0093277430e+01,6.507260e-07
2.6601940836e+08,3.4690299071e+01,1.0101106100e+01,6.774294e-07
2.6620412994e+08,3.5798771910e+01,1.0107605804e+01,5.910517e-07
2.6638885113e+08,3.5136690099e+01,1.0114129165e+01,6.759207e-07
2.6661357232e+08,3.5823573121e+01,1.0122036435e+01,6.492361e-07
2.6679829391e+08,3.5499076956e+01,1.0128583602e+01,8.034103e-07
2.6698301510e+08,3.5695611547e+01,1.0135105245e+01,1.522069e-07
2.6720773668e+08,3.5772428304e+01,1.0143102955e+01,1.559166e-07
2.6739245787e+08,3.5040064459e+01,1.0149647149e+01,9.210551e-07
2.6761717946e+08,3.6042399035e+01,1.0157650992e+01,9.599695e-07
2.6780190065e+08,3.5137814882e+01,1.0164245893e+01,6.858913e-07
2.6798662184e+08,3.5779676118e+01,1.0170813307e+01,5.921031e-07
2.6821134343e+08,3.3823066636e+01,1.0178807928e+01,5.921494e-07
2.6839606461e+08,3.5778231027e+01,1.0185397253e+01,6.286225e-07
2.6858078620e+08,3.5861159252e+01,1.0191968137e+01,7.915602e-07
2.6880550739e+08,3.4023076856e+01,1.0199988661e+01,7.784537e-07
2.6899022898e+08,3.5753788217e+01,1.0206599988e+01,5.600737e-08
2.6921495017e+08,3.5861799599e+01,1.0214611020e+01,9.718214e-07
2.6939967135e+08,3.4485825934e+01,1.0221200611e+01,8.671376e-07
2.6958439294e+08,3.5760147755e+01,1.0227799793e+01,6.775289e-07
2.6980911413e+08,3.5587530280e+01,1.0235794892e+01,7.082615e-07
2.6999383572e+08,3.6129482076e+01,1.0242404946e+01,5.902944e-07
2.7021855691e+08,3.4626038730e+01,1.0250435120e+01,6.149718e-07
2.7040327849e+08,3.6258122294e+01,1.0256998572e+01,6.121205e-07
2.7058799968e+08,3.5673655358e+01,1.0263567413e+01,7.730263e-07
2.7081272087e+08,3.5908159996e+01,1.0271478640e+01,7.182057e-07
2.7099744246e+08,3.5576121989e+01,1.0277980197e+01,9.063034e-07
2.7118216365e+08,3.5712823703e+01,1.0284421000e+01,8.209977e-07
2.7140688523e+08,3.6079854851e+01,1.0292277193e+01,3.416621e-07
2.7159160642e+08,3.2969980534e+01,1.0298710253e+01,7.356024e-07
2.7181632801e+08,3.5932291906e+01,1.0306537836e+01,9.108401e-07
2.7200104920e+08,3.4684905317e+01,1.0312976772e+01,6.228211e-07
2.7218577039e+08,3.6081928704e+01,1.0319459981e+01,6.112034e-07
2.7241049197e+08,3.5767744218e+01,1.0327353587e+01,5.935051e-07
2.7259521316e+08,3.5802244534e+01,1.0333930626e+01,6.925577e-07
2.7281993475e+08,3.6447581400e+01,1.0341976664e+01,6.535670e-07
2.7300465594e+08,3.6038430178e+01,1.0348651274e+01,8.825142e-07
2.7318937753e+08,3.3589242374e+01,1.0355430640e+01,2.200116e-07
2.7341409872e+08,3.6346104191e+01,1.0363769698e+01,2.642661e-07
2.7359881990e+08,3.6278590292e+01,1.0370680828e+01,8.761009e-07
2.7378354149e+08,3.6631866365e+01,1.0377701844e+01,6.388834e-07
2.7400826268e+08,3.4842983592e+01,1.0386291629e+01,6.607102e-07
2.7419298427e+08,3.7014522961e+01,1.0393438805e+01,5.967531e-07
2.7441770546e+08,3.4909835425e+01,1.0402213121e+01,6.046015e-07
2.7460242704e+08,3.6822929875e+01,1.0409475386e+01,6.414588e-07
2.7478714823e+08,3.4364236846e+01,1.0416785640e+01,8.632036e-07
2.7501186942e+08,3.7040678240e+01,1.0425750033e+01,7.698080e-07
2.7519659101e+08,3.6287796416e+01,1.0433184451e+01,4.056324e-07
2.7538131220e+08,3.7141510704e+01,1.0440626688e+01,8.837124e-07
2.7560603378e+08,3.6738131905e+01,1.0449784516e+01,8.638911e-07
2.7579075497e+08,3.7291889939e+01,1.0457321046e+01,6.729986e-07
2.7601547656e+08,3.6845383240e+01,1.0466574776e+01,7.461253e-07
2.7620019775e+08,3.7107009108e+01,1.0474183993e+01,6.127466e-07
2.7638491894e+08,3.5366459240e+01,1.0481832905e+01,6.415433e-07
2.7660964052e+08,3.7532983396e+01,1.0491198298e+01,6.165748e-07
2.7679436171e+08,3.7222932469e+01,1.0498905741e+01,7.288149e-07
2.7701908330e+08,3.6914446148e+01,1.0508313790e+01,6.729318e-07
2.7720380449e+08,3.7120707259e+01,1.0516117629e+01,8.083561e-07
2.7738852608e+08,3.7417272540e+01,1.0523912004e+01,8.525997e-07
2.7761324726e+08,3.7038114400e+01,1.0533459594e+01,3.840567e-07
2.7779796845e+08,3.7280807897e+01,1.0541296511e+01,7.516171e-07
2.7798269004e+08,3.7492049319e+01,1.0549194951e+01,6.292692e-07
2.7820741123e+08,3.7608034838e+01,1.0558796508e+01,6.308709e-07
2.7839213282e+08,3.7241993543e+01,1.0566753435e+01,5.814986e-07
2.7861685400e+08,3.7808920386e+01,1.0576421165e+01,5.886031e-07
2.7880157559e+08,3.7592976570e+01,1.0584425228e+01,6.640936e-07
2.7898629678e+08,3.7196019709e+01,1.0592417596e+01,8.467656e-07
2.7921101797e+08,3.8185628201e+01,1.0602221120e+01,9.687462e-07
2.7939573956e+08,3.6778082916e+01,1.0610291894e+01,2.266402e-07
2.7958046075e+08,3.7926826936e+01,1.0618427205e+01,7.800981e-07
2.7980518233e+08,3.8143174039e+01,1.0628325561e+01,8.308284e-07
2.7998990352e+08,3.7342785448e+01,1.0636511738e+01,6.383567e-07
2.8021462511e+08,3.8073732597e+01,1.0646445697e+01,6.893896e-07
2.8039934630e+08,3.3212511920e+01,1.0654638523e+01,5.947345e-07
2.8058406749e+08,3.7820300521e+01,1.0662859893e+01,6.838579e-07
2.8080878907e+08,3.8289131738e+01,1.0672867139e+01,6.289978e-07
2.8099351026e+08,3.7401954660e+01,1.0681125973e+01,8.929254e-07
2.8121823185e+08,3.7910562636e+01,1.0691215107e+01,7.620219e-07
2.8140295304e+08,3.7868143835e+01,1.0699481487e+01,2.056485e-07
2.8158767463e+08,3.8193296573e+01,1.0707800044e+01,8.672731e-07
2.8181239581e+08,3.5843466967e+01,1.0717929547e+01,1.007006e-06
2.8199711700e+08,3.8648442038e+01,1.0726295526e+01,6.703485e-07
2.8218183859e+08,3.7449023206e+01,1.0734658327e+01,5.849804e-07
2.8240655978e+08,3.8307756289e+01,1.0744891209e+01,5.834124e-07
2.8259128137e+08,3.7801496195e+01,1.0753294526e+01,6.351533e-07
2.8281600255e+08,3.8346498034e+01,1.0763580050e+01,6.139485e-07
2.8300072414e+08,3.3805308178e+01,1.0772050938e+01,7.476738e-07
2.8318544533e+08,3.8483562717e+01,1.0780540161e+01,2.558997e-07
2.8341016652e+08,3.7770424702e+01,1.0790869022e+01,3.754226e-07
2.8359488811e+08,3.8594832830e+01,1.0799404658e+01,1.028353e-06
2.8381960929e+08,3.8480961707e+01,1.0809772166e+01,5.430308e-07
2.8400433088e+08,3.7261313285e+01,1.0818340174e+01,7.189158e-07
2.8418905207e+08,3.8999420429e+01,1.0826896700e+01,5.968623e-07
2.8441377366e+08,3.8114232839e+01,1.0837318677e+01,6.139415e-07
2.8459849485e+08,3.8060613778e+01,1.0845934546e+01,6.125906e-07
2.8478321604e+08,3.8968921249e+01,1.0854540746e+01,7.908444e-07
2.8500793762e+08,3.6050154461e+01,1.0865047390e+01,7.218847e-07
2.8519265881e+08,3.9114096299e+01,1.0873709384e+01,8.174684e-07
2.8541738040e+08,3.8043822700e+01,1.0884281103e+01,8.950605e-07
2.8560210159e+08,3.8766988977e+01,1.0892979024e+01,5.908249e-07
2.8578682318e+08,3.7854972516e+01,1.0901727467e+01,7.116116e-07
2.8601154436e+08,3.9037642027e+01,1.0912369365e+01,7.798954e-07
2.8619626555e+08,3.6974043188e+01,1.0921143488e+01,6.074769e-07
2.8638098714e+08,3.9303871871e+01,1.0929954985e+01,6.206062e-07
2.8660570833e+08,3.7475345106e+01,1.0940714368e+01,6.109771e-07
2.8679042992e+08,3.9348769944e+01,1.0949567371e+01,7.128826e-07
2.8701515110e+08,3.5614713925e+01,1.0960373808e+01,6.703256e-07
2.8719987269e+08,3.9040907305e+01,1.0969272236e+01,8.616564e-07
2.8738459388e+08,3.9400862620e+01,1.0978172183e+01,4.526003e-07
2.8760931507e+08,3.8662254372e+01,1.0989060218e+01,4.720966e-08
2.8779403666e+08,3.9199952780e+01,1.0997996985e+01,8.370307e-07
2.8801875784e+08,3.8296739703e+01,1.1008903361e+01,9.349178e-07
2.8820347943e+08,3.9322854696e+01,1.1017910189e+01,6.528895e-07
2.8838820062e+08,3.9170529728e+01,1.1026912938e+01,5.865993e-07
2.8861292221e+08,3.8620441215e+01,1.1037922940e+01,5.916779e-07
2.8879764340e+08,3.9374157370e+01,1.1046961456e+01,6.539304e-07
2.8898236459e+08,3.8769045037e+01,1.1056036564e+01,8.894164e-07
2.8920708617e+08,3.9634151640e+01,1.1067055658e+01,8.139564e-07
2.8939180736e+08,3.9209310620e+01,1.1076159812e+01,2.455297e-07
2.8961652895e+08,3.9655753727e+01,1.1087204340e+01,7.530213e-07
2.8980125014e+08,3.9001311185e+01,1.1096315589e+01,8.904048e-07
2.8998597173e+08,3.9556989775e+01,1.1105398115e+01,6.668937e-07
2.9021069291e+08,3.9477525266e+01,1.1116493094e+01,6.948268e-07
2.9039541410e+08,3.9305597794e+01,1.1125587800e+01,6.070060e-07
2.9058013569e+08,3.9519749023e+01,1.1134712883e+01,6.427716e-07
2.9080485688e+08,3.9964119771e+01,1.1145758146e+01,6.119622e-07
2.9098957847e+08,3.7377101600e+01,1.1154834577e+01,7.672339e-07
2.9121429965e+08,3.9412870951e+01,1.1165876225e+01,6.979340e-07
2.9139902124e+08,3.9921658443e+01,1.1174924682e+01,7.841883e-07
2.9158374243e+08,3.7270598728e+01,1.1183993514e+01,8.780290e-07
2.9180846362e+08,3.9894842675e+01,1.1195011380e+01,7.983357e-07
2.9199318521e+08,3.9479139926e+01,1.1204066076e+01,7.410726e-07
2.9221790639e+08,3.9033417984e+01,1.1215137404e+01,7.985674e-07
2.9240262798e+08,4.0158659724e+01,1.1224214960e+01,6.346825e-07
2.9258734917e+08,3.9055217046e+01,1.1233333983e+01,6.065368e-07
2.9281207076e+08,3.9514670234e+01,1.1244392098e+01,5.960664e-07
2.9299679195e+08,4.0037116644e+01,1.1253496449e+01,6.790477e-07
2.9318151314e+08,3.8996853666e+01,1.1262552432e+01,7.417272e-07
2.9340623472e+08,3.9738873342e+01,1.1273588057e+01,9.683218e-07
2.9359095591e+08,3.9797895746e+01,1.1282617137e+01,5.296997e-07
2.9381567750e+08,3.9562748295e+01,1.1293639070e+01,1.644246e-07
2.9400039869e+08,3.9559102882e+01,1.1302656560e+01,8.256288e-07
2.9418512028e+08,3.9915747720e+01,1.1311686705e+01,6.441395e-07
2.9440984146e+08,3.8347761588e+01,1.1322603338e+01,6.646296e-07
2.9459456265e+08,4.0156411772e+01,1.1331546340e+01,5.881730e-07
2.9481928424e+08,3.9809118084e+01,1.1342353584e+01,5.863143e-07
2.9500400543e+08,3.7853028693e+01,1.1351205582e+01,6.458418e-07
2.9518872702e+08,3.9911403920e+01,1.1360037539e+01,9.848538e-07
2.9541344820e+08,3.9729217855e+01,1.1370736081e+01,8.078937e-07
2.9559816979e+08,3.6444722209e+01,1.1379548567e+01,4.390185e-08
2.9578289098e+08,4.0035685020e+01,1.1388357991e+01,8.060948e-07
2.9600761217e+08,3.9460507506e+01,1.1399063859e+01,8.743522e-07
2.9619233376e+08,3.9850832274e+01,1.1407894816e+01,6.808838e-07
2.9641705494e+08,3.9982167347e+01,1.1418589249e+01,7.186900e-07
2.9660177653e+08,3.9826164685e+01,1.1427397250e+01,6.010612e-07
2.9678649772e+08,3.7039454017e+01,1.1436166390e+01,6.576074e-07
2.9701121931e+08,3.9978982469e+01,1.1446809493e+01,6.060716e-07
2.9719594050e+08,3.7591047874e+01,1.1455534748e+01,7.838209e-07
2.9738066169e+08,4.0165312489e+01,1.1464221845e+01,2.594122e-07
2.9760538327e+08,3.7116693717e+01,1.1474774342e+01,1.333379e-07
2.9779010446e+08,4.0214957674e+01,1.1483420837e+01,9.502229e-07
2.9801482605e+08,4.0049421629e+01,1.1493954944e+01,7.244938e-07
2.9819954724e+08,3.9423874180e+01,1.1502570564e+01,7.049686e-07
2.9838426883e+08,4.0053473151e+01,1.1511212663e+01,5.799587e-07
2.9860899001e+08,4.0040293660e+01,1.1521675943e+01,5.976799e-07
2.9879371120e+08,3.9006216630e+01,1.1530265346e+01,6.259697e-07
2.9901843279e+08,3.9821196607e+01,1.1540738776e+01,6.105951e-07
2.9920315398e+08,4.0003372719e+01,1.1549314022e+01,7.611053e-07
2.9938787557e+08,3.8968467026e+01,1.1557877231e+01,6.055129e-07
2.9961259675e+08,4.0075418906e+01,1.1568300880e+01,9.494278e-07
2.9979731834e+08,3.9987516388e+01,1.1576841580e+01,2.734028e-07
2.9998203953e+08,3.7955353798e+01,1.1585393419e+01,6.883949e-07
3.0020676072e+08,4.0400250921e+01,1.1595804969e+01,7.249734e-07
3.0039148231e+08,3.9091254707e+01,1.1604362528e+01,6.096625e-07
3.0061620349e+08,3.9921081561e+01,1.1614717484e+01,6.392921e-07
3.0080092508e+08,4.0172322299e+01,1.1623220030e+01,6.000170e-07
3.0098564627e+08,3.9305223640e+01,1.1631653393e+01,7.302161e-07
3.0121036786e+08,4.0203911910e+01,1.1641883766e+01,6.757846e-07
3.0139508905e+08,3.9335399807e+01,1.1650207067e+01,8.963759e-07
3.0161981023e+08,3.9971644720e+01,1.1660308508e+01,8.595083e-07
3.0180453182e+08,3.9334841885e+01,1.1668570919e+01,3.557760e-08
3.0198925301e+08,3.9737474941e+01,1.1676772287e+01,7.500808e-07
3.0221397460e+08,3.9373808798e+01,1.1686740488e+01,9.209938e-07
3.0239869579e+08,4.0087038725e+01,1.1694869803e+01,6.379082e-07
3.0258341738e+08,3.8488027658e+01,1.1702950517e+01,6.019374e-07
3.0280813856e+08,3.9962542554e+01,1.1712724561e+01,5.965510e-07
3.0299285975e+08,3.9682679716e+01,1.1720658558e+01,6.730893e-07
3.0321758134e+08,3.8670015839e+01,1.1730220770e+01,6.388288e-07
3.0340230253e+08,3.9611445851e+01,1.1738026498e+01,8.634355e-07
3.0358702412e+08,3.9661992798e+01,1.1745740302e+01,1.620776e-07
3.0381174530e+08,3.9033413198e+01,1.1755042147e+01,2.338740e-07
3.0399646689e+08,3.9769549327e+01,1.1762657272e+01,9.404341e-07
3.0418118808e+08,3.8310839663e+01,1.1770180731e+01,6.605663e-07
3.0440590927e+08,3.9593417134e+01,1.1779271575e+01,6.790121e-07
3.0459063086e+08,3.9128534597e+01,1.1786676779e+01,5.938781e-07
3.0481535204e+08,3.9262314372e+01,1.1795559264e+01,6.079094e-07
3.0500007363e+08,3.8956788064e+01,1.1802810656e+01,6.230764e-07
3.0518479482e+08,3.9218043075e+01,1.1809952698e+01,8.373623e-07
3.0540951641e+08,3.8839102495e+01,1.1818570699e+01,7.342096e-07
3.0559423760e+08,3.8870101734e+01,1.1825542450e+01,6.535218e-07
3.0581895878e+08,3.9137715949e+01,1.1833942653e+01,8.168682e-07
3.0600368037e+08,3.7189036549e+01,1.1840734609e+01,7.837786e-07
3.0618840156e+08,3.9256754170e+01,1.1847453920e+01,7.031042e-07
3.0641312315e+08,3.8099755617e+01,1.1855481275e+01,7.994521e-07
3.0659784434e+08,3.8925017225e+01,1.1861993025e+01,6.279080e-07
3.0678256593e+08,3.8702290637e+01,1.1868365074e+01,6.160137e-07
3.0700728711e+08,3.6697081495e+01,1.1875980485e+01,5.933835e-07
3.0719200830e+08,3.8669946982e+01,1.1882094411e+01,6.991365e-07
3.0741672989e+08,3.8616008675e+01,1.1889286103e+01,6.495731e-07
3.0760145108e+08,3.7781689152e+01,1.1894988827e+01,8.878064e-07
3.0778617267e+08,3.7905164564e+01,1.1900510259e+01,8.257214e-07
3.0801089385e+08,3.7516546922e+01,1.1906848990e+01,1.246615e-07
3.0819561544e+08,3.7419907521e+01,1.1911744380e+01,8.175554e-07
3.0838033663e+08,3.5586117189e+01,1.1916224302e+01,6.229214e-07
3.0860505782e+08,3.6260362022e+01,1.1920931868e+01,6.506881e-07
3.0878977941e+08,3.4307970294e+01,1.1923483468e+01,5.931329e-07
3.0901450059e+08,3.6856159052e+01,1.1926599729e+01,5.945736e-07
3.0919922218e+08,3.4901051448e+01,1.1930495366e+01,6.514172e-07
3.0938394337e+08,3.7874957765e+01,1.1934948215e+01,9.720750e-07
3.0960866496e+08,3.7224447453e+01,1.1940852263e+01,8.881517e-07
3.0979338615e+08,3.7990335091e+01,1.1945959562e+01,3.472809e-07
3.1001810733e+08,3.7628605410e+01,1.1952460894e+01,5.960645e-08
3.1020282892e+08,3.8259246273e+01,1.1957941029e+01,8.639477e-07
3.1038755011e+08,3.7107024177e+01,1.1963572423e+01,6.608903e-07
3.1061227170e+08,3.9017666500e+01,1.1970563880e+01,7.265579e-07
3.1079699289e+08,3.7939685873e+01,1.1976428569e+01,5.841157e-07
3.1098171448e+08,3.8406028259e+01,1.1982436831e+01,6.310310e-07
3.1120643566e+08,3.9127042397e+01,1.1989853866e+01,6.298808e-07
3.1139115685e+08,3.8850940765e+01,1.1996054463e+01,8.890913e-07
3.1161587844e+08,3.7576525953e+01,1.2003756978e+01,7.504491e-07
3.1180059963e+08,3.9278044122e+01,1.2010160913e+01,6.510071e-08
3.1198532122e+08,3.8758823623e+01,1.2016665868e+01,8.774033e-07
3.1221004240e+08,3.9408188219e+01,1.2024644348e+01,1.012138e-06
3.1239476399e+08,3.9074983986e+01,1.2031304229e+01,7.080200e-07
3.1261948518e+08,3.9432368954e+01,1.2039447879e+01,7.355638e-07
3.1280420637e+08,3.9385596832e+01,1.2046233787e+01,5.960980e-07
3.1298892796e+08,3.9347156462e+01,1.2053033654e+01,6.263789e-07
3.1321364914e+08,3.9791406007e+01,1.2061409358e+01,6.139562e-07
3.1339837073e+08,3.9098657022e+01,1.2068319533e+01,7.341418e-07
3.1358309192e+08,3.9665227039e+01,1.2075307602e+01,3.061210e-09
3.1380781351e+08,3.9671242051e+01,1.2083823864e+01,9.652802e-07
3.1399253470e+08,3.9601006864e+01,1.2090892439e+01,8.942154e-07
3.1421725588e+08,3.9695390242e+01,1.2099486632e+01,1.334437e-07
3.1440197747e+08,3.9715341954e+01,1.2106608864e+01,7.306966e-07
3.1458669866e+08,3.9941802632e+01,1.2113739617e+01,5.960473e-07
3.1481142025e+08,3.9681836717e+01,1.2122471117e+01,6.215506e-07
3.1499614144e+08,3.9569712828e+01,1.2129719212e+01,6.080007e-07
3.1518086303e+08,4.0047859106e+01,1.2136973680e+01,7.424984e-07
3.1540558421e+08,3.9655195755e+01,1.2145840713e+01,7.135565e-07
3.1559030540e+08,4.0442435539e+01,1.2153185572e+01,8.856910e-07
3.1581502699e+08,3.7740042338e+01,1.2162134811e+01,8.717791e-07
3.1599974818e+08,4.0647472984e+01,1.2169537053e+01,2.346954e-07
3.1618446977e+08,3.7501634053e+01,1.2176961736e+01,7.304721e-07
3.1640919095e+08,4.0342226175e+01,1.2186047095e+01,8.481067e-07
3.1659391254e+08,3.9822798130e+01,1.2193532181e+01,6.474280e-07
3.1681863373e+08,4.0527284641e+01,1.2202703500e+01,6.626548e-07
3.1700335492e+08,3.5873428023e+01,1.2210256405e+01,5.981945e-07
3.1718807651e+08,4.0783270213e+01,1.2217830162e+01,6.806844e-07
3.1741279769e+08,3.7395269850e+01,1.2227079220e+01,6.501280e-07
3.1759751928e+08,4.0963066048e+01,1.2234706082e+01,8.389415e-07
3.1778224047e+08,3.9943748498e+01,1.2242343348e+01,2.030874e-07
3.1800696206e+08,4.0437853371e+01,1.2251692244e+01,7.679502e-09
3.1819168325e+08,4.0901831680e+01,1.2259378738e+01,8.732211e-07
3.1841640443e+08,3.9966223872e+01,1.2268806019e+01,8.924362e-07
3.1860112602e+08,4.0826399609e+01,1.2276565978e+01,6.694767e-07
3.1878584721e+08,4.0923403823e+01,1.2284366141e+01,5.994515e-07
3.1901056880e+08,3.9874690450e+01,1.2293936593e+01,6.061101e-07
3.1919528999e+08,4.1082459088e+01,1.2301816764e+01,6.437316e-07
3.1938001158e+08,4.0633275156e+01,1.2309742667e+01,8.507971e-07
3.1960473276e+08,4.0783165126e+01,1.2319369697e+01,7.781795e-07
3.1978945395e+08,4.1117306496e+01,1.2327316339e+01,1.345167e-07
3.2001417554e+08,4.1159079366e+01,1.2336944260e+01,8.563689e-07
3.2019889673e+08,4.0180994383e+01,1.2344884663e+01,8.816007e-07
3.2038361832e+08,4.1468820451e+01,1.2352791944e+01,6.939089e-07
3.2060833950e+08,4.0604760377e+01,1.2362435152e+01,7.414146e-07
3.2079306109e+08,4.0998347033e+01,1.2370315935e+01,6.114425e-07
3.2101778228e+08,4.1256934070e+01,1.2379921966e+01,6.334130e-07
3.2120250347e+08,4.1000808014e+01,1.2387772816e+01,6.077988e-07
3.2138722506e+08,3.9920504664e+01,1.2395628394e+01,7.728808e-07
3.2161194624e+08,4.1467123274e+01,1.2405124898e+01,6.818080e-07
3.2179666783e+08,4.0155689595e+01,1.2412891462e+01,8.849275e-07
3.2198138902e+08,4.1348971230e+01,1.2420656842e+01,8.543796e-07
3.2220611061e+08,4.1119115933e+01,1.2430030391e+01,1.850793e-07
3.2239083180e+08,3.9014630097e+01,1.2437724844e+01,7.740600e-07
3.2261555298e+08,4.1295910557e+01,1.2447050150e+01,8.364380e-07
3.2280027457e+08,4.0634072462e+01,1.2454668553e+01,6.516578e-07
3.2298499576e+08,4.0919113634e+01,1.2462283164e+01,6.021614e-07
3.2320971735e+08,4.0144503031e+01,1.2471445713e+01,5.842644e-07
3.2339443854e+08,4.0938819135e+01,1.2478930841e+01,6.562768e-07
3.2361916012e+08,3.7730492960e+01,1.2487940650e+01,6.295517e-07
3.2380388131e+08,4.1223081046e+01,1.2495263834e+01,9.945949e-07
3.2398860250e+08,3.9298563746e+01,1.2502504839e+01,7.284642e-08
3.2421332409e+08,4.0952042352e+01,1.2511231137e+01,4.115003e-07
3.2439804528e+08,3.7736706151e+01,1.2518304567e+01,8.427554e-07
3.2458276687e+08,4.0607697892e+01,1.2525292160e+01,6.479823e-07
3.2480748805e+08,3.9371196498e+01,1.2533682498e+01,6.762766e-07
3.2499220964e+08,4.0451077326e+01,1.2540450683e+01,5.761669e-07
3.2521693083e+08,3.9789823674e+01,1.2548541091e+01,5.982571e-07
3.2540165202e+08,4.0173515456e+01,1.2555097660e+01,6.449013e-07
3.2558637361e+08,4.0076762310e+01,1.2561512661e+01,9.830157e-07
3.2581109479e+08,3.8748298124e+01,1.2569153616e+01,7.975464e-07
3.2599581638e+08,4.0241030991e+01,1.2575293026e+01,3.026681e-07
3.2618053757e+08,3.9465909569e+01,1.2581250069e+01,8.275997e-07
3.2640525916e+08,3.8898290300e+01,1.2588282942e+01,9.591419e-07
3.2658998035e+08,3.9603773956e+01,1.2593802341e+01,7.097525e-07
3.2681470153e+08,3.7803383904e+01,1.2600181333e+01,7.244912e-07
3.2699942312e+08,3.8925524822e+01,1.2605036373e+01,5.892281e-07
3.2718414431e+08,3.7969920835e+01,1.2609452486e+01,6.375434e-07
3.2740886590e+08,3.6755501897e+01,1.2613666506e+01,6.014972e-07
3.2759358709e+08,3.7705868078e+01,1.2615872981e+01,7.781971e-07
3.2781830867e+08,3.8230485162e+01,1.2620501954e+01,7.113525e-07
3.2800302986e+08,3.8909326562e+01,1.2625069944e+01,6.404082e-07
3.2818775105e+08,3.8419842131e+01,1.2629997832e+01,1.005551e-06
3.2841247264e+08,3.9416853132e+01,1.2636395160e+01,4.553253e-08
3.2859719383e+08,3.5370600159e+01,1.2641879284e+01,7.082998e-07
3.2878191541e+08,3.9768725087e+01,1.2647526318e+01,5.942538e-07
3.2900663660e+08,3.9668924426e+01,1.2654555373e+01,6.140679e-07
3.2919135819e+08,3.8415509057e+01,1.2660475845e+01,6.195927e-07
3.2941607938e+08,4.0216880107e+01,1.2667794028e+01,6.033106e-07
3.2960080057e+08,3.9941013827e+01,1.2673904234e+01,7.315068e-07
3.2978552216e+08,4.0307112888e+01,1.2680136495e+01,8.660447e-07
3.3001024334e+08,4.0484855633e+01,1.2687822212e+01,9.125863e-07
3.3019496493e+08,3.9972121712e+01,1.2694244676e+01,4.608343e-08
3.3041968612e+08,4.0918691703e+01,1.2702201713e+01,1.179859e-07
3.3060440771e+08,4.0058325988e+01,1.2708806464e+01,7.773053e-07
3.3078912890e+08,4.1128496745e+01,1.2715513860e+01,6.244991e-07
3.3101385008e+08,4.0384477650e+01,1.2723767171e+01,6.318568e-07
3.3119857167e+08,4.0823078659e+01,1.2730591032e+01,5.955886e-07
3.3138329286e+08,4.0692154789e+01,1.2737501682e+01,7.213994e-07
3.3160801445e+08,4.1212631093e+01,1.2745952986e+01,6.654928e-07
3.3179273564e+08,4.0649789111e+01,1.2752980681e+01,8.697646e-07
3.3201745722e+08,4.1203241385e+01,1.2761567357e+01,7.970746e-07
3.3220217841e+08,4.1266960134e+01,1.2768705488e+01,1.620500e-07
3.3238689960e+08,3.9970179011e+01,1.2775871622e+01,7.824712e-07
3.3261162119e+08,4.1643972583e+01,1.2784679592e+01,9.393887e-07
3.3279634238e+08,4.1226806030e+01,1.2791956745e+01,6.613242e-07
3.3298106396e+08,4.0715694157e+01,1.2799299933e+01,6.085938e-07
3.3320578515e+08,4.1820784285e+01,1.2808269536e+01,6.012331e-07
3.3339050674e+08,4.1273047313e+01,1.2815698420e+01,6.396716e-07
3.3361522793e+08,4.0818467791e+01,1.2824846265e+01,6.135045e-07
3.3379994912e+08,4.1902361869e+01,1.2832425935e+01,8.463749e-07
3.3398467070e+08,4.1719450978e+01,1.2840062474e+01,6.629009e-08
3.3420939189e+08,4.1650445976e+01,1.2849458005e+01,7.384248e-07
3.3439411348e+08,4.1953337820e+01,1.2857217052e+01,8.927706e-07
3.3461883467e+08,4.2097185097e+01,1.2866755566e+01,7.473474e-07
3.3480355626e+08,3.9728015200e+01,1.2874639405e+01,7.134353e-07
3.3498827744e+08,4.2198390108e+01,1.2882577304e+01,5.930415e-07
3.3521299863e+08,4.0829764240e+01,1.2892292354e+01,6.240405e-07
3.3539772022e+08,4.2531049403e+01,1.2900302602e+01,6.221706e-07
3.3558244141e+08,4.0926842168e+01,1.2908365683e+01,8.272459e-07
3.3580716300e+08,4.2751162172e+01,1.2918198263e+01,7.043280e-07
3.3599188419e+08,4.2400908613e+01,1.2926336620e+01,8.448940e-07
3.3621660577e+08,4.1525978527e+01,1.2936237437e+01,8.977273e-07
3.3640132696e+08,4.2893675026e+01,1.2944423337e+01,7.062879e-07
3.3658604815e+08,4.2038275177e+01,1.2952594561e+01,7.358999e-07
3.3681076974e+08,4.2167980749e+01,1.2962583503e+01,8.209444e-07
3.3699549093e+08,4.2953381274e+01,1.2970765781e+01,6.220230e-07
3.3718021251e+08,4.0955453449e+01,1.2978956195e+01,5.953551e-07
3.3740493370e+08,4.2497844324e+01,1.2988951335e+01,5.875586e-07
3.3758965529e+08,4.2899696072e+01,1.2997163155e+01,6.705763e-07
3.3781437648e+08,4.2462563603e+01,1.3007162778e+01,6.449193e-07
3.3799909767e+08,4.1874068530e+01,1.3015392205e+01,9.696469e-07
3.3818381925e+08,4.2804416111e+01,1.3023583510e+01,6.639251e-07
3.3840854044e+08,4.2233889445e+01,1.3033548956e+01,4.574555e-07
3.3859326203e+08,4.2498655891e+01,1.3041680800e+01,8.568465e-07
3.3881798322e+08,4.2817741574e+01,1.3051551867e+01,8.795169e-07
3.3900270481e+08,4.1217723127e+01,1.3059588105e+01,6.812687e-07
3.3918742599e+08,4.2830951244e+01,1.3067582813e+01,5.851111e-07
3.3941214718e+08,4.1276894917e+01,1.3077197627e+01,5.839773e-07
3.3959686877e+08,4.2865139962e+01,1.3085044078e+01,6.324532e-07
3.3978158996e+08,4.1854001942e+01,1.3092833387e+01,1.014066e-06
3.4000631155e+08,4.2136269602e+01,1.3102207277e+01,8.632707e-07
3.4019103273e+08,4.2507947058e+01,1.3109881241e+01,8.406049e-08
3.4041575432e+08,4.2212075811e+01,1.3119102456e+01,7.720616e-07
3.4060047551e+08,4.1727431489e+01,1.3126644332e+01,8.957025e-07
3.4078519670e+08,4.2562631478e+01,1.3134082682e+01,6.715189e-07
3.4100991829e+08,3.9590076401e+01,1.3143051630e+01,7.316652e-07
3.4119463947e+08,4.2120620011e+01,1.3150334383e+01,5.762892e-07
3.4141936106e+08,4.2494343154e+01,1.3159072823e+01,6.056235e-07
3.4160408225e+08,4.1599911757e+01,1.3166153320e+01,6.235762e-07
3.4178880384e+08,4.0870971299e+01,1.3173163845e+01,8.120104e-07
3.4201352503e+08,4.2132066861e+01,1.3181532903e+01,7.236613e-07
3.4219824622e+08,4.0527577858e+01,1.3188323338e+01,5.106842e-07
3.4238296780e+08,4.1944310944e+01,1.3194993031e+01,8.954426e-07
3.4260768899e+08,4.1621120981e+01,1.3203019459e+01,9.990636e-07
3.4279241058e+08,4.1129508552e+01,1.3209493752e+01,7.337067e-07
3.4301713177e+08,4.1519932390e+01,1.3217280999e+01,7.522511e-07
3.4320185336e+08,4.0995154221e+01,1.3223535176e+01,6.081671e-07
3.4338657454e+08,4.1303728673e+01,1.3229706197e+01,6.147516e-07
3.4361129573e+08,4.0181132380e+01,1.3237013414e+01,5.942737e-07
3.4379601732e+08,4.0927547544e+01,1.3242887335e+01,7.283944e-07
3.4398073851e+08,3.7955111548e+01,1.3248605878e+01,4.731281e-07
3.4420546010e+08,4.0824333386e+01,1.3255372751e+01,9.812669e-07
3.4439018128e+08,3.8494791137e+01,1.3260755624e+01,5.369665e-07
3.4461490287e+08,4.0727341929e+01,1.3267076016e+01,1.759363e-07
3.4479962406e+08,3.9108507790e+01,1.3272011610e+01,7.426820e-07
3.4498434525e+08,3.9229138902e+01,1.3276682141e+01,5.995106e-07
3.4520906684e+08,3.9527955209e+01,1.3281725101e+01,6.430784e-07
3.4539378802e+08,3.6475484501e+01,1.3284746308e+01,6.143075e-07
3.4561850961e+08,3.7031269122e+01,1.3288182748e+01,6.017894e-07
3.4580323080e+08,4.0124185758e+01,1.3292306724e+01,6.891450e-07
3.4598795239e+08,3.8632003593e+01,1.3296937468e+01,9.029332e-07
3.4621267358e+08,4.0678655877e+01,1.3303011818e+01,8.296351e-07
3.4639739476e+08,3.9822276929e+01,1.3308252179e+01,1.776552e-08
3.4658211635e+08,4.0849011741e+01,1.3313640580e+01,7.621291e-07
3.4680683754e+08,3.7373348215e+01,1.3320395348e+01,8.579756e-07
3.4699155913e+08,4.1144946909e+01,1.3326070393e+01,6.508802e-07
3.4721628032e+08,3.9013323562e+01,1.3333120841e+01,6.775734e-07
3.4740100191e+08,4.1679646516e+01,1.3339012608e+01,5.979592e-07
3.4758572309e+08,4.0844016904e+01,1.3345012631e+01,6.594553e-07
3.4781044428e+08,4.1660177929e+01,1.3352388158e+01,6.394634e-07
3.4799516587e+08,4.0947203514e+01,1.3358547943e+01,8.209207e-07
3.4821988706e+08,4.1571974763e+01,1.3366090207e+01,7.955645e-07
3.4840460865e+08,4.0244338969e+01,1.3372353440e+01,5.249610e-07
3.4858932983e+08,4.1870487659e+01,1.3378645998e+01,8.911315e-07
3.4881405142e+08,4.1087769353e+01,1.3386366044e+01,7.708715e-07
3.4899877261e+08,4.1751009078e+01,1.3392802131e+01,6.966852e-07
3.4918349380e+08,4.1928892340e+01,1.3399257790e+01,5.979220e-07
3.4940821539e+08,4.1799464387e+01,1.3407181722e+01,6.076716e-07
3.4959293657e+08,4.1756095265e+01,1.3413772988e+01,6.181997e-07
3.4981765816e+08,4.1975582552e+01,1.3421820418e+01,6.056048e-07
3.5000237935e+08,4.2069768674e+01,1.3428504816e+01,7.555147e-07
3.5018710094e+08,4.2164425171e+01,1.3435201408e+01,8.241706e-07
3.5041182213e+08,4.1961257815e+01,1.3443433875e+01,9.011992e-07
3.5059654331e+08,4.2616606722e+01,1.3450208114e+01,8.822838e-07
3.5078126490e+08,4.1999452292e+01,1.3457034909e+01,7.203084e-07
3.5100598609e+08,4.2178602001e+01,1.3465337289e+01,7.552855e-07
3.5119070768e+08,4.2726693360e+01,1.3472221446e+01,6.199847e-07
3.5141542887e+08,4.2165282875e+01,1.3480604901e+01,6.524049e-07
3.5160015045e+08,4.2322148246e+01,1.3487548704e+01,5.987314e-07
3.5178487164e+08,4.2842072724e+01,1.3494478985e+01,7.337629e-07
3.5200959283e+08,4.1764480627e+01,1.3502952961e+01,6.597380e-07
3.5219431442e+08,4.2944591113e+01,1.3509909002e+01,9.143444e-07
3.5241903561e+08,4.0613231287e+01,1.3518413598e+01,9.442528e-07
3.5260375719e+08,4.2570236671e+01,1.3525408545e+01,1.870940e-07
3.5278847838e+08,4.2972192036e+01,1.3532411839e+01,8.164230e-07
3.5301319997e+08,3.9480160498e+01,1.3540974815e+01,9.078203e-07
3.5319792116e+08,4.2730863137e+01,1.3548042117e+01,6.534763e-07
3.5338264235e+08,4.2646525276e+01,1.3555110611e+01,5.801615e-07
3.5360736394e+08,4.3037174742e+01,1.3563771499e+01,5.716913e-07
3.5379208512e+08,4.0838381664e+01,1.3570905219e+01,6.512133e-07
3.5401680671e+08,4.3395814193e+01,1.3579632015e+01,6.219299e-07
3.5420152790e+08,4.1608232083e+01,1.3586815569e+01,9.616084e-07
3.5438624949e+08,4.3216887137e+01,1.3594040897e+01,4.496180e-07
3.5461097068e+08,4.2691737520e+01,1.3602827432e+01,6.847050e-07
3.5479569186e+08,4.3069813016e+01,1.3610090254e+01,8.564209e-07
3.5498041345e+08,4.1311010990e+01,1.3617355653e+01,6.516012e-07
3.5520513464e+08,4.3330388804e+01,1.3626227843e+01,6.968434e-07
3.5538985623e+08,4.2093906514e+01,1.3633522893e+01,5.873190e-07
3.5561457742e+08,4.3432226148e+01,1.3642430849e+01,5.950316e-07
3.5579929900e+08,4.3131303956e+01,1.3649739291e+01,6.026257e-07
3.5598402019e+08,4.2133615965e+01,1.3657084000e+01,9.153360e-07
3.5620874138e+08,4.3781112541e+01,1.3666001436e+01,7.751911e-07
3.5639346297e+08,4.2227863374e+01,1.3673333667e+01,6.628115e-07
3.5661818416e+08,4.3004693026e+01,1.3682298454e+01,8.191427e-07
3.5680290574e+08,4.3753573692e+01,1.3689663889e+01,9.731257e-07
3.5698762693e+08,4.1041910305e+01,1.3697056130e+01,7.111860e-07
3.5721234852e+08,4.3698821966e+01,1.3706073930e+01,7.707675e-07
3.5739706971e+08,4.2406665899e+01,1.3713511993e+01,5.888135e-07
3.5758179090e+08,4.3425786333e+01,1.3720951659e+01,6.326706e-07
3.5780651248e+08,4.3444737554e+01,1.3730067327e+01,6.024599e-07
3.5799123367e+08,4.3522726172e+01,1.3737569026e+01,7.680579e-07
3.5821595526e+08,4.1897538299e+01,1.3746752618e+01,7.001395e-07
3.5840067645e+08,4.4103042787e+01,1.3754308549e+01,8.681832e-07
3.5858539804e+08,4.2938409984e+01,1.3761901545e+01,9.808996e-07
3.5881011923e+08,4.3840604321e+01,1.3771137527e+01,2.044015e-07
3.5899484041e+08,4.3704471216e+01,1.3778785718e+01,7.433113e-07
3.5921956200e+08,4.3788966228e+01,1.3788089380e+01,7.925488e-07
3.5940428319e+08,4.2778061372e+01,1.3795773600e+01,6.186126e-07
3.5958900478e+08,4.3963119144e+01,1.3803502964e+01,6.032122e-07
3.5981372597e+08,4.3765290504e+01,1.3812918343e+01,5.989785e-07
3.5999844755e+08,4.3660299801e+01,1.3820716095e+01,6.866630e-07
3.6018316874e+08,4.4143085650e+01,1.3828525736e+01,9.490677e-07
3.6040788993e+08,4.3672238392e+01,1.3838077224e+01,8.789683e-07
3.6059261152e+08,4.3992297069e+01,1.3845977125e+01,1.445044e-08
3.6081733271e+08,4.4255784390e+01,1.3855589539e+01,7.976782e-08
3.6100205429e+08,4.3747650548e+01,1.3863531197e+01,7.784254e-07
3.6118677548e+08,4.4314085748e+01,1.3871471686e+01,6.252719e-07
3.6141149707e+08,4.4318558899e+01,1.3881200909e+01,6.885409e-07
3.6159621826e+08,4.3781367797e+01,1.3889204405e+01,6.081372e-07
3.6178093945e+08,4.4510774800e+01,1.3897254002e+01,7.012883e-07
3.6200566103e+08,4.3940167484e+01,1.3907054525e+01,6.369379e-07
3.6219038222e+08,4.4869430458e+01,1.3915156421e+01,8.386731e-07
3.6241510381e+08,4.2395188384e+01,1.3925017995e+01,7.791998e-07
3.6259982500e+08,4.4768615002e+01,1.3933157642e+01,8.077201e-08
3.6278454659e+08,4.3217829148e+01,1.3941320734e+01,8.453073e-07
3.6300926777e+08,4.4640845622e+01,1.3951270905e+01,9.480569e-07
3.6319398896e+08,4.4634945522e+01,1.3959460956e+01,6.869397e-07
3.6341871055e+08,4.4510727007e+01,1.3969487644e+01,7.059943e-07
3.6360343174e+08,4.4745537797e+01,1.3977746595e+01,5.888448e-07
3.6378815333e+08,4.4400795392e+01,1.3986042001e+01,6.269048e-07
3.6401287451e+08,4.4968146917e+01,1.3996193429e+01,6.212998e-07
3.6419759610e+08,4.4933097175e+01,1.4004550534e+01,7.916884e-07
3.6438231729e+08,4.3709519234e+01,1.4012945904e+01,3.880589e-07
3.6460703848e+08,4.5180123038e+01,1.4023209793e+01,8.773765e-07
3.6479176007e+08,4.3790113468e+01,1.4031650430e+01,8.811950e-07
3.6501648126e+08,4.5588912296e+01,1.4041970342e+01,7.129688e-07
3.6520120284e+08,4.4723098610e+01,1.4050494059e+01,7.422569e-07
3.6538592403e+08,4.5308295010e+01,1.4059016203e+01,6.095872e-07
3.6561064562e+08,4.5352898972e+01,1.4069450571e+01,6.418819e-07
3.6579536681e+08,4.5152372712e+01,1.4078030699e+01,5.958097e-07
3.6598008800e+08,4.5493984815e+01,1.4086661368e+01,7.781667e-07
3.6620480958e+08,4.4656048285e+01,1.4097164324e+01,6.780781e-07
3.6638953077e+08,4.5506366328e+01,1.4105841638e+01,9.202164e-07
3.6661425236e+08,4.3251954810e+01,1.4116401313e+01,8.976327e-07
3.6679897355e+08,4.5485926900e+01,1.4125077095e+01,6.608246e-07
3.6698369514e+08,4.5196866418e+01,1.4133742242e+01,7.768428e-07
3.6720841632e+08,4.5488396223e+01,1.4144316786e+01,8.568587e-07
3.6739313751e+08,4.5480050648e+01,1.4152997212e+01,6.292778e-07
3.6761785910e+08,4.4822551340e+01,1.4163582128e+01,6.755775e-07
3.6780258029e+08,4.5777091866e+01,1.4172323245e+01,5.877259e-07
3.6798730188e+08,4.5647059113e+01,1.4181065724e+01,6.688427e-07
3.6821202306e+08,4.5511345455e+01,1.4191753856e+01,6.274229e-07
3.6839674465e+08,4.5729884446e+01,1.4200594547e+01,9.250945e-07
3.6858146584e+08,4.5488616466e+01,1.4209429209e+01,4.841951e-07
3.6880618703e+08,4.6266082986e+01,1.4220225685e+01,1.814189e-07
3.6899090862e+08,4.4834149700e+01,1.4229097003e+01,9.069033e-07
3.6921562980e+08,4.5835282964e+01,1.4239853051e+01,9.112451e-07
3.6940035139e+08,4.5672586066e+01,1.4248700059e+01,6.911368e-07
3.6958507258e+08,4.5797774035e+01,1.4257499902e+01,5.789252e-07
3.6980979417e+08,4.5599123909e+01,1.4268203656e+01,5.821247e-07
3.6999451536e+08,4.5494816374e+01,1.4276954844e+01,6.260955e-07
3.7021923654e+08,4.5833033811e+01,1.4287615319e+01,6.065858e-07
3.7040395813e+08,4.2652849472e+01,1.4296363314e+01,8.448998e-07
3.7058867932e+08,4.5912640051e+01,1.4305093950e+01,3.639233e-07
3.7081340091e+08,4.4663869402e+01,1.4315686774e+01,8.681307e-07
3.7099812210e+08,4.6304784641e+01,1.4324385764e+01,8.945185e-07
3.7118284369e+08,4.5394298541e+01,1.4333040301e+01,6.884121e-07
3.7140756487e+08,4.5054914509e+01,1.4343585909e+01,7.682150e-07
3.7159228606e+08,4.6315703654e+01,1.4352244335e+01,5.944571e-07
3.7181700765e+08,4.5958449331e+01,1.4362774449e+01,6.082237e-07
3.7200172884e+08,4.5229830819e+01,1.4371431526e+01,6.084715e-07
3.7218645043e+08,4.6090035164e+01,1.4380114613e+01,7.816952e-07
3.7241117161e+08,4.5639125785e+01,1.4390658174e+01,7.150983e-07
3.7259589320e+08,4.6359055520e+01,1.4399366975e+01,8.903140e-07
3.7278061439e+08,4.3983933637e+01,1.4408076459e+01,9.114360e-07
3.7300533558e+08,4.6008524514e+01,1.4418643835e+01,9.459135e-07
3.7319005717e+08,4.5811262595e+01,1.4427328346e+01,7.610814e-07
3.7341477835e+08,4.6133959649e+01,1.4437844381e+01,7.640284e-07
3.7359949994e+08,4.5670483000e+01,1.4446497193e+01,6.012408e-07
3.7378422113e+08,4.5968534082e+01,1.4455106024e+01,6.004330e-07
3.7400894272e+08,4.6006707011e+01,1.4465585796e+01,6.036688e-07
3.7419366391e+08,4.4262907431e+01,1.4474154631e+01,7.307862e-07
3.7441838509e+08,4.6341353416e+01,1.4484555698e+01,6.805373e-07
3.7460310668e+08,4.2239622535e+01,1.4493061755e+01,9.402698e-07
3.7478782787e+08,4.6427568081e+01,1.4501529624e+01,4.276207e-07
3.7501254946e+08,4.4803699960e+01,1.4511777254e+01,9.500768e-08
3.7519727065e+08,4.5847865078e+01,1.4520179308e+01,7.657571e-07
3.7538199224e+08,4.6232261755e+01,1.4528526329e+01,6.212794e-07
3.7560671342e+08,4.5350729100e+01,1.4538624875e+01,6.706751e-07
3.7579143461e+08,4.4995159078e+01,1.4546895378e+01,6.046743e-07
3.7601615620e+08,4.6215251181e+01,1.4556862467e+01,5.866886e-07
3.7620087739e+08,4.5199058674e+01,1.4564972674e+01,6.593496e-07
3.7638559898e+08,4.5907645152e+01,1.4573025502e+01,8.671146e-07
3.7661032016e+08,4.3923672604e+01,1.4582683833e+01,8.188321e-07
3.7679504175e+08,4.5410716473e+01,1.4590505601e+01,6.039357e-08
3.7701976294e+08,4.4356381563e+01,1.4599885121e+01,4.507312e-07
3.7720448413e+08,4.5407600451e+01,1.4607431434e+01,8.840205e-07
3.7738920572e+08,4.3792091778e+01,1.4614848106e+01,6.702107e-07
3.7761392690e+08,4.5192152234e+01,1.4623619991e+01,7.006396e-07
3.7779864849e+08,4.4430209802e+01,1.4630633679e+01,6.020661e-07
3.7798336968e+08,4.3980566450e+01,1.4637391483e+01,6.442108e-07
3.7820809127e+08,4.4192095011e+01,1.4645260545e+01,6.162419e-07
3.7839281246e+08,4.2970384765e+01,1.4651260366e+01,7.971531e-07
3.7861753364e+08,4.1731343310e+01,1.4657579309e+01,7.650019e-07
3.7880225523e+08,4.2283248517e+01,1.4661598825e+01,7.861690e-07
3.7898697642e+08,4.3429721905e+01,1.4667076461e+01,9.364384e-07
3.7921169801e+08,4.4518831679e+01,1.4674508490e+01,6.962270e-07
3.7939641920e+08,4.4087633915e+01,1.4681001602e+01,7.195699e-07
3.7958114079e+08,4.3449436621e+01,1.4687769770e+01,6.035391e-07
3.7980586197e+08,4.5287368842e+01,1.4696262175e+01,6.173725e-07
3.7999058316e+08,4.4741895845e+01,1.4703404864e+01,6.082464e-07
3.8021530475e+08,4.5265315926e+01,1.4712288914e+01,6.007385e-07
3.8040002594e+08,4.4256441931e+01,1.4719698211e+01,7.447062e-07
3.8058474753e+08,4.5557639366e+01,1.4727225377e+01,9.277575e-07
3.8080946871e+08,4.4411561301e+01,1.4736487267e+01,9.047450e-07
3.8099419030e+08,4.5960842326e+01,1.4744205260e+01,7.087532e-07
3.8121891149e+08,4.4670456736e+01,1.4753661396e+01,1.418980e-07
3.8140363268e+08,4.6315173597e+01,1.4761517154e+01,8.175586e-07
3.8158835427e+08,4.4043475143e+01,1.4769430139e+01,6.336570e-07
3.8181307545e+08,4.6061676695e+01,1.4779108881e+01,6.596434e-07
3.8199779704e+08,4.4848333330e+01,1.4787118831e+01,5.908969e-07
3.8218251823e+08,4.6156627673e+01,1.4795148782e+01,7.124256e-07
3.8240723982e+08,4.4173198182e+01,1.4804967914e+01,6.364914e-07
3.8259196101e+08,4.6591368019e+01,1.4813054641e+01,9.159921e-07
3.8281668219e+08,4.4608789588e+01,1.4822921456e+01,9.407312e-07
3.8300140378e+08,4.6302096546e+01,1.4831064357e+01,4.583011e-07
3.8318612497e+08,4.6567469076e+01,1.4839193460e+01,8.606125e-07
3.8341084656e+08,4.5799034485e+01,1.4849110168e+01,9.304787e-07
3.8359556775e+08,4.6249954848e+01,1.4857294503e+01,6.542934e-07
3.8378028934e+08,4.6486494357e+01,1.4865467661e+01,5.813408e-07
3.8400501052e+08,4.6019620913e+01,1.4875455107e+01,5.875303e-07
3.8418973171e+08,4.6765655001e+01,1.4883674852e+01,6.545631e-07
3.8441445330e+08,4.6547198654e+01,1.4893733882e+01,6.071957e-07
3.8459917449e+08,4.6490023316e+01,1.4901995293e+01,9.222821e-07
3.8478389608e+08,4.6336638533e+01,1.4910301386e+01,3.469113e-07
3.8500861726e+08,4.6562773020e+01,1.4920393245e+01,7.902996e-07
3.8519333885e+08,4.6520532002e+01,1.4928729378e+01,9.214577e-07
3.8541806004e+08,4.6772066917e+01,1.4938863124e+01,9.533437e-07
3.8560278123e+08,4.6630967135e+01,1.4947232993e+01,7.258479e-07
3.8578750282e+08,4.6948830768e+01,1.4955591923e+01,5.798685e-07
3.8601222400e+08,4.6613612077e+01,1.4965807240e+01,5.859642e-07
3.8619694559e+08,4.6804826943e+01,1.4974187858e+01,6.037362e-07
3.8638166678e+08,4.6217894355e+01,1.4982591768e+01,8.905942e-07
3.8660638837e+08,4.6959520473e+01,1.4992800161e+01,7.565622e-07
3.8679110956e+08,4.5584675885e+01,1.5001197835e+01,8.100910e-07
3.8701583074e+08,4.7041812945e+01,1.5011434748e+01,9.135961e-07
3.8720055233e+08,4.7005563916e+01,1.5019837046e+01,9.752275e-07
3.8738527352e+08,4.6108462589e+01,1.5028255971e+01,7.267478e-07
3.8760999511e+08,4.7328700434e+01,1.5038545314e+01,8.081230e-07
3.8779471630e+08,4.5274600466e+01,1.5047003500e+01,5.978416e-07
3.8801943788e+08,4.7375654722e+01,1.5057312521e+01,6.416428e-07
3.8820415907e+08,4.5552288444e+01,1.5065783902e+01,6.011047e-07
3.8838888026e+08,4.7227917019e+01,1.5074239803e+01,7.552408e-07
3.8861360185e+08,4.6478336398e+01,1.5084516549e+01,6.929973e-07
3.8879832304e+08,4.7156803400e+01,1.5092976654e+01,9.349872e-07
3.8898304463e+08,4.4646730549e+01,1.5101413383e+01,9.198856e-07
3.8920776581e+08,4.7540756783e+01,1.5111663967e+01,2.129387e-07
3.8939248740e+08,4.5147674665e+01,1.5120079010e+01,7.938128e-07
3.8961720859e+08,4.7395179657e+01,1.5130292107e+01,8.063933e-07
3.8980192978e+08,4.6893763814e+01,1.5138665127e+01,6.198532e-07
3.8998665137e+08,4.6997942275e+01,1.5147045684e+01,5.977418e-07
3.9021137255e+08,4.7435210975e+01,1.5157198662e+01,5.995343e-07
3.9039609414e+08,4.6787182244e+01,1.5165557296e+01,6.795712e-07
3.9058081533e+08,4.7254775320e+01,1.5173876666e+01,9.406679e-07
3.9080553692e+08,4.7031409445e+01,1.5183975080e+01,8.254818e-07
3.9099025811e+08,4.6688214252e+01,1.5192282608e+01,4.183146e-08
3.9121497929e+08,4.7160030988e+01,1.5202338082e+01,9.388688e-08
3.9139970088e+08,4.6641365743e+01,1.5210611355e+01,8.434124e-07
3.9158442207e+08,4.6897917529e+01,1.5218845714e+01,6.600471e-07
3.9180914366e+08,4.7104468431e+01,1.5228868750e+01,7.057741e-07
3.9199386485e+08,4.6981707625e+01,1.5237057211e+01,6.011770e-07
3.9221858643e+08,4.6857674572e+01,1.5247020386e+01,5.974731e-07
3.9240330762e+08,4.7377979228e+01,1.5255160007e+01,6.229709e-07
3.9258802881e+08,4.6956582428e+01,1.5263305620e+01,8.171929e-07
3.9281275040e+08,4.6619154756e+01,1.5273158460e+01,7.720617e-07
3.9299747159e+08,4.7499256878e+01,1.5281258871e+01,8.960959e-08
3.9318219318e+08,4.6410235783e+01,1.5289309231e+01,8.886045e-07
3.9340691436e+08,4.6897319354e+01,1.5299088633e+01,8.942469e-07
3.9359163595e+08,4.7344222470e+01,1.5307067433e+01,7.210831e-07
3.9381635714e+08,4.4107268883e+01,1.5316745271e+01,7.565408e-07
3.9400107833e+08,4.7240996090e+01,1.5324654545e+01,6.128613e-07
3.9418579992e+08,4.6739180658e+01,1.5332512990e+01,6.240641e-07
3.9441052110e+08,4.6181789512e+01,1.5342051134e+01,6.054651e-07
3.9459524269e+08,4.7335370168e+01,1.5349841047e+01,7.629332e-07
3.9481996388e+08,4.6570117409e+01,1.5359286157e+01,6.978639e-07
3.9500468547e+08,4.6794977082e+01,1.5367038582e+01,9.019194e-07
3.9518940666e+08,4.6577072754e+01,1.5374731717e+01,8.477077e-07
3.9541412784e+08,4.6985874394e+01,1.5384063224e+01,6.139846e-07
3.9559884943e+08,4.5747931837e+01,1.5391682778e+01,7.767876e-07
3.9578357062e+08,4.7061720986e+01,1.5399241635e+01,6.092995e-07
3.9600829221e+08,4.5384079508e+01,1.5408389907e+01,6.416111e-07
3.9619301340e+08,4.7051792970e+01,1.5415835554e+01,5.972086e-07
3.9641773498e+08,4.5939258845e+01,1.5424839264e+01,5.982093e-07
3.9660245617e+08,4.6428680176e+01,1.5432159199e+01,6.805952e-07
3.9678717736e+08,4.6807809932e+01,1.5439455122e+01,9.314911e-07
3.9701189895e+08,4.6252048135e+01,1.5448249005e+01,8.689632e-07
3.9719662014e+08,4.5999946047e+01,1.5455449880e+01,5.533626e-07
3.9738134173e+08,4.6831949431e+01,1.5462580910e+01,8.204521e-07
3.9760606291e+08,4.5493704891e+01,1.5471187678e+01,9.097398e-07
3.9779078450e+08,4.6177000830e+01,1.5478218497e+01,6.571272e-07
3.9801550569e+08,4.6729977368e+01,1.5486663550e+01,6.980646e-07
3.9820022688e+08,4.4285395918e+01,1.5493546009e+01,5.820494e-07
3.9838494847e+08,4.6264050030e+01,1.5500365573e+01,6.575643e-07
3.9860966965e+08,4.6445608021e+01,1.5508535572e+01,6.229324e-07
3.9879439124e+08,4.4392259505e+01,1.5515173642e+01,9.270909e-07
3.9901911243e+08,4.6128383638e+01,1.5523111816e+01,8.674105e-07
3.9920383402e+08,4.5898988017e+01,1.5529559564e+01,7.471697e-07
3.9938855521e+08,4.4625780382e+01,1.5535892058e+01,9.375298e-07
3.9961327639e+08,4.6019911085e+01,1.5543491261e+01,9.239934e-07
3.9979799798e+08,4.4523675340e+01,1.5549614379e+01,6.878904e-07
4.0000000037e+08,4.5536784292e+01,1.5556189418e+01,6.711705e-07
