time_years,cumulative_log_growth,mean_megno,relative_energy_error
2.0472160000e+05,1.2695953821e+01,2.0221146133e+00,9.957612e-07
3.8944280001e+05,1.3403924348e+01,2.0136859113e+00,6.863240e-07
6.1416440000e+05,1.3906429177e+01,2.0109589592e+00,7.447639e-07
7.9888559996e+05,1.4117645342e+01,2.0105763858e+00,5.879618e-07
9.8360679991e+05,1.4289349315e+01,2.0088014557e+00,6.520859e-07
1.2083283999e+06,1.4518064357e+01,2.0066853300e+00,6.196376e-07
1.3930495998e+06,1.4714395960e+01,2.0045342781e+00,7.824611e-07
1.6177711998e+06,1.4890845104e+01,2.0014257092e+00,7.072494e-07
1.8024923997e+06,1.4845593203e+01,1.9986533989e+00,7.385212e-07
1.9872135997e+06,1.4919559706e+01,1.9962221276e+00,1.026576e-06
2.2119351998e+06,1.5291524855e+01,1.9940060227e+00,1.728532e-07
2.3966563999e+06,1.5087040935e+01,1.9929267697e+00,7.003372e-07
2.5813780001e+06,1.5292927874e+01,1.9921937400e+00,5.945675e-07
2.8060992003e+06,1.5514326712e+01,1.9913642340e+00,6.069508e-07
2.9908204005e+06,1.5349430338e+01,1.9904168783e+00,6.197833e-07
3.2155420007e+06,1.5502898784e+01,1.9893367801e+00,6.044375e-07
3.4002632009e+06,1.5590145490e+01,1.9885165614e+00,7.402408e-07
3.5849848010e+06,1.5569967354e+01,1.9878090886e+00,8.242751e-07
3.8097060013e+06,1.5677515946e+01,1.9873228517e+00,8.977659e-07
3.9944272014e+06,1.5739531275e+01,1.9872752578e+00,5.585872e-07
4.2191488016e+06,1.5790322879e+01,1.9872251501e+00,5.163273e-08
4.4038700018e+06,1.5839857426e+01,1.9870866908e+00,7.396041e-07
4.5885916020e+06,1.5883314956e+01,1.9867119151e+00,6.105274e-07
4.8133128022e+06,1.5920189962e+01,1.9860486751e+00,6.473778e-07
4.9980340024e+06,1.5924665406e+01,1.9854177072e+00,6.107559e-07
5.1827556025e+06,1.5942695918e+01,1.9847727395e+00,7.152803e-07
5.4074768027e+06,1.6166332322e+01,1.9842180270e+00,6.691008e-07
5.5921984029e+06,1.5999139262e+01,1.9839700954e+00,8.700293e-07
5.8169196031e+06,1.6062423871e+01,1.9838745490e+00,8.484455e-07
6.0016408033e+06,1.6217230982e+01,1.9837643183e+00,5.820131e-08
6.1863624035e+06,1.6086622214e+01,1.9836611307e+00,8.285737e-07
6.4110836037e+06,1.6206989618e+01,1.9837910207e+00,9.241796e-07
6.5958052038e+06,1.6222470256e+01,1.9839649160e+00,6.630147e-07
6.7805264040e+06,1.6267425981e+01,1.9843151225e+00,6.058489e-07
7.0052476042e+06,1.6285656279e+01,1.9851653607e+00,5.806369e-07
7.1899692044e+06,1.6335752272e+01,1.9859522979e+00,6.523648e-07
7.4146904046e+06,1.6387085355e+01,1.9867432704e+00,6.404069e-07
7.5994120048e+06,1.6488969356e+01,1.9873497719e+00,8.422428e-07
7.7841332050e+06,1.6378247873e+01,1.9877593836e+00,2.853327e-07
8.0088544052e+06,1.6396376140e+01,1.9878227649e+00,4.902625e-07
8.1935760053e+06,1.6466836964e+01,1.9877532519e+00,8.903109e-07
8.4182972054e+06,1.6502793101e+01,1.9876960001e+00,8.427924e-07
8.6030188047e+06,1.6531174499e+01,1.9876823075e+00,7.027712e-07
8.7877400040e+06,1.6440076272e+01,1.9874501083e+00,6.031218e-07
9.0124612032e+06,1.6562137971e+01,1.9871788418e+00,6.180657e-07
9.1971828025e+06,1.6750715404e+01,1.9870116956e+00,6.190489e-07
9.3819040018e+06,1.6598641882e+01,1.9868605474e+00,8.278065e-07
9.6066256010e+06,1.6580989446e+01,1.9867480538e+00,6.962670e-07
9.7913468003e+06,1.6696684142e+01,1.9868564032e+00,6.516926e-07
1.0016067999e+07,1.6908213165e+01,1.9875821429e+00,8.167751e-07
1.0200789599e+07,1.6571719792e+01,1.9884838735e+00,8.729912e-07
1.0385510798e+07,1.6724339318e+01,1.9894821974e+00,7.186559e-07
1.0610232397e+07,1.6945684936e+01,1.9911619496e+00,7.926377e-07
1.0794953597e+07,1.6720834430e+01,1.9927431013e+00,6.194801e-07
1.1019674796e+07,1.6679016913e+01,1.9946329878e+00,6.293051e-07
1.1204396395e+07,1.6975231572e+01,1.9963775301e+00,5.956368e-07
1.1389117594e+07,1.6988241598e+01,1.9985931624e+00,7.161184e-07
1.1613839193e+07,1.6680641884e+01,2.0011172786e+00,6.526091e-07
1.1798560393e+07,1.6798891593e+01,2.0031771087e+00,9.214080e-07
1.1983281592e+07,1.7226264176e+01,2.0053172883e+00,8.585498e-07
1.2208003191e+07,1.7191119884e+01,2.0081035185e+00,3.463291e-07
1.2392724391e+07,1.6777170834e+01,2.0100886116e+00,7.784336e-07
1.2617445990e+07,1.6742131842e+01,2.0124668746e+00,8.463202e-07
1.2802167189e+07,1.7169547999e+01,2.0146660180e+00,6.447678e-07
1.2986888388e+07,1.7199773293e+01,2.0172173669e+00,5.972132e-07
1.3211609988e+07,1.6763452043e+01,2.0202897470e+00,5.800572e-07
1.3396331187e+07,1.6921783412e+01,2.0229082467e+00,6.871243e-07
1.3581052786e+07,1.7585270305e+01,2.0257096634e+00,1.036088e-06
1.3805773985e+07,1.7094552738e+01,2.0296403803e+00,8.924005e-07
1.3990495185e+07,1.7016308544e+01,2.0326717539e+00,1.885140e-07
1.4215216784e+07,1.7587162836e+01,2.0368325460e+00,1.667079e-07
1.4399937983e+07,1.7277681283e+01,2.0408100280e+00,8.035643e-07
1.4584659582e+07,1.7180204765e+01,2.0447068645e+00,6.232951e-07
1.4809380782e+07,1.7103936755e+01,2.0496640698e+00,6.683949e-07
1.4994101981e+07,1.7667869467e+01,2.0540792266e+00,5.966423e-07
1.5218823580e+07,1.6988058563e+01,2.0593073842e+00,5.931127e-07
1.5403544779e+07,1.7401837597e+01,2.0634442527e+00,6.552956e-07
1.5588266379e+07,1.7271703125e+01,2.0676126649e+00,8.502407e-07
1.5812987578e+07,1.7793392366e+01,2.0730386968e+00,7.845764e-07
1.5997708777e+07,1.7177811991e+01,2.0774949802e+00,2.693686e-07
1.6182430376e+07,1.7330474322e+01,2.0817066855e+00,8.711264e-07
1.6407151576e+07,1.7569488679e+01,2.0868982703e+00,1.028665e-06
1.6591873175e+07,1.7777328909e+01,2.0914539300e+00,6.716465e-07
1.6816594374e+07,1.7069215347e+01,2.0968127918e+00,6.794806e-07
1.7001315573e+07,1.7583575484e+01,2.1009796579e+00,5.801545e-07
1.7186037173e+07,1.7062975825e+01,2.1050528562e+00,6.424312e-07
1.7410758372e+07,1.7806661530e+01,2.1102607664e+00,6.368345e-07
1.7595479971e+07,1.7551303435e+01,2.1145200966e+00,8.007117e-07
1.7780201171e+07,1.7244516525e+01,2.1188439428e+00,2.527879e-07
1.8004922370e+07,1.7795453960e+01,2.1245554262e+00,5.570956e-07
1.8189643969e+07,1.7641925808e+01,2.1290917885e+00,8.935891e-07
1.8414365168e+07,1.7149691884e+01,2.1348953704e+00,6.961890e-07
1.8599086767e+07,1.8198726664e+01,2.1397877779e+00,6.996381e-07
1.8783807967e+07,1.7698027966e+01,2.1451213199e+00,5.949498e-07
1.9008529166e+07,1.7605351104e+01,2.1514564971e+00,6.155871e-07
1.9193250765e+07,1.7351920762e+01,2.1569568858e+00,6.292437e-07
1.9417971964e+07,1.8026798592e+01,2.1636170949e+00,6.003431e-07
1.9602693564e+07,1.8087925634e+01,2.1691429943e+00,6.965514e-07
1.9787414763e+07,1.7555048151e+01,2.1741211118e+00,8.324077e-07
2.0012135962e+07,1.7658992453e+01,2.1799425119e+00,8.881543e-07
2.0196857562e+07,1.8260200340e+01,2.1844249585e+00,6.642550e-07
2.0381578761e+07,1.8203201498e+01,2.1891696477e+00,7.051235e-07
2.0606300360e+07,1.7243718590e+01,2.1945224289e+00,8.123707e-07
2.0791021559e+07,1.8072203054e+01,2.1986444865e+00,6.240157e-07
2.1015742758e+07,1.7383952206e+01,2.2031404047e+00,6.357295e-07
2.1200464358e+07,1.7973027979e+01,2.2068029429e+00,5.983067e-07
2.1385185557e+07,1.8090994429e+01,2.2099229815e+00,6.912894e-07
2.1609907156e+07,1.7910886797e+01,2.2134121987e+00,6.540109e-07
2.1794628356e+07,1.7658839571e+01,2.2163731912e+00,9.073562e-07
2.2019349555e+07,1.8143939964e+01,2.2195173112e+00,8.576312e-07
2.2204071154e+07,1.7498644180e+01,2.2220915863e+00,2.978421e-07
2.2388792353e+07,1.8293681071e+01,2.2248721439e+00,8.180854e-07
2.2613513953e+07,1.7240992955e+01,2.2279425748e+00,8.817185e-07
2.2798235152e+07,1.7739758354e+01,2.2302273166e+00,6.639918e-07
2.2982956351e+07,1.7436801344e+01,2.2323961111e+00,5.968740e-07
2.3207677950e+07,1.8325696805e+01,2.2350914022e+00,5.971864e-07
2.3392399150e+07,1.7925294686e+01,2.2373414678e+00,6.478997e-07
2.3617120749e+07,1.7814886052e+01,2.2396859662e+00,6.172483e-07
2.3801841948e+07,1.7620008146e+01,2.2416426327e+00,8.326867e-07
2.3986563147e+07,1.8395630864e+01,2.2434314173e+00,2.160673e-07
2.4211284747e+07,1.8509045538e+01,2.2456925169e+00,4.367815e-07
2.4396005946e+07,1.7414976064e+01,2.2473587867e+00,8.673331e-07
2.4580727545e+07,1.8095707852e+01,2.2488866302e+00,6.567697e-07
2.4805448744e+07,1.7410908657e+01,2.2503395771e+00,7.114067e-07
2.4990170344e+07,1.8123561223e+01,2.2514075650e+00,6.074673e-07
2.5214891543e+07,1.7943823325e+01,2.2521824413e+00,6.206256e-07
2.5399612742e+07,1.7907907400e+01,2.2525416521e+00,6.265700e-07
2.5584334341e+07,1.7831009747e+01,2.2530029571e+00,7.768778e-07
2.5809055541e+07,1.8051971605e+01,2.2529838439e+00,7.140185e-07
2.5993777140e+07,1.7743814895e+01,2.2527759124e+00,4.962768e-07
2.6218498339e+07,1.8172500684e+01,2.2526795515e+00,9.462859e-07
2.6403219538e+07,1.7588852039e+01,2.2524491851e+00,9.331454e-07
2.6587941138e+07,1.7580831609e+01,2.2520950625e+00,7.282185e-07
2.6812662337e+07,1.7976306783e+01,2.2515220819e+00,7.507803e-07
2.6997383936e+07,1.8397081204e+01,2.2510622424e+00,5.996155e-07
2.7182105136e+07,1.7832675590e+01,2.2504481688e+00,6.046692e-07
2.7406826335e+07,1.7749991662e+01,2.2492703268e+00,5.999222e-07
2.7591547934e+07,1.7548033611e+01,2.2481683903e+00,7.258653e-07
2.7816269133e+07,1.8107807777e+01,2.2467640280e+00,7.068760e-07
2.8000990732e+07,1.8315537062e+01,2.2456786965e+00,1.021417e-06
2.8185711932e+07,1.7618377537e+01,2.2444052243e+00,7.950979e-07
2.8410433131e+07,1.7811752506e+01,2.2427708664e+00,2.119153e-07
2.8595154730e+07,1.7601833314e+01,2.2413502488e+00,7.425063e-07
2.8819875929e+07,1.8166460774e+01,2.2395768074e+00,8.076635e-07
2.9004597529e+07,1.7714756892e+01,2.2379805017e+00,6.376008e-07
2.9189318728e+07,1.7659907187e+01,2.2361902817e+00,6.096399e-07
2.9414039927e+07,1.8074153796e+01,2.2342361656e+00,5.918197e-07
2.9598761527e+07,1.7858124023e+01,2.2325273164e+00,6.882459e-07
2.9783482726e+07,1.7654853820e+01,2.2308047953e+00,9.476806e-07
3.0008204325e+07,1.8156475122e+01,2.2289482541e+00,8.627209e-07
3.0192925524e+07,1.7672052321e+01,2.2274371807e+00,2.374112e-07
3.0417646723e+07,1.7780167250e+01,2.2256507212e+00,9.087048e-08
3.0602368323e+07,1.8175281834e+01,2.2242851229e+00,8.791131e-07
3.0787089522e+07,1.8534987432e+01,2.2231141371e+00,6.178074e-07
3.1011811121e+07,1.7846222495e+01,2.2216124649e+00,6.535141e-07
3.1196532321e+07,1.7789331497e+01,2.2202015477e+00,5.906459e-07
3.1381253520e+07,1.7714715367e+01,2.2187632907e+00,7.028687e-07
3.1605975119e+07,1.8152116428e+01,2.2170397723e+00,6.623777e-07
3.1790696318e+07,1.8181201530e+01,2.2156237447e+00,8.659025e-07
3.2015417917e+07,1.7808028755e+01,2.2137283104e+00,7.951945e-07
3.2200139117e+07,1.7882182233e+01,2.2121630686e+00,3.207586e-07
3.2384860316e+07,1.7865764129e+01,2.2105645354e+00,8.519296e-07
3.2609581915e+07,1.8286268365e+01,2.2087222987e+00,9.242258e-07
3.2794303115e+07,1.7824499534e+01,2.2071823895e+00,6.547854e-07
3.3019024714e+07,1.7753478785e+01,2.2052039360e+00,6.906781e-07
3.3203745913e+07,1.8281239055e+01,2.2036956952e+00,5.935711e-07
3.3388467112e+07,1.7777615926e+01,2.2021203625e+00,6.461661e-07
3.3613188713e+07,1.7817865857e+01,2.2000984681e+00,6.235515e-07
3.3797909915e+07,1.8279312854e+01,2.1985477229e+00,7.954415e-07
3.3982631518e+07,1.7754599155e+01,2.1970326276e+00,1.377660e-07
3.4207352721e+07,1.7888465096e+01,2.1951499352e+00,7.638534e-07
3.4392073924e+07,1.8276551786e+01,2.1936924284e+00,8.920984e-07
3.4616795528e+07,1.8519801879e+01,2.1921064741e+00,7.793510e-07
3.4801516730e+07,1.7785687341e+01,2.1908193119e+00,6.921018e-07
3.4986237933e+07,1.7928349539e+01,2.1895143588e+00,6.056583e-07
3.5210959536e+07,1.7933063968e+01,2.1880662178e+00,6.301119e-07
3.5395680739e+07,1.8289813371e+01,2.1871324853e+00,6.214335e-07
3.5580402342e+07,1.7986486364e+01,2.1863567810e+00,7.547956e-07
3.5805123545e+07,1.8108513103e+01,2.1854936208e+00,6.899103e-07
3.5989844748e+07,1.8003405687e+01,2.1849482886e+00,5.989258e-07
3.6214566351e+07,1.8378301831e+01,2.1843084521e+00,9.218525e-07
3.6399287554e+07,1.8529736037e+01,2.1838554834e+00,6.985334e-07
3.6584009157e+07,1.7957973482e+01,2.1831828511e+00,7.545628e-07
3.6808730360e+07,1.8007951869e+01,2.1822334287e+00,8.193723e-07
3.6993451563e+07,1.8447478851e+01,2.1815442150e+00,6.310146e-07
3.7218173166e+07,1.7830456331e+01,2.1805475976e+00,6.479997e-07
3.7402894369e+07,1.7951370447e+01,2.1795966313e+00,5.923909e-07
3.7587615972e+07,1.8441992879e+01,2.1786422738e+00,6.777858e-07
3.7812337175e+07,1.7817526523e+01,2.1773424269e+00,6.612977e-07
3.7997058378e+07,1.7929218059e+01,2.1760780100e+00,1.010829e-06
3.8181779981e+07,1.8382635470e+01,2.1747485204e+00,4.184213e-07
3.8406501184e+07,1.8387590356e+01,2.1730530153e+00,2.366168e-07
3.8591222787e+07,1.7867958957e+01,2.1714253332e+00,8.074001e-07
3.8815943990e+07,1.7874713342e+01,2.1692197133e+00,8.677593e-07
3.9000665193e+07,1.8336092013e+01,2.1672486199e+00,6.499315e-07
3.9185386796e+07,1.8177688355e+01,2.1652625257e+00,5.957415e-07
3.9410107999e+07,1.7804618088e+01,2.1626226012e+00,5.975781e-07
3.9594829202e+07,1.7982735685e+01,2.1603277961e+00,6.661896e-07
3.9819550805e+07,1.7932040522e+01,2.1574743508e+00,6.163824e-07
4.0004272008e+07,1.8094433521e+01,2.1551312876e+00,8.098857e-07
4.0188993611e+07,1.8092116003e+01,2.1527767241e+00,2.382078e-07
4.0413714814e+07,1.7963536137e+01,2.1499293556e+00,2.714146e-07
4.0598436017e+07,1.8097607950e+01,2.1476508118e+00,8.853121e-07
4.0783157619e+07,1.7997797077e+01,2.1453947036e+00,6.543861e-07
4.1007878823e+07,1.8177718226e+01,2.1427892218e+00,6.802949e-07
4.1192600426e+07,1.7992842059e+01,2.1408017086e+00,5.841113e-07
4.1417321629e+07,1.7949336307e+01,2.1385259539e+00,5.968400e-07
4.1602042832e+07,1.8331678038e+01,2.1369227414e+00,6.502589e-07
4.1786764434e+07,1.8151949921e+01,2.1356315749e+00,8.181550e-07
4.2011485638e+07,1.8053583374e+01,2.1342546923e+00,7.828231e-07
4.2196207241e+07,1.7967269866e+01,2.1333628639e+00,2.436792e-07
4.2380928443e+07,1.8644687127e+01,2.1327367036e+00,9.605555e-07
4.2605649647e+07,1.8281163809e+01,2.1323149793e+00,9.870046e-07
4.2790371249e+07,1.8284538994e+01,2.1320894243e+00,6.752359e-07
4.3015092453e+07,1.7904918559e+01,2.1321460909e+00,7.145852e-07
4.3199814055e+07,1.8657997249e+01,2.1325134265e+00,5.919191e-07
4.3384535258e+07,1.8672278818e+01,2.1331861901e+00,6.339002e-07
4.3609256462e+07,1.8227923040e+01,2.1341587288e+00,6.197856e-07
4.3793978064e+07,1.8283284920e+01,2.1352312407e+00,7.781126e-07
4.4018699268e+07,1.9136614273e+01,2.1367404278e+00,7.349618e-07
4.4203420470e+07,1.8197457699e+01,2.1383097392e+00,8.840449e-07
4.4388142073e+07,1.8753751918e+01,2.1399297278e+00,8.932787e-07
4.4612863277e+07,1.9225791850e+01,2.1421870114e+00,7.796676e-07
4.4797584879e+07,1.8555929645e+01,2.1444011507e+00,6.993060e-07
4.4982306082e+07,1.9090951384e+01,2.1466356151e+00,5.823655e-07
4.5207027285e+07,1.8046132515e+01,2.1496385649e+00,6.151726e-07
4.5391748888e+07,1.9131741495e+01,2.1523622845e+00,6.175702e-07
4.5616470092e+07,1.8633802148e+01,2.1557924086e+00,6.021377e-07
4.5801191694e+07,1.8881184285e+01,2.1588099464e+00,7.026813e-07
4.5985912897e+07,1.8830015460e+01,2.1618462347e+00,8.277955e-07
4.6210634100e+07,1.9611907204e+01,2.1658290882e+00,8.945825e-07
4.6395355703e+07,1.8012590593e+01,2.1691312366e+00,6.637990e-07
4.6580076906e+07,1.9114216155e+01,2.1725007098e+00,7.381662e-07
4.6804798509e+07,1.9266372237e+01,2.1766195171e+00,8.703900e-07
4.6989519712e+07,1.9126796198e+01,2.1802178612e+00,6.323325e-07
4.7214240915e+07,1.8629548396e+01,2.1844534778e+00,6.352208e-07
4.7398962518e+07,1.9174955024e+01,2.1880113810e+00,5.820470e-07
4.7583683721e+07,1.8312347595e+01,2.1914589134e+00,6.872946e-07
4.7808405324e+07,1.9638755452e+01,2.1956856667e+00,6.608297e-07
4.7993126527e+07,1.9014934523e+01,2.1989091635e+00,9.248363e-07
4.8217847730e+07,1.8702315970e+01,2.2027160408e+00,8.381975e-07
4.8402569333e+07,1.9416052246e+01,2.2059439582e+00,1.884168e-07
4.8587290536e+07,1.8782592247e+01,2.2089628644e+00,8.415152e-07
4.8812011739e+07,1.8329277594e+01,2.2127101085e+00,8.611960e-07
4.8996733342e+07,1.9625304590e+01,2.2157361152e+00,6.574959e-07
4.9181454545e+07,1.8364684735e+01,2.2188777968e+00,5.994790e-07
4.9406176148e+07,1.9307892926e+01,2.2226239175e+00,6.113802e-07
4.9590897351e+07,1.8175564436e+01,2.2257299261e+00,6.556208e-07
4.9815618554e+07,1.9346278895e+01,2.2295955534e+00,6.153496e-07
5.0000340157e+07,1.9185076278e+01,2.2328430261e+00,7.580059e-07
5.0185061360e+07,1.9124119526e+01,2.2359655788e+00,1.238001e-07
5.0409782963e+07,1.8216411874e+01,2.2398788633e+00,4.347247e-07
5.0594504166e+07,1.9813665867e+01,2.2430809564e+00,8.798124e-07
5.0819225369e+07,1.8462030183e+01,2.2470573934e+00,8.839627e-07
5.1003946972e+07,1.9450381173e+01,2.2502333400e+00,7.268509e-07
5.1188668175e+07,1.8896278623e+01,2.2534690142e+00,6.030755e-07
5.1413389778e+07,1.9387794912e+01,2.2571925614e+00,6.171568e-07
5.1598110981e+07,1.8104809106e+01,2.2601985125e+00,6.147446e-07
5.1782832183e+07,1.8988979193e+01,2.2630533413e+00,7.668594e-07
5.2007553787e+07,1.9439958968e+01,2.2663851446e+00,7.048966e-07
5.2192274989e+07,1.9016493023e+01,2.2690237840e+00,5.436616e-08
5.2416996593e+07,1.9105509267e+01,2.2721805621e+00,1.014047e-06
5.2601717796e+07,1.9314730056e+01,2.2745516131e+00,8.533011e-07
5.2786438998e+07,1.9377101049e+01,2.2769208956e+00,7.092981e-07
5.3011160602e+07,1.8965056493e+01,2.2794210563e+00,7.809977e-07
5.3195881804e+07,1.8575480840e+01,2.2813688984e+00,6.162703e-07
5.3380603007e+07,1.9417926290e+01,2.2830835121e+00,6.215089e-07
5.3605324611e+07,1.9114284294e+01,2.2850990422e+00,5.874559e-07
5.3790045813e+07,1.8678281663e+01,2.2864771761e+00,7.496431e-07
5.4014767417e+07,1.9096158441e+01,2.2880146402e+00,6.938815e-07
5.4199488619e+07,1.8867587135e+01,2.2890311573e+00,1.004640e-06
5.4384209822e+07,1.9437920937e+01,2.2900196607e+00,8.215706e-07
5.4608931426e+07,1.8487639254e+01,2.2908728856e+00,3.085516e-07
5.4793652628e+07,1.8946640208e+01,2.2914507880e+00,7.485830e-07
5.5018374232e+07,1.8609107786e+01,2.2919365383e+00,9.116704e-07
5.5203095434e+07,1.9135504361e+01,2.2923034893e+00,6.246256e-07
5.5387816637e+07,1.8694657416e+01,2.2924709185e+00,6.035910e-07
5.5612538240e+07,1.8638832329e+01,2.2924348485e+00,5.898490e-07
5.5797259443e+07,1.8887535927e+01,2.2923738316e+00,7.191654e-07
5.5981981046e+07,1.9074668549e+01,2.2920633296e+00,9.331345e-07
5.6206702249e+07,1.8735444032e+01,2.2915817527e+00,8.670103e-07
5.6391423452e+07,1.9073235331e+01,2.2911578000e+00,6.797697e-07
5.6616145055e+07,1.8336222006e+01,2.2904050592e+00,4.916121e-07
5.6800866258e+07,1.8722132154e+01,2.2896677041e+00,9.263210e-07
5.6985587861e+07,1.8671901871e+01,2.2888226518e+00,6.297756e-07
5.7210309064e+07,1.9330385597e+01,2.2877584965e+00,6.451616e-07
5.7395030267e+07,1.8497473612e+01,2.2867512017e+00,5.781128e-07
5.7619751870e+07,1.8513144704e+01,2.2853078322e+00,5.853246e-07
5.7804473073e+07,1.8312037532e+01,2.2840129468e+00,6.602407e-07
5.7989194276e+07,1.8816881576e+01,2.2826506175e+00,9.056293e-07
5.8213915879e+07,1.8729795846e+01,2.2809180512e+00,8.338026e-07
5.8398637082e+07,1.8439661964e+01,2.2793215023e+00,3.819036e-07
5.8583358685e+07,1.8385564752e+01,2.2776582013e+00,9.417036e-07
5.8808079888e+07,1.8696071244e+01,2.2755276254e+00,9.171602e-07
5.8992801091e+07,1.8788858647e+01,2.2737545740e+00,6.414444e-07
5.9217522694e+07,1.8373174328e+01,2.2714074281e+00,6.953180e-07
5.9402243897e+07,1.8669015445e+01,2.2693554665e+00,5.987000e-07
5.9586965500e+07,1.8598263314e+01,2.2673396688e+00,6.578164e-07
5.9811686703e+07,1.8322930743e+01,2.2647046660e+00,6.235137e-07
5.9996407906e+07,1.8695303688e+01,2.2625026926e+00,7.910461e-07
6.0181129509e+07,1.8646135646e+01,2.2603060481e+00,7.942144e-08
6.0405850712e+07,1.8335294290e+01,2.2575002971e+00,5.961142e-07
6.0590572315e+07,1.8396389411e+01,2.2551209494e+00,8.946797e-07
6.0815293518e+07,1.8516369530e+01,2.2522105980e+00,8.360878e-07
6.1000014721e+07,1.8697380151e+01,2.2498109165e+00,7.278921e-07
6.1184736323e+07,1.8423440828e+01,2.2473790327e+00,6.054799e-07
6.1409457527e+07,1.8343885065e+01,2.2444064007e+00,6.120717e-07
6.1594179130e+07,1.8560892078e+01,2.2419702220e+00,6.152818e-07
6.1818900333e+07,1.8417867810e+01,2.2390402580e+00,6.008907e-07
6.2003621536e+07,1.8559153770e+01,2.2366342629e+00,7.153282e-07
6.2188343138e+07,1.8440935258e+01,2.2342324922e+00,7.567078e-07
6.2413064342e+07,1.8445025447e+01,2.2313480833e+00,9.466291e-07
6.2597785545e+07,1.8455447304e+01,2.2290130669e+00,8.295227e-07
6.2782507147e+07,1.8495519194e+01,2.2267115548e+00,7.323663e-07
6.3007228351e+07,1.8494434612e+01,2.2239701904e+00,7.978361e-07
6.3191949953e+07,1.8506966206e+01,2.2217710374e+00,6.332916e-07
6.3416671157e+07,1.8424509099e+01,2.2190972621e+00,6.454649e-07
6.3601392359e+07,1.8632132908e+01,2.2169413646e+00,5.950013e-07
6.3786113962e+07,1.8418188384e+01,2.2148217170e+00,6.953657e-07
6.4010835166e+07,1.8339250345e+01,2.2122440528e+00,6.750914e-07
6.4195556768e+07,1.8767149886e+01,2.2101802547e+00,9.402010e-07
6.4380277971e+07,1.8581850801e+01,2.2081801770e+00,5.457375e-07
6.4604999174e+07,1.8343326640e+01,2.2057536479e+00,1.052037e-07
6.4789720777e+07,1.8433418068e+01,2.2037842225e+00,8.078080e-07
6.5014441981e+07,1.8637459652e+01,2.2014611495e+00,8.607305e-07
6.5199163583e+07,1.8688135457e+01,2.1995997657e+00,6.605721e-07
6.5383884786e+07,1.8459576993e+01,2.1977450394e+00,5.985279e-07
6.5608605989e+07,1.8344823272e+01,2.1954758552e+00,6.004283e-07
6.5793327592e+07,1.8665904519e+01,2.1936428459e+00,6.745472e-07
6.6018048796e+07,1.8966251152e+01,2.1915106547e+00,6.271443e-07
6.6202770398e+07,1.8512127064e+01,2.1898021858e+00,7.885736e-07
6.6387491601e+07,1.8399965486e+01,2.1881055404e+00,5.966918e-08
6.6612212804e+07,1.8424758851e+01,2.1860965220e+00,3.794826e-07
6.6796934407e+07,1.8723704810e+01,2.1845073146e+00,9.682499e-07
6.6981655610e+07,1.8696099651e+01,2.1830442446e+00,6.485377e-07
6.7206376813e+07,1.8347935133e+01,2.1812496244e+00,6.840020e-07
6.7391098416e+07,1.8921868673e+01,2.1798540226e+00,5.852373e-07
6.7615819619e+07,1.8462019636e+01,2.1782415168e+00,5.794503e-07
6.7800541222e+07,1.8410438838e+01,2.1768826179e+00,6.227448e-07
6.7985262425e+07,1.8976472067e+01,2.1755609270e+00,8.330990e-07
6.8209983628e+07,1.8791815330e+01,2.1740641616e+00,8.317198e-07
6.8394705231e+07,1.8482457639e+01,2.1727933970e+00,2.684594e-07
6.8619426434e+07,1.8518144634e+01,2.1713131703e+00,9.631090e-07
6.8804148037e+07,1.9100853239e+01,2.1702117559e+00,9.098206e-07
6.8988869240e+07,1.8809888741e+01,2.1692212978e+00,6.671114e-07
6.9213590443e+07,1.8369103849e+01,2.1680419688e+00,7.220440e-07
6.9398312046e+07,1.8444758684e+01,2.1671371910e+00,5.916557e-07
6.9583033249e+07,1.9030710224e+01,2.1663139621e+00,6.425670e-07
6.9807754852e+07,1.9229665317e+01,2.1654720201e+00,6.055396e-07
6.9992476055e+07,1.8310940617e+01,2.1648284869e+00,8.088256e-07
7.0217197258e+07,1.8730596889e+01,2.1641920980e+00,7.303644e-07
7.0401918861e+07,1.8355345123e+01,2.1637905215e+00,9.100443e-07
7.0586640064e+07,1.9182973642e+01,2.1635726710e+00,9.500043e-07
7.0811361667e+07,1.8400783238e+01,2.1634862578e+00,8.335842e-07
7.0996082870e+07,1.8623461695e+01,2.1635052689e+00,7.568106e-07
7.1180804072e+07,1.9348061243e+01,2.1636648040e+00,5.899998e-07
7.1405525676e+07,1.8455160848e+01,2.1639869316e+00,6.091712e-07
7.1590246879e+07,1.8831074285e+01,2.1643239768e+00,6.086744e-07
7.1814968082e+07,1.9357915611e+01,2.1648183041e+00,5.979125e-07
7.1999689685e+07,1.8599736207e+01,2.1653753223e+00,7.218405e-07
7.2184410887e+07,1.9020831213e+01,2.1659876702e+00,8.663864e-07
7.2409132491e+07,1.9124395283e+01,2.1668811323e+00,9.261325e-07
7.2593853693e+07,1.9906498516e+01,2.1678530600e+00,8.001374e-07
7.2818574897e+07,1.8602474140e+01,2.1691919505e+00,1.019348e-07
7.3003296500e+07,1.9401159209e+01,2.1704143894e+00,8.637200e-07
7.3188017702e+07,1.8427489108e+01,2.1717997861e+00,6.201525e-07
7.3412739306e+07,1.9665770808e+01,2.1737403713e+00,6.435575e-07
7.3597460508e+07,1.8499427522e+01,2.1754656945e+00,5.941616e-07
7.3782181711e+07,1.9487965767e+01,2.1773034508e+00,7.071384e-07
7.4006903315e+07,1.8848817981e+01,2.1797586181e+00,6.742370e-07
7.4191624517e+07,2.0031795817e+01,2.1819003501e+00,9.185280e-07
7.4416346121e+07,1.9397299438e+01,2.1848332728e+00,7.940101e-07
7.4601067323e+07,1.9785854895e+01,2.1873579046e+00,6.789180e-08
7.4785788526e+07,1.9776450260e+01,2.1900614745e+00,8.145419e-07
7.5010510130e+07,1.9520137766e+01,2.1936996522e+00,8.664076e-07
7.5195231332e+07,2.0064885825e+01,2.1967715974e+00,6.418348e-07
7.5419952936e+07,1.9197050348e+01,2.2007681674e+00,7.254626e-07
7.5604674138e+07,2.0004046619e+01,2.2043091777e+00,6.075628e-07
7.5789395341e+07,2.0121200900e+01,2.2078962437e+00,6.692492e-07
7.6014116944e+07,1.8863477053e+01,2.2125649882e+00,6.202742e-07
7.6198838147e+07,2.0297401266e+01,2.2165530477e+00,7.754616e-07
7.6383559350e+07,1.9766732109e+01,2.2207199721e+00,4.123086e-09
7.6608280953e+07,2.0269751320e+01,2.2259005929e+00,3.043910e-07
7.6793002156e+07,1.9913760292e+01,2.2304378225e+00,8.828336e-07
7.7017723759e+07,2.0887064090e+01,2.2360893170e+00,8.617987e-07
7.7202444962e+07,1.9282079752e+01,2.2409831262e+00,7.238612e-07
7.7387166165e+07,2.0787054421e+01,2.2459376196e+00,6.100271e-07
7.7611887768e+07,1.9831688255e+01,2.2522150959e+00,6.038900e-07
7.7796608971e+07,2.0547374841e+01,2.2574619236e+00,6.051075e-07
7.7981330574e+07,2.0824427769e+01,2.2629397688e+00,7.623009e-07
7.8206051777e+07,2.0755948298e+01,2.2695712394e+00,7.514925e-07
7.8390772980e+07,1.9655620990e+01,2.2751327739e+00,3.716994e-08
7.8615494583e+07,2.0778322135e+01,2.2821239692e+00,9.725385e-07
7.8800215786e+07,2.0756656090e+01,2.2878707418e+00,8.210079e-07
7.8984937389e+07,1.8738485491e+01,2.2937824811e+00,7.309609e-07
7.9209658592e+07,2.1373306305e+01,2.3011405745e+00,7.804710e-07
7.9394379795e+07,2.0234343822e+01,2.3072504146e+00,5.990749e-07
7.9619101398e+07,2.0632079079e+01,2.3149410747e+00,6.427414e-07
7.9803822601e+07,2.1230748784e+01,2.3212692488e+00,6.012118e-07
7.9988544204e+07,2.0368849304e+01,2.3278113571e+00,7.456714e-07
8.0213265407e+07,2.1105424242e+01,2.3357826048e+00,6.961553e-07
8.0397986610e+07,2.0758533390e+01,2.3425052408e+00,9.405807e-07
8.0582708213e+07,2.1067159661e+01,2.3491591330e+00,8.604936e-07
8.0807429416e+07,2.0828948313e+01,2.3574290889e+00,6.969779e-07
8.0992150619e+07,2.1107768658e+01,2.3641562255e+00,7.797482e-07
8.1216872222e+07,1.9902325215e+01,2.3724717282e+00,9.451077e-07
8.1401593425e+07,2.1503771693e+01,2.3792449000e+00,6.171782e-07
8.1586315027e+07,2.0639441180e+01,2.3861073119e+00,5.818985e-07
8.1811036231e+07,2.1235071779e+01,2.3943174558e+00,5.783581e-07
8.1995757434e+07,1.8767806530e+01,2.4010845810e+00,7.175721e-07
8.2180479036e+07,2.1166854594e+01,2.4078174064e+00,9.381371e-07
8.2405200240e+07,2.1520517396e+01,2.4159043976e+00,9.170337e-07
8.2589921842e+07,1.9860834450e+01,2.4225548186e+00,6.392910e-07
8.2814643046e+07,2.1159396619e+01,2.4306703474e+00,5.927919e-07
8.2999364249e+07,2.1070265375e+01,2.4372241840e+00,9.042549e-07
8.3184085851e+07,2.0985807508e+01,2.4438481641e+00,6.223113e-07
8.3408807055e+07,2.1193076065e+01,2.4517015063e+00,6.570521e-07
8.3593528657e+07,2.1209244423e+01,2.4582325255e+00,5.820766e-07
8.3818249861e+07,2.1234034903e+01,2.4660054639e+00,5.857578e-07
8.4002971064e+07,2.1079405039e+01,2.4724482325e+00,6.678697e-07
8.4187692666e+07,2.1156629903e+01,2.4787284652e+00,9.206315e-07
8.4412413870e+07,2.1033135791e+01,2.4864155916e+00,8.489168e-07
8.4597135472e+07,2.1432162303e+01,2.4925750569e+00,2.083541e-07
8.4781856675e+07,2.0526703777e+01,2.4988082825e+00,9.046336e-07
8.5006577878e+07,2.1310272832e+01,2.5062326747e+00,8.936605e-07
8.5191299481e+07,2.1308916554e+01,2.5123853531e+00,6.512535e-07
8.5416020685e+07,2.1094527358e+01,2.5196294459e+00,7.190999e-07
8.5600742287e+07,2.1000989082e+01,2.5256327278e+00,5.957975e-07
8.5785463490e+07,2.1648920068e+01,2.5315088704e+00,6.624672e-07
8.6010184693e+07,2.1029351753e+01,2.5386408812e+00,6.387263e-07
8.6194906296e+07,1.9356726505e+01,2.5445644693e+00,7.932346e-07
8.6419627500e+07,2.1674095830e+01,2.5519208458e+00,7.395559e-07
8.6604348702e+07,2.1030208942e+01,2.5579893941e+00,6.703043e-07
8.6789070305e+07,2.1595570348e+01,2.5642704717e+00,8.899124e-07
8.7013791508e+07,2.1471246620e+01,2.5719766510e+00,8.969176e-07
8.7198513111e+07,2.1098342229e+01,2.5785460143e+00,7.452250e-07
8.7383234314e+07,2.1844722218e+01,2.5850963646e+00,6.076531e-07
8.7607955517e+07,2.1207297122e+01,2.5932931391e+00,6.097108e-07
8.7792677120e+07,2.1492467576e+01,2.6000168580e+00,6.017332e-07
8.8017398323e+07,2.2030309653e+01,2.6084750889e+00,5.999046e-07
8.8202119926e+07,2.1030678581e+01,2.6154605379e+00,7.244373e-07
8.8386841129e+07,2.1932700665e+01,2.6226492987e+00,5.927770e-07
8.8611562332e+07,2.1747531807e+01,2.6313955822e+00,9.480928e-07
8.8796283935e+07,2.1633473078e+01,2.6387714457e+00,7.272857e-07
8.8981005138e+07,2.1482231366e+01,2.6461257078e+00,7.507895e-07
8.9205726741e+07,2.1965673644e+01,2.6553286307e+00,7.954134e-07
8.9390447944e+07,2.1576697382e+01,2.6629501721e+00,6.158651e-07
8.9615169147e+07,2.1467058735e+01,2.6725225018e+00,6.355733e-07
8.9799890750e+07,2.1961819334e+01,2.6804647591e+00,6.041393e-07
8.9984611953e+07,2.2391054942e+01,2.6885213566e+00,7.387762e-07
9.0209333556e+07,2.1784313571e+01,2.6985207012e+00,6.620851e-07
9.0394054759e+07,2.2007328501e+01,2.7069733253e+00,8.901916e-07
9.0618775962e+07,2.2185995280e+01,2.7173411911e+00,8.261541e-07
9.0803497565e+07,2.2645776311e+01,2.7261442288e+00,1.226227e-07
9.0988218768e+07,2.1944243357e+01,2.7349651664e+00,7.997788e-07
9.1212939971e+07,2.2640304539e+01,2.7459390396e+00,8.823013e-07
9.1397661574e+07,2.1859293827e+01,2.7549650781e+00,6.585870e-07
9.1582382776e+07,2.2626973187e+01,2.7641946467e+00,5.955492e-07
9.1807104380e+07,1.9452357582e+01,2.7754707937e+00,5.896856e-07
9.1991825583e+07,2.2654327303e+01,2.7848523430e+00,6.765992e-07
9.2216546786e+07,2.0367854959e+01,2.7963806247e+00,6.295128e-07
9.2401268389e+07,2.3096427114e+01,2.8059595066e+00,8.206909e-07
9.2585989591e+07,2.0980957540e+01,2.8156055106e+00,2.884367e-07
9.2810711195e+07,2.2888188278e+01,2.8273927700e+00,2.039727e-07
9.2995432398e+07,2.2640592180e+01,2.8372355035e+00,9.386659e-07
9.3180153600e+07,2.2788086602e+01,2.8470442405e+00,6.349767e-07
9.3404875204e+07,1.9321899378e+01,2.8591860110e+00,7.045944e-07
9.3589596406e+07,2.2560864661e+01,2.8692731419e+00,5.900079e-07
9.3814318010e+07,2.2980669862e+01,2.8816113121e+00,5.947061e-07
9.3999039212e+07,2.3421251311e+01,2.8918740563e+00,6.193483e-07
9.4183760415e+07,2.1623010685e+01,2.9023412552e+00,8.975915e-07
9.4408482019e+07,2.3257294526e+01,2.9152035347e+00,8.130449e-07
9.4593203221e+07,2.1711417026e+01,2.9259936836e+00,3.134684e-07
9.4817924825e+07,2.3351948698e+01,2.9392039737e+00,9.530507e-07
9.5002646027e+07,2.1154394204e+01,2.9501857136e+00,9.684984e-07
9.5187367230e+07,2.3610498757e+01,2.9612073375e+00,6.843651e-07
9.5412088834e+07,2.2993564492e+01,2.9747904551e+00,7.631821e-07
9.5596810036e+07,2.3390957040e+01,2.9859564145e+00,5.759004e-07
9.5781531239e+07,2.3420214698e+01,2.9973425623e+00,6.313172e-07
9.6006252842e+07,2.3339913744e+01,3.0112310458e+00,6.073010e-07
9.6190974045e+07,2.3827230651e+01,3.0228539394e+00,8.427483e-07
9.6415695648e+07,2.2866455194e+01,3.0369833466e+00,7.242617e-07
9.6600416851e+07,2.3895015100e+01,3.0487315375e+00,9.290013e-07
9.6785138054e+07,2.3150238510e+01,3.0604999181e+00,9.314989e-07
9.7009859657e+07,2.3613120437e+01,3.0746647601e+00,8.483191e-07
9.7194580860e+07,1.9849213924e+01,3.0862552194e+00,7.752235e-07
9.7419302463e+07,2.3371361910e+01,3.1002147689e+00,8.739032e-07
9.7604023666e+07,2.3648296819e+01,3.1115570207e+00,6.113245e-07
9.7788744869e+07,2.3937409685e+01,3.1228712202e+00,6.144916e-07
9.8013466472e+07,2.2417928855e+01,3.1366981665e+00,5.781318e-07
9.8198187675e+07,2.3756437498e+01,3.1479817988e+00,7.168148e-07
9.8382909278e+07,2.3127191876e+01,3.1592204112e+00,9.075954e-07
9.8607630481e+07,2.3710163418e+01,3.1729258855e+00,9.603313e-07
9.8792351684e+07,2.3428272585e+01,3.1840268487e+00,8.508055e-07
9.9017073287e+07,2.4157539802e+01,3.1975122562e+00,1.161797e-08
9.9201794490e+07,2.0746575792e+01,3.2084529032e+00,8.062407e-07
9.9386516093e+07,2.3990588040e+01,3.2193024147e+00,6.098156e-07
9.9611237296e+07,2.3239459224e+01,3.2324562803e+00,6.311366e-07
9.9795958499e+07,2.3719540976e+01,3.2430846825e+00,5.999836e-07
9.9980680102e+07,2.3245839316e+01,3.2537319140e+00,7.116835e-07
1.0020540130e+08,2.3710910281e+01,3.2664865492e+00,6.777321e-07
1.0039012251e+08,2.3794959468e+01,3.2769638430e+00,9.234916e-07
1.0061484411e+08,1.9914842303e+01,3.2894910594e+00,7.885144e-07
1.0079956531e+08,2.3720007165e+01,3.2996885389e+00,5.952043e-08
1.0098428692e+08,2.1939154623e+01,3.3097625440e+00,8.149294e-07
1.0120900812e+08,2.3656810456e+01,3.3219321365e+00,8.534021e-07
1.0139372932e+08,2.3615929496e+01,3.3316874564e+00,6.576409e-07
1.0161845093e+08,2.3363963540e+01,3.3433549378e+00,7.085046e-07
1.0180317213e+08,2.2988874757e+01,3.3527894835e+00,5.935713e-07
1.0198789373e+08,2.3512730132e+01,3.3618770126e+00,6.617940e-07
1.0221261493e+08,2.2576419462e+01,3.3726255418e+00,6.215829e-07
1.0239733614e+08,2.3328806647e+01,3.3812646498e+00,8.045102e-07
1.0258205774e+08,2.3218509255e+01,3.3895823234e+00,1.196028e-08
1.0280677894e+08,2.3290263344e+01,3.3994978146e+00,3.315234e-07
1.0299150055e+08,2.2711275546e+01,3.4072513117e+00,9.022124e-07
1.0321622175e+08,2.3154923876e+01,3.4163626281e+00,8.771612e-07
1.0340094295e+08,1.9598503073e+01,3.4234087352e+00,7.195585e-07
1.0358566456e+08,2.2939897352e+01,3.4300551853e+00,6.078967e-07
1.0381038576e+08,2.1636283582e+01,3.4374727576e+00,6.078917e-07
1.0399510736e+08,2.2774026336e+01,3.4430440713e+00,6.111975e-07
1.0421982856e+08,2.1217603016e+01,3.4490329150e+00,5.939990e-07
1.0440454977e+08,2.2480710795e+01,3.4531632334e+00,7.760634e-07
1.0458927137e+08,2.1856620514e+01,3.4566326655e+00,8.453608e-07
1.0481399257e+08,2.1406758452e+01,3.4595149331e+00,9.181167e-07
1.0499871378e+08,1.9082004699e+01,3.4605165212e+00,9.037872e-07
1.0518343538e+08,1.9946633872e+01,3.4593653536e+00,7.260774e-07
1.0540815658e+08,2.0348255214e+01,3.4542122567e+00,7.664925e-07
1.0559287819e+08,2.0205083275e+01,3.4537129271e+00,5.989806e-07
1.0581759939e+08,2.1935843225e+01,3.4558102212e+00,6.338473e-07
1.0600232059e+08,2.1952752543e+01,3.4589202077e+00,5.994586e-07
1.0618704219e+08,2.1881834580e+01,3.4630181257e+00,7.781678e-07
1.0641176340e+08,2.2640179475e+01,3.4688389163e+00,6.889849e-07
1.0659648500e+08,2.0295995205e+01,3.4742630475e+00,9.108054e-07
1.0678120620e+08,2.3038442932e+01,3.4800795420e+00,8.992580e-07
1.0700592741e+08,2.2674257244e+01,3.4876439265e+00,7.358986e-07
1.0719064901e+08,2.3373852158e+01,3.4940432385e+00,8.205998e-07
1.0741537021e+08,2.2772339713e+01,3.5022129262e+00,9.044275e-07
1.0760009182e+08,2.3414687084e+01,3.5090707206e+00,6.432280e-07
1.0778481302e+08,2.2777697587e+01,3.5162087217e+00,5.932788e-07
1.0800953422e+08,2.3177822862e+01,3.5250315913e+00,5.699945e-07
1.0819425582e+08,2.3693418743e+01,3.5325111478e+00,6.739672e-07
1.0841897703e+08,2.3263698370e+01,3.5416483509e+00,6.390339e-07
1.0860369863e+08,2.3341983211e+01,3.5493246142e+00,9.449864e-07
1.0878841983e+08,2.3998614779e+01,3.5569894103e+00,5.142643e-07
1.0901314104e+08,2.2599564133e+01,3.5664493068e+00,8.894057e-11
1.0919786264e+08,2.3592218495e+01,3.5743864017e+00,9.108774e-07
1.0938258384e+08,2.3977189196e+01,3.5823419197e+00,6.137595e-07
1.0960730505e+08,2.2416818468e+01,3.5922386935e+00,6.510150e-07
1.0979202665e+08,2.4023420866e+01,3.6004931742e+00,5.805068e-07
1.1001674785e+08,2.3917712865e+01,3.6107173627e+00,5.902277e-07
1.1020146945e+08,2.3678375904e+01,3.6193594995e+00,6.484176e-07
1.1038619066e+08,2.4152791958e+01,3.6280610364e+00,9.580242e-07
1.1061091186e+08,2.4056825966e+01,3.6389108185e+00,8.366276e-07
1.1079563346e+08,2.3731797752e+01,3.6478388193e+00,3.948475e-07
1.1098035467e+08,2.4400745172e+01,3.6569465204e+00,8.267929e-07
1.1120507627e+08,2.4168198114e+01,3.6680162673e+00,9.045910e-07
1.1138979747e+08,2.3951072171e+01,3.6772921454e+00,6.658844e-07
1.1161451867e+08,2.4621248557e+01,3.6885696737e+00,7.178933e-07
1.1179924028e+08,2.4151650058e+01,3.6979880130e+00,5.910959e-07
1.1198396148e+08,2.4027872092e+01,3.7073945440e+00,6.554421e-07
1.1220868308e+08,2.4714447741e+01,3.7190407150e+00,6.160326e-07
1.1239340429e+08,2.4222849490e+01,3.7285941170e+00,7.952051e-07
1.1261812549e+08,2.2529446259e+01,3.7404135416e+00,7.474829e-07
1.1280284709e+08,2.4686866418e+01,3.7501633617e+00,7.353964e-07
1.1298756830e+08,2.4396878822e+01,3.7599158308e+00,8.850105e-07
1.1321228990e+08,2.3838116783e+01,3.7719207104e+00,8.560959e-07
1.1339701110e+08,2.4789124971e+01,3.7817386465e+00,7.281089e-07
1.1358173230e+08,2.1822479649e+01,3.7916112544e+00,6.018180e-07
1.1380645391e+08,2.5112304483e+01,3.8036660463e+00,6.120229e-07
1.1399117511e+08,2.4399102883e+01,3.8135396044e+00,6.214852e-07
1.1421589631e+08,2.4619595602e+01,3.8256456435e+00,6.075589e-07
1.1440061792e+08,2.4579223936e+01,3.8354895485e+00,7.404540e-07
1.1458533912e+08,2.4712306702e+01,3.8453963413e+00,7.390165e-07
1.1481006072e+08,2.4197566455e+01,3.8573420227e+00,9.022146e-07
1.1499478193e+08,2.4800755800e+01,3.8672349100e+00,6.201839e-07
1.1521950313e+08,2.4597336650e+01,3.8791516133e+00,2.843947e-07
1.1540422473e+08,2.4804151656e+01,3.8890010428e+00,7.691182e-07
1.1558894593e+08,2.4501988393e+01,3.8987402547e+00,6.106042e-07
1.1581366754e+08,2.4849511770e+01,3.9106973324e+00,6.495025e-07
1.1599838874e+08,2.4746977367e+01,3.9204663184e+00,6.038582e-07
1.1618310994e+08,2.4367499671e+01,3.9303258013e+00,7.537330e-07
1.1640783155e+08,2.5074879740e+01,3.9422676578e+00,6.745384e-07
1.1659255275e+08,2.5029490382e+01,3.9520751502e+00,8.847606e-07
1.1681727435e+08,2.3799626926e+01,3.9640844294e+00,8.140039e-07
1.1700199556e+08,2.5248435297e+01,3.9738822445e+00,5.175680e-08
1.1718671676e+08,2.1523449603e+01,3.9836660670e+00,7.766462e-07
1.1741143836e+08,2.4947433051e+01,3.9955474470e+00,8.969746e-07
1.1759615956e+08,2.4444355887e+01,4.0052916978e+00,6.538449e-07
1.1778088117e+08,2.4975398708e+01,4.0151289771e+00,6.055996e-07
1.1800560237e+08,2.4490731593e+01,4.0270206540e+00,5.897104e-07
1.1819032357e+08,2.5565917675e+01,4.0369020548e+00,6.394522e-07
1.1841504518e+08,2.3669043941e+01,4.0489105835e+00,6.118551e-07
1.1859976638e+08,2.5352425984e+01,4.0588702966e+00,8.710082e-07
1.1878448758e+08,2.4618561945e+01,4.0688068479e+00,3.500326e-07
1.1900920919e+08,2.5111889835e+01,4.0810018963e+00,5.282762e-07
1.1919393039e+08,2.4998682305e+01,4.0909763903e+00,9.199167e-07
1.1941865199e+08,2.5551510569e+01,4.1032593403e+00,9.217742e-07
1.1960337319e+08,2.4301326996e+01,4.1132966881e+00,6.948707e-07
1.1978809440e+08,2.5727877850e+01,4.1234169905e+00,5.770597e-07
1.2001281600e+08,2.5496989667e+01,4.1356411878e+00,5.971208e-07
1.2019753720e+08,2.4438583896e+01,4.1456690012e+00,6.221327e-07
1.2038225881e+08,2.5333562817e+01,4.1557250890e+00,8.950610e-07
1.2060698001e+08,2.5465300253e+01,4.1678436350e+00,8.073904e-07
1.2079170121e+08,2.4363760100e+01,4.1778127879e+00,6.523262e-07
1.2101642282e+08,2.5896115323e+01,4.1899710325e+00,9.473883e-07
1.2120114402e+08,2.4146561232e+01,4.1998642434e+00,9.402988e-07
1.2138586562e+08,2.5760981243e+01,4.2097560255e+00,7.223311e-07
1.2161058682e+08,2.4672131886e+01,4.2216626013e+00,7.903454e-07
1.2179530803e+08,2.5416294199e+01,4.2314579377e+00,5.900084e-07
1.2198002963e+08,2.3648433942e+01,4.2411553651e+00,6.134678e-07
1.2220475083e+08,2.5582840818e+01,4.2528919778e+00,5.971889e-07
1.2238947244e+08,2.3506594391e+01,4.2624855850e+00,7.771164e-07
1.2261419364e+08,2.5857479837e+01,4.2740158390e+00,7.058342e-07
1.2279891484e+08,2.2719143826e+01,4.2834113757e+00,9.055451e-07
1.2298363644e+08,2.5725336540e+01,4.2927548193e+00,9.433518e-07
1.2320835765e+08,2.4447306221e+01,4.3040609340e+00,8.309177e-07
1.2339307885e+08,2.5357944362e+01,4.3132638922e+00,7.372544e-07
1.2361780045e+08,2.3241921460e+01,4.3244419534e+00,8.186448e-07
1.2380252166e+08,2.5417405866e+01,4.3335205583e+00,6.136528e-07
1.2398724326e+08,2.5357212710e+01,4.3425057592e+00,6.061286e-07
1.2421196446e+08,2.5490433051e+01,4.3534118243e+00,5.983678e-07
1.2439668567e+08,2.4128886073e+01,4.3624079556e+00,7.244992e-07
1.2458140727e+08,2.5508404113e+01,4.3713085592e+00,8.924435e-07
1.2480612847e+08,2.2504893856e+01,4.3820892935e+00,9.648959e-07
1.2499085007e+08,2.5435410842e+01,4.3908607976e+00,1.477889e-07
1.2521557128e+08,2.1580644463e+01,4.4014560590e+00,1.282138e-07
1.2540029248e+08,2.5789352403e+01,4.4101130458e+00,7.614596e-07
1.2558501408e+08,2.3962525286e+01,4.4187634931e+00,6.165930e-07
1.2580973529e+08,2.5492687765e+01,4.4291690541e+00,6.403856e-07
1.2599445689e+08,2.5153189661e+01,4.4377273260e+00,5.862094e-07
1.2621917809e+08,2.5162734224e+01,4.4479317678e+00,6.037751e-07
1.2640389930e+08,2.5138869497e+01,4.4563083377e+00,6.894965e-07
1.2658862090e+08,2.5272151146e+01,4.4645193208e+00,9.051876e-07
1.2681334210e+08,2.5175275075e+01,4.4744919283e+00,8.207080e-07
1.2699806370e+08,2.4794667723e+01,4.4825524768e+00,5.702525e-08
1.2718278491e+08,2.5276123368e+01,4.4906314599e+00,7.789656e-07
1.2740750611e+08,2.4655472768e+01,4.5003140596e+00,8.563262e-07
1.2759222771e+08,2.4727256515e+01,4.5082727487e+00,6.626280e-07
1.2781694892e+08,2.5186294532e+01,4.5178272151e+00,7.004031e-07
1.2800167012e+08,2.5629499117e+01,4.5256456909e+00,6.036481e-07
1.2818639172e+08,2.4629153222e+01,4.5334513624e+00,6.495163e-07
1.2841111293e+08,2.4946356454e+01,4.5430210519e+00,6.126569e-07
1.2859583453e+08,2.5589496965e+01,4.5508285996e+00,7.918903e-07
1.2878055573e+08,2.4835150001e+01,4.5586961034e+00,7.312869e-08
1.2900527693e+08,2.5346215969e+01,4.5681746709e+00,4.166905e-07
1.2918999854e+08,2.5355283288e+01,4.5760513514e+00,9.199786e-07
1.2941471974e+08,2.5310147388e+01,4.5855596761e+00,8.418172e-07
1.2959944134e+08,2.5569324680e+01,4.5934348574e+00,7.045165e-07
1.2978416255e+08,2.4384914855e+01,4.6012383800e+00,5.916712e-07
1.3000888375e+08,2.5523331521e+01,4.6108104950e+00,5.984135e-07
1.3019360535e+08,2.4621080848e+01,4.6186284932e+00,6.143111e-07
1.3041832656e+08,2.5773875146e+01,4.6281877274e+00,6.105738e-07
1.3060304816e+08,2.1711838433e+01,4.6360291021e+00,7.460654e-07
1.3078776936e+08,2.5910992889e+01,4.6438730470e+00,7.780820e-07
1.3101249056e+08,2.5488556189e+01,4.6534908582e+00,9.001782e-07
1.3119721217e+08,2.5410311417e+01,4.6613338229e+00,8.507850e-07
1.3138193337e+08,2.4684015322e+01,4.6692985486e+00,7.251788e-07
1.3160665497e+08,2.5587494615e+01,4.6789845985e+00,7.879211e-07
1.3179137618e+08,2.5966299029e+01,4.6869841266e+00,6.190081e-07
1.3201609738e+08,2.5904925813e+01,4.6967897682e+00,6.367479e-07
1.3220081898e+08,2.4895165932e+01,4.7049694317e+00,5.887162e-07
1.3238554018e+08,2.6169871993e+01,4.7131601030e+00,7.553510e-07
1.3261026139e+08,2.4236763982e+01,4.7231935652e+00,6.678480e-07
1.3279498299e+08,2.5862610849e+01,4.7314977336e+00,9.373611e-07
1.3301970419e+08,2.5292199172e+01,4.7415846561e+00,9.758217e-07
1.3320442580e+08,2.6072240742e+01,4.7499334318e+00,2.952100e-07
1.3338914700e+08,2.3764491869e+01,4.7582402519e+00,7.992931e-07
1.3361386820e+08,2.6333809177e+01,4.7682709974e+00,8.554376e-07
1.3379858981e+08,2.5432935848e+01,4.7765231043e+00,6.494620e-07
1.3398331101e+08,2.6140506123e+01,4.7846340930e+00,5.962598e-07
1.3420803261e+08,2.5160130103e+01,4.7944882752e+00,5.849401e-07
1.3439275380e+08,2.5823323654e+01,4.8024656254e+00,6.656198e-07
1.3461747499e+08,2.6028692963e+01,4.8121544755e+00,6.318454e-07
1.3480219658e+08,2.3895056411e+01,4.8200312196e+00,9.658375e-07
1.3498691777e+08,2.5995736333e+01,4.8279295786e+00,2.730292e-07
1.3521163935e+08,2.5694089251e+01,4.8375207938e+00,5.751866e-07
1.3539636054e+08,2.5370137184e+01,4.8454889004e+00,8.519143e-07
1.3558108213e+08,2.6164961081e+01,4.8533929935e+00,6.459139e-07
1.3580580332e+08,2.6249794991e+01,4.8629222496e+00,6.832622e-07
1.3599052451e+08,2.4455425565e+01,4.8707216915e+00,5.745204e-07
1.3621524609e+08,2.5987079821e+01,4.8800722904e+00,5.864731e-07
1.3639996728e+08,2.5908633044e+01,4.8876841040e+00,6.429940e-07
1.3658468887e+08,2.5242457456e+01,4.8953154388e+00,9.512817e-07
1.3680941006e+08,2.6083985992e+01,4.9044583733e+00,8.059455e-07
1.3699413165e+08,2.5003804416e+01,4.9119809954e+00,5.749715e-07
1.3721885283e+08,2.5662519704e+01,4.9209748810e+00,7.535651e-07
1.3740357402e+08,2.6056311070e+01,4.9283509686e+00,8.908416e-07
1.3758829561e+08,2.5463543428e+01,4.9355695030e+00,6.916347e-07
1.3781301680e+08,2.5690299044e+01,4.9443233505e+00,7.307698e-07
1.3799773839e+08,2.5975287942e+01,4.9513632139e+00,5.994021e-07
1.3818245958e+08,2.5616243244e+01,4.9584015534e+00,6.439407e-07
1.3840718116e+08,2.4805438749e+01,4.9667641261e+00,5.968535e-07
1.3859190235e+08,2.6036532631e+01,4.9735632343e+00,7.664765e-07
1.3881662354e+08,2.3486009306e+01,4.9816245248e+00,7.363736e-07
1.3900134513e+08,2.6043712732e+01,4.9880761879e+00,8.200172e-07
1.3918606632e+08,2.5327842973e+01,4.9943685725e+00,9.807288e-07
1.3941078790e+08,2.4486939200e+01,5.0018913040e+00,6.562842e-08
1.3959550909e+08,2.6016259425e+01,5.0078638675e+00,7.272149e-07
1.3978023068e+08,2.5052751430e+01,5.0137084628e+00,5.926921e-07
1.4000495187e+08,2.4717250186e+01,5.0206921026e+00,6.045840e-07
1.4018967306e+08,2.5892959799e+01,5.0262210967e+00,6.152921e-07
1.4041439464e+08,2.4857971379e+01,5.0327767318e+00,6.087881e-07
1.4059911583e+08,2.5324603732e+01,5.0380821084e+00,7.245085e-07
1.4078383742e+08,2.5255713940e+01,5.0431703238e+00,9.360268e-07
1.4100855861e+08,2.5162468459e+01,5.0492527814e+00,8.763244e-07
1.4119328020e+08,2.4431026159e+01,5.0540257280e+00,1.022003e-07
1.4141800138e+08,2.5392520186e+01,5.0596666243e+00,5.090611e-08
1.4160272257e+08,2.4342588903e+01,5.0640456211e+00,7.723178e-07
1.4178744416e+08,2.5289870688e+01,5.0683090288e+00,6.318938e-07
1.4201216535e+08,2.4490059661e+01,5.0731573949e+00,6.616235e-07
1.4219688694e+08,2.4984157872e+01,5.0769930128e+00,5.937319e-07
1.4238160813e+08,2.2563077612e+01,5.0805875650e+00,6.970293e-07
1.4260632971e+08,2.4638629710e+01,5.0846053515e+00,6.366545e-07
1.4279105090e+08,2.2634200287e+01,5.0875839635e+00,8.420032e-07
1.4301577209e+08,2.4451118449e+01,5.0908045578e+00,8.255557e-07
1.4320049368e+08,2.4179965698e+01,5.0929992624e+00,1.173174e-07
1.4338521487e+08,2.2842775427e+01,5.0948076702e+00,8.097939e-07
1.4360993645e+08,2.3991461417e+01,5.0964129798e+00,9.290125e-07
1.4379465764e+08,2.3368423674e+01,5.0970602874e+00,6.903205e-07
1.4401937923e+08,2.2270390183e+01,5.0969356712e+00,7.275627e-07
1.4420410042e+08,2.2783417565e+01,5.0956516261e+00,6.019051e-07
1.4438882161e+08,2.1007596428e+01,5.0925470391e+00,6.342730e-07
1.4461354319e+08,2.2707130345e+01,5.0871781172e+00,6.021849e-07
1.4479826438e+08,2.1593444769e+01,5.0853207496e+00,8.208709e-07
1.4498298597e+08,2.3666652238e+01,5.0847749315e+00,3.400307e-07
1.4520770716e+08,2.1900535274e+01,5.0851950682e+00,8.957260e-07
1.4539242875e+08,2.3958606863e+01,5.0862368925e+00,9.131270e-07
1.4561714993e+08,2.3795550344e+01,5.0880746515e+00,7.887719e-07
1.4580187112e+08,2.4382862596e+01,5.0900715884e+00,7.337767e-07
1.4598659271e+08,2.3416989710e+01,5.0923542260e+00,5.913999e-07
1.4621131390e+08,2.5121956146e+01,5.0955976828e+00,6.267342e-07
1.4639603549e+08,2.2125101498e+01,5.0985303425e+00,6.079838e-07
1.4658075667e+08,2.5022452764e+01,5.1017216430e+00,8.181378e-07
1.4680547826e+08,2.5307639950e+01,5.1058356933e+00,6.967847e-07
1.4699019945e+08,2.1851862539e+01,5.1094687169e+00,9.307348e-07
1.4721492064e+08,2.5146142161e+01,5.1141112292e+00,9.326982e-07
1.4739964223e+08,2.5077267409e+01,5.1180747720e+00,7.478556e-07
1.4758436342e+08,2.4729580312e+01,5.1222489951e+00,7.535982e-07
1.4780908500e+08,2.5499513237e+01,5.1274524023e+00,8.706903e-07
1.4799380619e+08,2.2349499122e+01,5.1318875671e+00,6.329552e-07
1.4821852778e+08,2.5385026593e+01,5.1374256161e+00,6.732157e-07
1.4840324897e+08,2.4623166651e+01,5.1420356239e+00,5.721637e-07
1.4858797016e+08,2.5557065871e+01,5.1467694727e+00,6.850167e-07
1.4881269174e+08,2.2478054303e+01,5.1526051713e+00,6.372449e-07
1.4899741293e+08,2.6075975996e+01,5.1574917346e+00,9.852946e-07
1.4918213452e+08,2.4528864276e+01,5.1624152598e+00,6.768160e-07
1.4940685571e+08,2.5836992056e+01,5.1685434032e+00,3.399688e-07
1.4959157730e+08,2.5190084695e+01,5.1735959254e+00,8.993037e-07
1.4981629848e+08,2.5669432749e+01,5.1798850705e+00,8.991375e-07
1.5000101967e+08,2.4438988716e+01,5.1850683862e+00,6.563426e-07
1.5018574126e+08,2.5843458435e+01,5.1903547761e+00,5.741994e-07
1.5041046245e+08,2.5683776361e+01,5.1967963363e+00,5.891137e-07
1.5059518404e+08,2.1355715643e+01,5.2021758399e+00,6.387911e-07
1.5081990522e+08,2.5828062569e+01,5.2087470997e+00,6.094392e-07
1.5100462681e+08,2.5951878120e+01,5.2141417167e+00,8.550540e-07
1.5118934800e+08,2.5409794021e+01,5.2196397884e+00,2.016320e-07
1.5141406919e+08,2.6093255550e+01,5.2263487626e+00,6.672592e-07
1.5159879078e+08,2.3298600744e+01,5.2319466813e+00,9.089113e-07
1.5178351196e+08,2.6400730252e+01,5.2375650275e+00,6.681666e-07
1.5200823355e+08,2.5179302833e+01,5.2444335568e+00,7.518279e-07
1.5219295474e+08,2.6459123718e+01,5.2501682562e+00,5.837307e-07
1.5241767633e+08,2.4634136838e+01,5.2571406992e+00,5.949503e-07
1.5260239752e+08,2.6203792988e+01,5.2629429187e+00,6.123982e-07
1.5278711870e+08,2.4165953893e+01,5.2687376185e+00,8.133077e-07
1.5301184029e+08,2.6312213975e+01,5.2758556847e+00,7.379543e-07
1.5319656148e+08,2.5884280885e+01,5.2816928191e+00,6.693303e-07
1.5338128307e+08,2.6585561928e+01,5.2876192351e+00,8.911870e-07
1.5360600426e+08,2.5034951830e+01,5.2948043125e+00,9.513703e-07
1.5379072585e+08,2.6672629639e+01,5.3007917241e+00,7.571171e-07
1.5401544703e+08,2.5957647385e+01,5.3081151084e+00,7.788970e-07
1.5420016822e+08,2.5860437847e+01,5.3142663359e+00,6.066761e-07
1.5438488981e+08,2.6935313379e+01,5.3204368767e+00,6.145347e-07
1.5460961100e+08,2.6623384011e+01,5.3280200134e+00,5.997386e-07
1.5479433259e+08,2.4362927776e+01,5.3343447870e+00,7.201859e-07
1.5501905377e+08,2.6935072640e+01,5.3420286988e+00,6.823889e-07
1.5520377536e+08,2.4677016447e+01,5.3483658224e+00,9.321465e-07
1.5538849655e+08,2.6702812958e+01,5.3547706598e+00,6.013725e-07
1.5561321774e+08,2.5978589833e+01,5.3625400091e+00,2.487587e-08
1.5579793933e+08,2.6615060572e+01,5.3689710884e+00,7.801907e-07
1.5598266051e+08,2.5539000504e+01,5.3753326226e+00,6.074838e-07
1.5620738210e+08,2.7046596546e+01,5.3831134312e+00,6.670214e-07
1.5639210329e+08,2.5297536981e+01,5.3895268385e+00,6.088055e-07
1.5661682488e+08,2.7013031678e+01,5.3973103237e+00,6.020272e-07
1.5680154607e+08,2.3580731395e+01,5.4037403061e+00,6.715115e-07
1.5698626725e+08,2.6856857991e+01,5.4101932362e+00,8.803240e-07
1.5721098884e+08,2.4681338984e+01,5.4180593374e+00,8.031180e-07
1.5739571003e+08,2.6803018963e+01,5.4245347642e+00,4.746538e-08
1.5758043162e+08,2.6397853455e+01,5.4311006674e+00,7.886138e-07
1.5780515281e+08,2.7365959601e+01,5.4390951240e+00,8.885793e-07
1.5798987439e+08,2.6395557820e+01,5.4456853942e+00,6.803809e-07
1.5821459558e+08,2.3988490216e+01,5.4537428999e+00,7.187486e-07
1.5839931677e+08,2.7095497391e+01,5.4603730387e+00,5.904680e-07
1.5858403836e+08,2.6893736081e+01,5.4669632327e+00,6.307096e-07
1.5880875955e+08,2.3515873738e+01,5.4750458809e+00,6.208215e-07
1.5899348114e+08,2.7195656357e+01,5.4817337436e+00,7.981001e-07
1.5921820232e+08,2.4148492751e+01,5.4899322215e+00,7.757364e-07
1.5940292391e+08,2.7486585922e+01,5.4967196526e+00,8.415840e-07
1.5958764510e+08,2.3269718393e+01,5.5035249677e+00,9.332555e-07
1.5981236629e+08,2.7175479319e+01,5.5118489252e+00,8.456228e-07
1.5999708788e+08,2.6822878112e+01,5.5187359832e+00,7.229017e-07
1.6018180906e+08,2.7011565447e+01,5.5255948879e+00,5.956748e-07
1.6040653065e+08,2.7013102776e+01,5.5340546015e+00,6.265600e-07
1.6059125184e+08,2.7293119465e+01,5.5409893192e+00,6.153626e-07
1.6081597343e+08,2.6701358291e+01,5.5495261038e+00,5.860363e-07
1.6100069462e+08,2.7362614350e+01,5.5565138069e+00,7.435439e-07
1.6118541580e+08,2.7304139354e+01,5.5636028501e+00,8.423007e-07
1.6141013739e+08,2.6338679061e+01,5.5722129882e+00,9.099992e-07
1.6159485858e+08,2.7822678094e+01,5.5793665185e+00,8.692045e-07
1.6181958017e+08,2.7529266694e+01,5.5880743685e+00,1.708491e-07
1.6200430136e+08,2.7095387727e+01,5.5952903526e+00,8.213902e-07
1.6218902294e+08,2.6271637148e+01,5.6025774555e+00,6.181279e-07
1.6241374413e+08,2.7423574526e+01,5.6114738981e+00,6.531169e-07
1.6259846532e+08,2.7584650447e+01,5.6187856688e+00,5.861504e-07
1.6278318691e+08,2.7580790553e+01,5.6261887508e+00,7.252490e-07
1.6300790810e+08,2.7494965185e+01,5.6351422098e+00,6.672899e-07
1.6319262968e+08,2.7386671974e+01,5.6425672267e+00,9.199307e-07
1.6341735087e+08,2.7871152340e+01,5.6515298739e+00,9.256089e-07
1.6360207246e+08,2.7329732429e+01,5.6589437948e+00,4.429266e-07
1.6378679365e+08,2.7441985456e+01,5.6662816642e+00,8.749257e-07
1.6401151484e+08,2.7791983991e+01,5.6752779025e+00,9.263244e-07
1.6419623642e+08,2.6605970401e+01,5.6826420373e+00,6.565261e-07
1.6438095761e+08,2.8012679234e+01,5.6900569120e+00,5.795634e-07
1.6460567920e+08,2.6661130410e+01,5.6990070605e+00,5.740950e-07
1.6479040039e+08,2.8103905848e+01,5.7063947381e+00,6.498679e-07
1.6501512198e+08,2.7401602591e+01,5.7153689252e+00,6.117176e-07
1.6519984317e+08,2.7519079178e+01,5.7226854042e+00,9.213220e-07
1.6538456435e+08,2.7890477439e+01,5.7300549200e+00,5.553942e-07
1.6560928594e+08,2.7936888496e+01,5.7389291890e+00,8.309173e-07
1.6579400713e+08,2.7467316778e+01,5.7461971986e+00,8.958246e-07
1.6601872872e+08,2.4992711006e+01,5.7549929304e+00,9.411008e-07
1.6620344991e+08,2.7634277085e+01,5.7621639231e+00,7.147852e-07
1.6638817149e+08,2.7812967741e+01,5.7692397771e+00,5.856577e-07
1.6661289268e+08,2.6731883008e+01,5.7778549856e+00,6.001395e-07
1.6679761387e+08,2.7728417174e+01,5.7848691246e+00,6.318015e-07
1.6698233546e+08,2.6998604379e+01,5.7918425120e+00,8.794590e-07
1.6720705665e+08,2.8125708705e+01,5.8003199503e+00,7.705261e-07
1.6739177823e+08,2.5295225002e+01,5.8072280574e+00,8.109200e-07
1.6761649942e+08,2.7925844174e+01,5.8156244750e+00,9.193509e-07
1.6780122101e+08,2.7357655897e+01,5.8225349615e+00,9.707275e-07
1.6798594220e+08,2.7684107877e+01,5.8293664208e+00,7.339152e-07
1.6821066339e+08,2.7472205562e+01,5.8377187509e+00,7.804056e-07
1.6839538497e+08,2.7693079020e+01,5.8445159065e+00,5.976274e-07
1.6858010616e+08,2.7813991109e+01,5.8513547811e+00,6.105886e-07
1.6880482775e+08,2.6882141639e+01,5.8595838563e+00,5.976360e-07
1.6898954894e+08,2.7788447850e+01,5.8663546377e+00,7.547038e-07
1.6921427053e+08,2.6078460843e+01,5.8745423194e+00,7.018395e-07
1.6939899171e+08,2.7972031152e+01,5.8812264788e+00,9.466604e-07
1.6958371290e+08,2.7458946440e+01,5.8878925251e+00,9.472941e-07
1.6980843449e+08,2.4899174900e+01,5.8960465942e+00,1.910852e-07
1.6999315568e+08,2.7806244992e+01,5.9027332602e+00,7.696190e-07
1.7021787727e+08,2.7730141706e+01,5.9108646683e+00,8.270404e-07
1.7040259845e+08,2.6435352150e+01,5.9176195295e+00,6.318914e-07
1.7058732004e+08,2.7902147548e+01,5.9243891764e+00,6.086896e-07
1.7081204123e+08,2.7657507518e+01,5.9326784635e+00,5.974921e-07
1.7099676242e+08,2.8057940993e+01,5.9395903866e+00,6.843968e-07
1.7118148401e+08,2.7769604204e+01,5.9464755912e+00,9.194307e-07
1.7140620520e+08,2.8134014744e+01,5.9549704100e+00,8.317844e-07
1.7159092678e+08,2.6555567776e+01,5.9619397997e+00,3.105844e-08
1.7181564797e+08,2.8148663680e+01,5.9705099931e+00,1.710552e-07
1.7200036956e+08,2.7123060416e+01,5.9775773350e+00,8.466046e-07
1.7218509075e+08,2.8233101035e+01,5.9847331459e+00,6.521209e-07
1.7240981194e+08,2.7013231314e+01,5.9934495015e+00,6.905545e-07
1.7259453352e+08,2.8706210162e+01,6.0006899753e+00,6.030809e-07
1.7281925471e+08,2.8016838987e+01,6.0095416631e+00,6.077971e-07
1.7300397630e+08,2.8121628423e+01,6.0167773523e+00,6.304687e-07
1.7318869749e+08,2.7807125570e+01,6.0240835361e+00,8.113788e-07
1.7341341908e+08,2.8354788536e+01,6.0329284994e+00,7.445473e-07
1.7359814026e+08,2.8137826991e+01,6.0401915280e+00,1.655991e-07
1.7378286145e+08,2.7948269628e+01,6.0475283110e+00,8.783396e-07
1.7400758304e+08,2.8384751369e+01,6.0564294615e+00,8.689497e-07
1.7419230423e+08,2.7501117629e+01,6.0637705901e+00,7.161974e-07
1.7441702582e+08,2.8296176958e+01,6.0727835384e+00,7.612202e-07
1.7460174700e+08,2.8518947061e+01,6.0801775592e+00,6.051461e-07
1.7478646859e+08,2.6776459357e+01,6.0876340188e+00,6.102738e-07
1.7501118978e+08,2.8702433522e+01,6.0967488433e+00,6.030518e-07
1.7519591097e+08,2.7398063276e+01,6.1042673757e+00,7.873118e-07
1.7538063256e+08,2.8819613916e+01,6.1117830573e+00,7.725667e-07
1.7560535374e+08,2.8131506463e+01,6.1210425860e+00,9.382595e-07
1.7579007533e+08,2.8961600524e+01,6.1286517726e+00,8.208061e-07
1.7601479652e+08,2.7467822772e+01,6.1380230629e+00,5.231644e-07
1.7619951811e+08,2.8770607763e+01,6.1457231608e+00,7.905917e-07
1.7638423930e+08,2.8849873810e+01,6.1534986092e+00,6.126433e-07
1.7660896049e+08,2.8619515330e+01,6.1629418496e+00,6.365615e-07
1.7679368207e+08,2.8854277911e+01,6.1708001471e+00,5.939966e-07
1.7701840326e+08,2.9220680861e+01,6.1803301875e+00,5.847565e-07
1.7720312485e+08,2.7549425032e+01,6.1882298290e+00,6.717639e-07
1.7738784604e+08,2.9176072931e+01,6.1961001083e+00,9.145517e-07
1.7761256763e+08,2.8984864634e+01,6.2056838717e+00,8.601813e-07
1.7779728881e+08,2.8526330995e+01,6.2136180580e+00,5.707375e-07
1.7798201000e+08,2.9295877860e+01,6.2215189090e+00,8.188049e-07
1.7820673159e+08,2.8137161985e+01,6.2311719214e+00,9.449878e-07
1.7839145278e+08,2.8856795367e+01,6.2391644119e+00,6.300191e-07
1.7861617437e+08,2.9143877195e+01,6.2488469077e+00,6.823966e-07
1.7880089555e+08,2.8679314305e+01,6.2568598988e+00,5.734382e-07
1.7898561714e+08,2.8913727822e+01,6.2648109859e+00,6.755100e-07
1.7921033833e+08,2.9288258117e+01,6.2745360270e+00,6.327856e-07
1.7939505952e+08,2.8794315942e+01,6.2824606207e+00,9.492787e-07
1.7961978111e+08,2.8869760988e+01,6.2921704262e+00,8.354084e-07
1.7980450229e+08,2.9395616416e+01,6.3000909927e+00,4.961357e-07
1.7998922388e+08,2.8645578647e+01,6.3080697819e+00,9.643385e-07
1.8021394507e+08,2.8998887955e+01,6.3177070512e+00,9.466396e-07
1.8039866666e+08,2.9308419354e+01,6.3256816016e+00,7.010732e-07
1.8058338785e+08,2.8754930818e+01,6.3335973449e+00,5.844813e-07
1.8080810903e+08,2.9136884643e+01,6.3432906501e+00,5.834532e-07
1.8099283062e+08,2.9340153381e+01,6.3511906433e+00,6.158763e-07
1.8121755181e+08,2.8611828386e+01,6.3608019494e+00,5.974015e-07
1.8140227340e+08,2.9391334020e+01,6.3687521020e+00,8.071478e-07
1.8158699459e+08,2.9221564404e+01,6.3766567946e+00,6.764202e-07
1.8181171617e+08,2.8043442863e+01,6.3863431119e+00,9.461500e-07
1.8199643736e+08,2.9758019422e+01,6.3942773837e+00,9.360339e-07
1.8218115855e+08,2.8552436503e+01,6.4022039127e+00,6.818600e-07
1.8240588014e+08,2.9435776633e+01,6.4119168738e+00,7.809584e-07
1.8259060133e+08,2.9235941373e+01,6.4198650231e+00,5.919384e-07
1.8281532292e+08,2.9385319464e+01,6.4296229431e+00,6.119401e-07
1.8300004410e+08,2.8854326280e+01,6.4376281630e+00,6.089896e-07
1.8318476569e+08,2.9513301809e+01,6.4457077061e+00,7.618587e-07
1.8340948688e+08,2.9328489520e+01,6.4555050368e+00,7.021540e-07
1.8359420807e+08,2.9610207234e+01,6.4636244084e+00,8.413160e-07
1.8381892966e+08,2.9464682666e+01,6.4734585342e+00,9.258192e-07
1.8400365084e+08,2.9676265829e+01,6.4816100725e+00,5.801204e-07
1.8418837243e+08,2.9055971974e+01,6.4897099759e+00,8.141186e-07
1.8441309362e+08,2.9421557940e+01,6.4995989925e+00,8.142756e-07
1.8459781521e+08,2.9835039945e+01,6.5076614443e+00,6.221885e-07
1.8478253640e+08,2.8599228747e+01,6.5157159530e+00,6.014105e-07
1.8500725758e+08,2.9211752436e+01,6.5255241819e+00,5.995687e-07
1.8519197917e+08,3.0040878272e+01,6.5335134253e+00,7.053384e-07
1.8541670036e+08,2.8068233804e+01,6.5432569188e+00,6.663673e-07
1.8560142195e+08,2.9692975629e+01,6.5512323096e+00,8.727138e-07
1.8578614314e+08,2.8819969387e+01,6.5592013901e+00,1.169374e-07
1.8601086472e+08,2.9633256498e+01,6.5689322757e+00,1.200282e-07
1.8619558591e+08,2.9466509916e+01,6.5768879201e+00,8.097012e-07
1.8638030710e+08,2.9993744707e+01,6.5849106556e+00,6.293117e-07
1.8660502869e+08,2.8681047924e+01,6.5946094320e+00,6.901009e-07
1.8678974988e+08,3.0101083805e+01,6.6026199613e+00,6.046887e-07
1.8701447146e+08,2.9169441579e+01,6.6123079639e+00,6.054759e-07
1.8719919265e+08,2.9650967175e+01,6.6203173428e+00,6.486345e-07
1.8738391424e+08,2.9865233102e+01,6.6282787913e+00,7.978264e-07
1.8760863543e+08,2.9791586054e+01,6.6380229314e+00,7.582951e-07
1.8779335662e+08,2.9280962742e+01,6.6459862316e+00,3.463319e-08
1.8801807821e+08,3.0318194186e+01,6.6557373227e+00,8.714210e-07
1.8820279939e+08,2.9595524263e+01,6.6637355170e+00,9.354289e-07
1.8838752098e+08,2.9303938438e+01,6.6718180756e+00,6.967890e-07
1.8861224217e+08,3.0365416021e+01,6.6816671615e+00,7.320954e-07
1.8879696376e+08,2.9894591414e+01,6.6897835470e+00,6.111752e-07
1.8898168495e+08,2.7713472873e+01,6.6979714768e+00,6.291904e-07
1.8920640653e+08,3.0510723182e+01,6.7080026553e+00,6.076664e-07
1.8939112772e+08,2.9168288405e+01,6.7162399459e+00,7.604678e-07
1.8961584891e+08,3.0416840849e+01,6.7263358357e+00,7.266119e-07
1.8980057050e+08,2.9711816121e+01,6.7346246767e+00,9.620445e-07
1.8998529169e+08,3.0136255934e+01,6.7429827781e+00,9.194502e-07
1.9021001327e+08,2.9860160366e+01,6.7531129228e+00,5.044269e-07
1.9039473446e+08,3.0278479386e+01,6.7614950000e+00,7.559758e-07
1.9061945605e+08,2.8313045102e+01,6.7716654015e+00,8.327160e-07
1.9080417724e+08,3.0730040870e+01,6.7800774061e+00,6.221570e-07
1.9098889843e+08,2.9177629223e+01,6.7884836340e+00,5.866708e-07
1.9121362001e+08,3.0619013673e+01,6.7987765549e+00,5.939497e-07
1.9139834120e+08,2.8970694177e+01,6.8072066093e+00,7.299870e-07
1.9158306279e+08,3.0429915671e+01,6.8156549425e+00,9.439535e-07
1.9180778398e+08,2.9035471467e+01,6.8259043753e+00,8.643036e-07
1.9199250517e+08,3.0454172208e+01,6.8342948122e+00,6.860248e-07
1.9221722675e+08,3.0260297684e+01,6.8444755929e+00,2.988824e-07
1.9240194794e+08,2.9666646598e+01,6.8528477315e+00,8.806871e-07
1.9258666953e+08,3.0011236021e+01,6.8612423161e+00,6.239661e-07
1.9281139072e+08,3.0557858772e+01,6.8714141340e+00,6.601999e-07
1.9299611231e+08,2.8388690448e+01,6.8797891692e+00,5.900635e-07
1.9318083350e+08,3.0484606561e+01,6.8882057699e+00,6.998264e-07
1.9340555508e+08,2.9631626779e+01,6.8984551188e+00,6.226099e-07
1.9359027627e+08,3.0866320328e+01,6.9069210471e+00,8.652141e-07
1.9381499746e+08,2.9604912767e+01,6.9171720155e+00,8.787402e-07
1.9399971905e+08,3.0997069850e+01,6.9256205525e+00,4.194934e-07
1.9418444024e+08,2.9310425497e+01,6.9340668755e+00,9.527591e-07
1.9440916182e+08,3.0682290107e+01,6.9443295720e+00,9.788008e-07
1.9459388301e+08,3.0108876101e+01,6.9528197937e+00,6.556982e-07
1.9481860460e+08,3.0787902423e+01,6.9631272435e+00,7.258544e-07
1.9500332579e+08,2.9516136082e+01,6.9716384879e+00,5.747308e-07
1.9518804698e+08,3.0841079243e+01,6.9801313516e+00,6.456105e-07
1.9541276856e+08,3.0618345894e+01,6.9905369962e+00,6.046023e-07
1.9559748975e+08,3.0332625182e+01,6.9990922192e+00,8.561642e-07
1.9578221134e+08,3.0660336401e+01,7.0077408814e+00,8.763273e-08
1.9600693253e+08,3.0900509520e+01,7.0182391247e+00,8.815594e-07
1.9619165412e+08,3.1053852240e+01,7.0268772380e+00,9.510249e-07
1.9641637530e+08,2.7331198900e+01,7.0374292672e+00,9.595965e-07
1.9660109649e+08,3.0848999519e+01,7.0461312204e+00,7.468891e-07
1.9678581808e+08,3.1274901671e+01,7.0548167897e+00,5.930758e-07
1.9701053927e+08,3.0234062232e+01,7.0654707149e+00,6.023481e-07
1.9719526086e+08,3.1203739383e+01,7.0742118094e+00,6.062677e-07
1.9741998204e+08,2.9456593917e+01,7.0849073931e+00,5.867622e-07
1.9760470363e+08,3.1130192264e+01,7.0936894417e+00,7.193813e-07
1.9778942482e+08,3.0837349331e+01,7.1025294499e+00,9.029573e-07
1.9801414601e+08,3.1104362943e+01,7.1132646478e+00,9.487961e-07
1.9819886760e+08,3.1121461055e+01,7.1221775059e+00,8.672430e-07
1.9838358879e+08,3.1009652347e+01,7.1310721827e+00,7.537970e-07
1.9860831037e+08,3.1249630767e+01,7.1419908316e+00,8.481679e-07
1.9879303156e+08,3.1051487681e+01,7.1509437267e+00,6.109093e-07
1.9901775315e+08,3.1828311251e+01,7.1619229432e+00,6.484987e-07
1.9920247434e+08,3.0049709957e+01,7.1709753210e+00,6.044001e-07
1.9938719553e+08,3.1558528875e+01,7.1800299691e+00,7.251704e-07
1.9961191711e+08,3.0897383036e+01,7.1910999099e+00,6.761133e-07
1.9979663830e+08,3.1447905220e+01,7.2001522467e+00,9.215551e-07
2.0000000029e+08,3.0779704804e+01,7.2101161426e+00,6.244021e-07
2.0020608108e+08,2.8912588514e+01,7.2202177461e+00,9.808763e-08
2.0039080267e+08,3.1296678513e+01,7.2292558394e+00,8.336408e-07
2.0061552385e+08,3.1750743318e+01,7.2402031251e+00,8.535276e-07
2.0080024504e+08,2.7826511928e+01,7.2492311603e+00,6.434572e-07
2.0098496663e+08,3.1602432970e+01,7.2582990963e+00,5.819234e-07
2.0120968782e+08,3.1619570365e+01,7.2693777861e+00,6.036162e-07
2.0139440941e+08,3.1411654972e+01,7.2785906594e+00,6.633866e-07
2.0161913059e+08,3.1161745436e+01,7.2898041301e+00,6.311896e-07
2.0180385218e+08,3.2233806218e+01,7.2991228275e+00,7.634217e-07
2.0198857337e+08,3.0631807648e+01,7.3084999737e+00,1.651515e-08
2.0221329456e+08,3.2101060994e+01,7.3199644425e+00,3.962076e-07
2.0239801615e+08,3.0397027407e+01,7.3294929014e+00,8.851166e-07
2.0258273734e+08,3.2115854525e+01,7.3390563652e+00,6.703729e-07
2.0280745892e+08,3.1419758145e+01,7.3508040313e+00,7.348566e-07
2.0299218011e+08,3.1880961523e+01,7.3604806205e+00,6.092094e-07
2.0321690170e+08,3.2203834536e+01,7.3723640837e+00,6.147872e-07
2.0340162289e+08,3.1483258123e+01,7.3821251861e+00,5.961431e-07
2.0358634408e+08,3.2029323309e+01,7.3919440730e+00,7.558284e-07
2.0381106566e+08,3.2322043053e+01,7.4038347798e+00,7.328174e-07
2.0399578685e+08,3.1218099907e+01,7.4135952919e+00,6.530639e-07
2.0418050844e+08,3.1969254940e+01,7.4233574515e+00,9.298735e-07
2.0440522963e+08,3.2436260896e+01,7.4351471099e+00,6.627745e-07
2.0458995122e+08,3.0606450453e+01,7.4448168841e+00,7.493938e-07
2.0481467240e+08,3.1895565935e+01,7.4565804795e+00,7.860462e-07
2.0499939359e+08,3.2564083803e+01,7.4661697780e+00,6.087792e-07
2.0518411518e+08,3.0005174332e+01,7.4757595559e+00,6.028848e-07
2.0540883637e+08,3.2261519553e+01,7.4873658510e+00,6.002732e-07
2.0559355796e+08,3.2222436014e+01,7.4969175682e+00,7.085992e-07
2.0581827914e+08,3.1997716213e+01,7.5084609623e+00,6.646184e-07
2.0600300073e+08,3.2282603074e+01,7.5179750328e+00,8.423684e-07
2.0618772192e+08,3.2177682563e+01,7.5274180466e+00,6.454869e-07
2.0641244311e+08,3.1974712312e+01,7.5389417450e+00,3.317134e-07
2.0659716470e+08,3.2181322466e+01,7.5483533633e+00,8.295292e-07
2.0678188589e+08,3.2372190416e+01,7.5578036348e+00,6.224651e-07
2.0700660747e+08,2.9314124977e+01,7.5692831155e+00,6.518680e-07
2.0719132866e+08,3.2784363642e+01,7.5786899189e+00,5.858185e-07
2.0741605025e+08,3.0900384455e+01,7.5901106136e+00,5.846091e-07
2.0760077144e+08,3.2375790507e+01,7.5995055419e+00,6.534415e-07
2.0778549263e+08,3.2524156796e+01,7.6088395467e+00,8.874891e-07
2.0801021421e+08,3.1026679943e+01,7.6202275215e+00,8.302224e-07
2.0819493540e+08,3.2605243375e+01,7.6295496577e+00,3.032889e-07
2.0841965699e+08,3.2574348030e+01,7.6408801769e+00,4.439534e-07
2.0860437818e+08,3.1144830601e+01,7.6502231907e+00,9.921601e-07
2.0878909977e+08,3.2814989832e+01,7.6595494786e+00,6.647564e-07
2.0901382095e+08,3.2264797659e+01,7.6708890917e+00,7.082524e-07
2.0919854214e+08,3.2362266225e+01,7.6802382782e+00,5.859088e-07
2.0938326373e+08,3.1821953330e+01,7.6895331057e+00,6.646131e-07
2.0960798492e+08,3.2714191983e+01,7.7008864909e+00,6.192486e-07
2.0979270651e+08,2.8530670178e+01,7.7102180646e+00,8.380870e-07
2.1001742769e+08,3.3004455552e+01,7.7215972580e+00,7.920969e-07
2.1020214928e+08,3.1562133433e+01,7.7309403277e+00,9.055301e-07
2.1038687047e+08,3.2931928814e+01,7.7403375743e+00,9.854023e-07
2.1061159166e+08,3.1052634747e+01,7.7517762072e+00,9.583546e-07
2.1079631325e+08,3.2663572526e+01,7.7611859038e+00,6.956987e-07
2.1098103444e+08,3.2336490643e+01,7.7706597336e+00,5.700572e-07
2.1120575602e+08,3.2984104507e+01,7.7821848881e+00,5.942076e-07
2.1139047721e+08,3.1748037280e+01,7.7916871928e+00,6.274130e-07
2.1161519880e+08,3.2765107379e+01,7.8032887261e+00,6.009683e-07
2.1179991999e+08,3.2865994019e+01,7.8127862737e+00,7.623009e-07
2.1198464118e+08,3.1376659611e+01,7.8223098340e+00,7.975782e-07
2.1220936276e+08,3.3377830997e+01,7.8338739477e+00,9.189436e-07
2.1239408395e+08,3.2673258502e+01,7.8433772436e+00,9.271016e-07
2.1261880554e+08,3.1572457896e+01,7.8550013983e+00,3.082087e-07
2.1280352673e+08,3.3359027679e+01,7.8645421917e+00,8.081700e-07
2.1298824832e+08,2.9217929453e+01,7.8741102357e+00,6.085942e-07
2.1321296950e+08,3.3220709836e+01,7.8857862316e+00,6.250185e-07
2.1339769069e+08,3.2441210099e+01,7.8954402034e+00,5.910022e-07
2.1358241228e+08,3.3179483965e+01,7.9050866902e+00,7.130732e-07
2.1380713347e+08,2.8438781079e+01,7.9168743023e+00,6.903936e-07
2.1399185506e+08,3.3224930764e+01,7.9265880727e+00,9.291252e-07
2.1421657624e+08,3.0521152730e+01,7.9384431675e+00,8.806614e-07
2.1440129783e+08,3.3650221539e+01,7.9482229241e+00,2.215793e-07
2.1458601902e+08,3.2445235691e+01,7.9580342907e+00,8.337846e-07
2.1481074021e+08,3.3415627116e+01,7.9699248240e+00,8.318681e-07
2.1499546180e+08,3.1573827038e+01,7.9796936486e+00,6.299542e-07
2.1518018299e+08,3.3167148014e+01,7.9894752999e+00,5.977720e-07
2.1540490457e+08,3.3529586044e+01,8.0013220232e+00,6.021304e-07
2.1558962576e+08,3.2105547407e+01,8.0110904202e+00,6.840259e-07
2.1581434735e+08,3.3346224299e+01,8.0229466442e+00,6.270410e-07
2.1599906854e+08,3.2941827903e+01,8.0326848822e+00,8.042243e-07
2.1618378973e+08,3.3086408220e+01,8.0424749021e+00,1.144197e-07
2.1640851131e+08,3.3457619396e+01,8.0543411585e+00,3.551944e-07
2.1659323250e+08,3.1840734456e+01,8.0641147307e+00,8.533881e-07
2.1681795409e+08,3.3543555517e+01,8.0759593740e+00,9.018387e-07
2.1700267528e+08,3.2690553512e+01,8.0856927607e+00,7.005085e-07
2.1718739687e+08,3.3636084440e+01,8.0953566498e+00,6.011279e-07
2.1741211805e+08,3.2365037046e+01,8.1070939730e+00,6.048170e-07
2.1759683924e+08,3.3802766420e+01,8.1166563670e+00,6.230648e-07
2.1778156083e+08,3.0832480951e+01,8.1261864704e+00,7.615747e-07
2.1800628202e+08,3.3420516786e+01,8.1377289570e+00,7.376714e-07
2.1819100361e+08,3.2413386787e+01,8.1471697170e+00,3.951078e-07
2.1841572479e+08,3.3527614304e+01,8.1585704311e+00,9.496039e-07
2.1860044638e+08,3.0905845288e+01,8.1679186417e+00,8.284456e-07
2.1878516757e+08,3.3721150872e+01,8.1772262952e+00,7.311359e-07
2.1900988876e+08,3.3302730519e+01,8.1884709751e+00,7.677122e-07
2.1919461035e+08,3.1283007609e+01,8.1976996057e+00,6.233822e-07
2.1941933153e+08,3.3779920438e+01,8.2088905120e+00,6.307270e-07
2.1960405312e+08,3.2896490462e+01,8.2180224196e+00,5.916359e-07
2.1978877431e+08,3.3510845855e+01,8.2271630201e+00,7.235669e-07
2.2001349590e+08,3.3582653575e+01,8.2381795098e+00,6.736219e-07
2.2019821709e+08,3.1840212619e+01,8.2472284980e+00,9.708794e-07
2.2038293828e+08,3.3840480972e+01,8.2562180127e+00,8.482727e-07
2.2060765986e+08,3.1582271780e+01,8.2671397900e+00,3.290815e-07
2.2079238105e+08,3.3436133599e+01,8.2760638853e+00,7.771632e-07
2.2101710264e+08,3.3069759038e+01,8.2869189494e+00,8.827462e-07
2.2120182383e+08,3.3339408242e+01,8.2957880485e+00,6.477254e-07
2.2138654542e+08,3.1783326057e+01,8.3046809635e+00,5.995273e-07
2.2161126660e+08,3.3743567060e+01,8.3154545818e+00,5.964826e-07
2.2179598779e+08,3.1065965363e+01,8.3242986314e+00,7.042109e-07
2.2198070938e+08,3.3815569598e+01,8.3331154502e+00,8.963519e-07
2.2220543057e+08,3.2668140383e+01,8.3438842983e+00,8.252141e-07
2.2239015216e+08,3.3529570121e+01,8.3527234375e+00,8.693938e-08
2.2261487334e+08,3.3414804504e+01,8.3634854410e+00,4.521055e-07
2.2279959493e+08,3.2170679385e+01,8.3723780086e+00,9.798388e-07
2.2298431612e+08,3.3629264965e+01,8.3812552734e+00,6.428687e-07
2.2320903731e+08,3.3742451618e+01,8.3920429154e+00,6.725275e-07
2.2339375890e+08,3.3014759832e+01,8.4009335956e+00,5.740904e-07
2.2361848008e+08,3.3624184770e+01,8.4116729335e+00,5.814149e-07
2.2380320167e+08,3.2449026105e+01,8.4205078111e+00,6.325689e-07
2.2398792286e+08,3.3549014414e+01,8.4293000796e+00,8.578183e-07
2.2421264445e+08,2.9781338322e+01,8.4399901247e+00,7.977501e-07
2.2439736564e+08,3.3767603272e+01,8.4487628335e+00,1.080507e-07
2.2458208683e+08,3.2971462459e+01,8.4575488885e+00,9.801178e-07
2.2480680841e+08,3.3861243323e+01,8.4681639267e+00,9.548675e-07
2.2499152960e+08,3.2938439239e+01,8.4769028978e+00,6.543222e-07
2.2521625119e+08,3.3693727150e+01,8.4874552564e+00,7.429262e-07
2.2540097238e+08,3.2796900065e+01,8.4961350436e+00,5.940015e-07
2.2558569397e+08,3.3526397176e+01,8.5047678964e+00,6.273076e-07
2.2581041515e+08,3.3596761993e+01,8.5152751790e+00,5.972724e-07
2.2599513634e+08,3.3465976293e+01,8.5238268473e+00,8.037384e-07
2.2621985793e+08,3.2438146070e+01,8.5342187358e+00,7.195623e-07
2.2640457912e+08,3.3938405303e+01,8.5426799402e+00,9.021309e-07
2.2658930071e+08,3.3542654812e+01,8.5510976669e+00,9.298777e-07
2.2681402189e+08,3.2506876738e+01,8.5612982698e+00,8.259799e-07
2.2699874348e+08,3.3781580158e+01,8.5696959321e+00,7.953529e-07
2.2718346467e+08,3.3491670421e+01,8.5780470610e+00,5.935153e-07
2.2740818586e+08,3.2284689512e+01,8.5882323457e+00,6.057629e-07
2.2759290745e+08,3.4083745749e+01,8.5965753253e+00,6.024613e-07
2.2781762863e+08,3.0607293957e+01,8.6067474495e+00,5.958464e-07
2.2800235022e+08,3.3844234714e+01,8.6151102474e+00,7.060702e-07
2.2818707141e+08,3.2676368599e+01,8.6234759132e+00,8.991895e-07
2.2841179300e+08,3.3544549441e+01,8.6336112030e+00,9.025354e-07
2.2859651419e+08,3.3712990269e+01,8.6419702881e+00,5.749744e-07
2.2878123538e+08,3.3546742284e+01,8.6502656973e+00,7.802273e-07
2.2900595696e+08,3.3050560825e+01,8.6603941279e+00,8.928677e-07
2.2919067815e+08,3.4046590902e+01,8.6686697153e+00,6.245747e-07
2.2941539974e+08,3.3514821769e+01,8.6787573900e+00,6.531378e-07
2.2960012093e+08,3.3228508219e+01,8.6869947991e+00,5.888347e-07
2.2978484252e+08,3.4048804265e+01,8.6952570136e+00,6.753661e-07
2.3000956370e+08,3.3169452720e+01,8.7052292963e+00,6.543784e-07
2.3019428489e+08,3.3306525832e+01,8.7134299885e+00,8.827639e-07
2.3041900648e+08,3.4027891393e+01,8.7233035354e+00,7.723793e-07
2.3060372767e+08,3.3601022412e+01,8.7313622482e+00,4.233979e-08
2.3078844926e+08,3.2703989884e+01,8.7393696925e+00,8.566560e-07
2.3101317044e+08,3.3884018874e+01,8.7490953250e+00,8.717069e-07
2.3119789203e+08,3.3414209219e+01,8.7569930320e+00,6.863623e-07
2.3138261322e+08,3.3300155570e+01,8.7648781734e+00,6.072316e-07
2.3160733441e+08,3.3726852631e+01,8.7743603009e+00,6.104160e-07
2.3179205600e+08,3.2001854989e+01,8.7821213518e+00,6.416197e-07
2.3201677718e+08,3.3869971787e+01,8.7914473933e+00,6.019535e-07
2.3220149877e+08,3.3364948999e+01,8.7990815835e+00,7.268654e-07
2.3238621996e+08,3.3062754364e+01,8.8066218265e+00,1.554260e-07
2.3261094155e+08,3.3817828570e+01,8.8157752380e+00,7.734347e-07
2.3279566274e+08,3.2988452672e+01,8.8232168315e+00,9.071005e-07
2.3298038393e+08,3.3780068087e+01,8.8306680247e+00,6.965099e-07
2.3320510551e+08,3.1925127983e+01,8.8396326794e+00,7.761664e-07
2.3338982670e+08,3.3554266321e+01,8.8469642889e+00,6.040024e-07
2.3361454829e+08,3.3278887907e+01,8.8557918571e+00,6.398043e-07
2.3379926948e+08,3.3320212430e+01,8.8629182539e+00,6.078160e-07
2.3398399107e+08,2.9360668099e+01,8.8699778580e+00,7.213244e-07
2.3420871225e+08,3.3456197477e+01,8.8784504728e+00,7.003610e-07
2.3439343344e+08,3.3139917914e+01,8.8852886677e+00,8.942626e-07
2.3461815503e+08,3.2684182337e+01,8.8934817344e+00,8.612952e-07
2.3480287622e+08,3.3217394513e+01,8.9001661099e+00,3.301187e-07
2.3498759781e+08,3.3022965590e+01,8.9067031436e+00,7.627580e-07
2.3521231899e+08,3.2429232842e+01,8.9145150556e+00,8.236318e-07
2.3539704058e+08,3.3023720147e+01,8.9208334199e+00,6.484216e-07
2.3558176177e+08,3.2498699922e+01,8.9269713768e+00,5.991581e-07
2.3580648296e+08,3.3070376996e+01,8.9342878214e+00,5.850811e-07
2.3599120455e+08,2.9494363486e+01,8.9401088392e+00,6.826851e-07
2.3621592573e+08,3.2573443619e+01,8.9469577865e+00,6.633608e-07
2.3640064732e+08,3.1708704379e+01,8.9523886907e+00,8.348167e-07
2.3658536851e+08,3.2236161110e+01,8.9575758406e+00,3.523674e-07
2.3681009010e+08,3.0556726300e+01,8.9635845185e+00,2.510906e-07
2.3699481129e+08,3.1916067494e+01,8.9681674013e+00,8.703816e-07
2.3721953247e+08,3.1300117596e+01,8.9732875288e+00,1.007219e-06
2.3740425406e+08,3.0464793702e+01,8.9769511959e+00,6.651415e-07
2.3758897525e+08,3.0738558979e+01,8.9800514347e+00,5.818307e-07
2.3781369684e+08,2.9289386055e+01,8.9824092661e+00,6.013921e-07
2.3799841803e+08,2.9619923244e+01,8.9825951444e+00,6.550111e-07
2.3818313961e+08,3.0624005383e+01,8.9845609690e+00,8.315501e-07
2.3840786080e+08,3.0773472131e+01,8.9882878394e+00,8.037972e-07
2.3859258199e+08,3.1714766120e+01,8.9920364689e+00,8.147909e-08
2.3881730358e+08,3.1964999431e+01,8.9971190819e+00,7.830957e-07
2.3900202477e+08,3.1842752522e+01,9.0016631478e+00,1.018508e-06
2.3918674636e+08,3.1997684782e+01,9.0065127452e+00,6.759330e-07
2.3941146754e+08,3.2442471393e+01,9.0126660710e+00,7.059182e-07
2.3959618913e+08,3.1957871888e+01,9.0179621145e+00,5.826721e-07
2.3978091032e+08,3.2528141919e+01,9.0233864844e+00,6.442483e-07
2.4000563151e+08,3.2708309799e+01,9.0302136888e+00,6.204492e-07
2.4019035310e+08,3.2569854021e+01,9.0359211988e+00,8.058333e-07
2.4041507428e+08,3.2940559127e+01,9.0430588739e+00,7.669752e-07
2.4059979587e+08,3.2961417158e+01,9.0489982020e+00,9.339675e-07
2.4078451706e+08,3.3398015942e+01,9.0550752841e+00,9.638275e-07
2.4100923865e+08,3.1324225742e+01,9.0625426211e+00,7.264182e-07
2.4119395984e+08,3.3571704377e+01,9.0687653383e+00,7.102991e-07
2.4141868102e+08,3.2231001721e+01,9.0763903091e+00,8.547281e-07
2.4160340261e+08,3.3352803268e+01,9.0826566894e+00,6.123685e-07
2.4178812380e+08,3.2807687526e+01,9.0889394742e+00,6.237953e-07
2.4201284539e+08,3.3308940061e+01,9.0966392202e+00,5.877144e-07
2.4219756658e+08,3.3349672427e+01,9.1029514220e+00,7.228327e-07
2.4238228816e+08,3.2790702086e+01,9.1093407719e+00,8.873695e-07
2.4260700935e+08,3.3458377784e+01,9.1171238829e+00,9.037551e-07
2.4279173054e+08,3.3617158994e+01,9.1235511797e+00,8.532953e-07
2.4301645213e+08,3.2391379122e+01,9.1314595715e+00,2.261502e-07
2.4320117332e+08,3.3575128916e+01,9.1380399012e+00,8.602091e-07
2.4338589490e+08,3.2992582873e+01,9.1446342737e+00,6.158562e-07
2.4361061609e+08,3.4111563186e+01,9.1527394350e+00,6.318956e-07
2.4379533768e+08,3.2601844787e+01,9.1594308245e+00,5.991818e-07
2.4398005887e+08,3.4177707957e+01,9.1661142464e+00,7.086536e-07
2.4420478006e+08,3.1150095403e+01,9.1742800818e+00,6.765404e-07
2.4438950165e+08,3.3915323915e+01,9.1809989730e+00,9.042868e-07
2.4461422283e+08,3.2261603123e+01,9.1892063211e+00,8.199046e-07
2.4479894442e+08,3.3837974763e+01,9.1959376780e+00,1.414906e-07
2.4498366561e+08,3.3853160630e+01,9.2027095241e+00,8.612076e-07
2.4520838720e+08,3.4152208509e+01,9.2109211048e+00,8.891373e-07
2.4539310839e+08,3.3073682735e+01,9.2177186459e+00,6.589078e-07
2.4561782957e+08,3.4155431043e+01,9.2259597946e+00,7.121964e-07
2.4580255116e+08,3.2550625676e+01,9.2327242673e+00,5.965544e-07
2.4598727235e+08,3.3868083063e+01,9.2394959990e+00,6.481833e-07
2.4621199394e+08,3.4025066216e+01,9.2476644767e+00,6.280301e-07
2.4639671513e+08,3.2574770063e+01,9.2544045112e+00,7.785074e-07
2.4658143671e+08,3.3988620717e+01,9.2611164228e+00,1.875731e-07
2.4680615790e+08,3.4164022358e+01,9.2692496798e+00,6.372449e-07
2.4699087909e+08,3.3268837981e+01,9.2759591343e+00,8.747203e-07
2.4721560068e+08,3.3896043513e+01,9.2840569076e+00,7.004629e-07
2.4740032187e+08,3.4120845688e+01,9.2907357798e+00,7.272123e-07
2.4758504345e+08,3.3585302479e+01,9.2973647321e+00,6.097893e-07
2.4780976464e+08,3.3985968406e+01,9.3054538865e+00,6.300723e-07
2.4799448623e+08,3.3983399168e+01,9.3120445687e+00,6.136511e-07
2.4821920742e+08,3.3320637699e+01,9.3200846844e+00,5.901804e-07
2.4840392861e+08,3.4192921406e+01,9.3266393505e+00,6.961007e-07
2.4858865019e+08,3.3811134260e+01,9.3332193811e+00,5.410813e-07
2.4881337138e+08,3.3491995034e+01,9.3411493979e+00,9.927124e-07
2.4899809297e+08,3.4353553032e+01,9.3476739163e+00,4.092066e-07
2.4918281416e+08,3.3745373753e+01,9.3541394912e+00,7.608529e-07
2.4940753575e+08,3.2874523694e+01,9.3620180243e+00,8.091320e-07
2.4959225693e+08,3.4361017424e+01,9.3684433045e+00,6.241177e-07
2.4981697812e+08,3.3219742548e+01,9.3762349833e+00,6.460372e-07
2.5000169971e+08,3.4127905651e+01,9.3826467426e+00,5.920386e-07
2.5018642090e+08,3.3960139959e+01,9.3889872566e+00,7.068660e-07
2.5041114249e+08,3.1497073040e+01,9.3966872299e+00,6.663545e-07
2.5059586368e+08,3.4342615499e+01,9.4029661512e+00,9.537840e-07
2.5078058526e+08,3.3419045516e+01,9.4092035864e+00,1.039839e-08
2.5100530645e+08,3.3908610316e+01,9.4168061176e+00,1.581816e-07
2.5119002764e+08,3.2711377396e+01,9.4230025632e+00,8.124760e-07
2.5141474923e+08,3.4059630931e+01,9.4305131805e+00,9.668759e-07
2.5159947042e+08,3.2577698445e+01,9.4366352339e+00,6.636546e-07
2.5178419200e+08,3.4196707592e+01,9.4427464626e+00,5.887586e-07
2.5200891319e+08,3.3348749192e+01,9.4501067362e+00,5.851937e-07
2.5219363478e+08,3.4234814248e+01,9.4561489214e+00,6.530185e-07
2.5241835597e+08,3.1438745298e+01,9.4634268006e+00,6.245916e-07
2.5260307716e+08,3.3886635051e+01,9.4693932922e+00,8.078827e-07
2.5278779874e+08,3.2809698500e+01,9.4753297393e+00,2.129130e-07
2.5301251993e+08,3.3697140570e+01,9.4825516816e+00,1.341816e-07
2.5319724152e+08,3.3922908125e+01,9.4884330876e+00,1.038011e-06
2.5338196271e+08,3.1037396538e+01,9.4943221093e+00,6.503738e-07
2.5360668430e+08,3.3889923123e+01,9.5014697395e+00,6.955457e-07
2.5379140548e+08,3.3614817791e+01,9.5073120914e+00,5.871635e-07
2.5401612667e+08,3.4095211956e+01,9.5144542168e+00,5.964120e-07
2.5420084826e+08,3.3882055423e+01,9.5202950292e+00,6.268569e-07
2.5438556945e+08,3.2546263929e+01,9.5261731671e+00,8.226760e-07
2.5461029104e+08,3.4321742218e+01,9.5333210416e+00,7.501579e-07
2.5479501222e+08,3.3003042246e+01,9.5392235567e+00,5.290321e-07
2.5501973381e+08,3.4090944163e+01,9.5463717894e+00,9.166488e-07
2.5520445500e+08,3.3721763236e+01,9.5522874040e+00,8.129038e-07
2.5538917619e+08,3.4045091265e+01,9.5581707900e+00,6.808098e-07
2.5561389778e+08,3.3438792287e+01,9.5653801140e+00,7.695516e-07
2.5579861896e+08,3.4047417275e+01,9.5712837409e+00,5.986916e-07
2.5598334055e+08,3.3876647091e+01,9.5772169783e+00,6.118836e-07
2.5620806174e+08,3.4122679152e+01,9.5843820666e+00,5.959849e-07
2.5639278333e+08,3.3786234736e+01,9.5903251721e+00,7.527331e-07
2.5661750452e+08,3.4233558738e+01,9.5975321809e+00,7.007782e-07
2.5680222571e+08,3.0689460886e+01,9.6035126621e+00,8.991030e-07
2.5698694729e+08,3.4093812233e+01,9.6095144046e+00,7.119801e-07
2.5721166848e+08,3.4555652403e+01,9.6168321653e+00,3.530052e-07
2.5739639007e+08,3.2436353107e+01,9.6229049094e+00,8.244584e-07
2.5758111126e+08,3.4341395757e+01,9.6289848633e+00,6.066975e-07
2.5780583285e+08,3.3832122853e+01,9.6364042849e+00,6.393407e-07
2.5799055403e+08,3.4212998074e+01,9.6425520241e+00,6.105732e-07
2.5821527522e+08,3.4207333718e+01,9.6500221736e+00,5.924051e-07
2.5839999681e+08,3.4694378974e+01,9.6562332104e+00,6.684901e-07
2.5858471800e+08,3.3763581881e+01,9.6624242479e+00,8.814889e-07
2.5880943959e+08,3.4720192854e+01,9.6700154369e+00,8.533885e-07
2.5899416077e+08,3.1655855507e+01,9.6762522766e+00,1.088087e-07
2.5921888236e+08,3.4547204226e+01,9.6838350797e+00,5.709951e-07
2.5940360355e+08,3.3381701559e+01,9.6900575457e+00,8.950512e-07
2.5958832474e+08,3.4598356394e+01,9.6962986226e+00,6.352563e-07
2.5981304633e+08,3.2472032106e+01,9.7039003256e+00,6.701782e-07
2.5999776751e+08,3.4940547262e+01,9.7101472074e+00,5.961857e-07
2.6018248910e+08,3.4076298893e+01,9.7164395387e+00,6.608257e-07
2.6040721029e+08,3.4774066617e+01,9.7240698929e+00,6.453636e-07
2.6059193188e+08,3.3917976334e+01,9.7303649786e+00,8.188296e-07
2.6081665307e+08,3.3993720818e+01,9.7380624482e+00,7.193720e-07
2.6100137425e+08,3.4979196336e+01,9.7443504260e+00,3.401831e-07
2.6118609584e+08,3.4090091213e+01,9.7506281688e+00,8.734176e-07
2.6141081703e+08,3.4386009896e+01,9.7583014234e+00,8.710819e-07
2.6159553862e+08,3.4992526520e+01,9.7645872056e+00,7.143158e-07
2.6178025981e+08,3.3553657956e+01,9.7709117846e+00,6.034599e-07
2.6200498140e+08,3.4784902838e+01,9.7785625508e+00,6.202313e-07
2.6218970258e+08,3.3589742714e+01,9.7848595743e+00,6.229789e-07
2.6241442377e+08,3.4769281355e+01,9.7924690598e+00,6.004336e-07
2.6259914536e+08,3.4816311729e+01,9.7987387978e+00,7.023397e-07
2.6278386655e+08,3.4080231379e+01,9.8049533822e+00,4.877121e-07
2.6300858814e+08,3.4697639154e+01,9.8125334669e+00,9.218483e-07
2.6319330932e+08,3.4607639710e+01,9.8187161936e+00,8.195140e-07
2.6341803091e+08,3.4918922862e+01,9.8262554598e+00,2.092252e-07
2.6360275210e+08,3.3080818121e+01,9.8324098855e+00,7.931308e-07
2.6378747329e+08,3.5190910977e+01,9.8385824663e+00,6.202826e-07
2.6401219488e+08,3.4205653015e+01,9.8461101400e+00,6.508122e-07
2.6419691606e+08,3.4923920801e+01,9.8522835850e+00,5.982794e-07
2.6438163765e+08,3.4190828417e+01,9.8584905503e+00,6.843518e-07
2.6460635884e+08,3.4397809249e+01,9.8660838557e+00,6.682502e-07
2.6479108043e+08,3.5196027884e+01,9.8723162770e+00,9.930994e-07
2.6501580162e+08,3.4834143615e+01,9.8799425056e+00,8.118631e-07
2.6520052280e+08,3.4515962226e+01,9.8862624946e+00,1.412697e-07
2.6538524439e+08,3.5345168008e+01,9.8925857108e+00,7.952993e-07
2.6560996558e+08,3.3999723152e+01,9.9003488021e+00,8.572658e-07
2.6579468717e+08,3.5065959099e+01,9.9067905101e+00,6.507260e-07
2.6601940836e+08,3.4307877817e+01,9.9146462027e+00,6.774294e-07
2.6620412994e+08,3.5416350429e+01,9.9211681679e+00,5.910517e-07
2.6638885113e+08,3.4754268742e+01,9.9277138328e+00,6.759207e-07
2.6661357232e+08,3.5441151289e+01,9.9356482959e+00,6.492361e-07
2.6679829391e+08,3.5116655101e+01,9.9422178624e+00,8.034103e-07
2.6698301510e+08,3.5313190124e+01,9.9487619482e+00,1.522069e-07
2.6720773668e+08,3.5390006798e+01,9.9567870174e+00,1.559166e-07
2.6739245787e+08,3.4657642488e+01,9.9633537483e+00,9.210551e-07
2.6761717946e+08,3.5659977223e+01,9.9713850650e+00,9.599695e-07
2.6780190065e+08,3.4755392929e+01,9.9780025963e+00,6.858913e-07
2.6798662184e+08,3.5397254612e+01,9.9845926812e+00,5.921031e-07
2.6821134343e+08,3.3440643130e+01,9.9926149396e+00,5.921494e-07
2.6839606461e+08,3.5395809274e+01,9.9992270282e+00,6.286225e-07
2.6858078620e+08,3.5478737759e+01,1.0005820717e+01,7.915602e-07
2.6880550739e+08,3.3640653818e+01,1.0013869039e+01,7.784537e-07
2.6899022898e+08,3.5371366466e+01,1.0020503261e+01,5.600737e-08
2.6921495017e+08,3.5479378095e+01,1.0028542200e+01,9.718214e-07
2.6939967135e+08,3.4103403534e+01,1.0035154777e+01,8.671376e-07
2.6958439294e+08,3.5377725991e+01,1.0041776983e+01,6.775289e-07
2.6980911413e+08,3.5205108837e+01,1.0049800147e+01,7.082615e-07
2.6999383572e+08,3.5747060599e+01,1.0056433315e+01,5.902944e-07
2.7021855691e+08,3.4243617680e+01,1.0064491661e+01,6.149718e-07
2.7040327849e+08,3.5875700576e+01,1.0071078314e+01,6.121205e-07
2.7058799968e+08,3.5291233596e+01,1.0077670395e+01,7.730263e-07
2.7081272087e+08,3.5525738553e+01,1.0085609947e+01,7.182057e-07
2.7099744246e+08,3.5193700595e+01,1.0092134830e+01,9.063034e-07
2.7118216365e+08,3.5330401976e+01,1.0098598997e+01,8.209977e-07
2.7140688523e+08,3.5697433123e+01,1.0106483666e+01,3.416621e-07
2.7159160642e+08,3.2587555629e+01,1.0112940176e+01,7.356024e-07
2.7181632801e+08,3.5549870407e+01,1.0120796338e+01,9.108401e-07
2.7200104920e+08,3.4302482978e+01,1.0127258808e+01,6.228211e-07
2.7218577039e+08,3.5699507012e+01,1.0133765588e+01,6.112034e-07
2.7241049197e+08,3.5385322761e+01,1.0141687921e+01,5.935051e-07
2.7259521316e+08,3.5419823221e+01,1.0148288614e+01,6.925577e-07
2.7281993475e+08,3.6065159736e+01,1.0156363479e+01,6.535670e-07
2.7300465594e+08,3.5656008720e+01,1.0163061825e+01,8.825142e-07
2.7318937753e+08,3.3206822838e+01,1.0169864965e+01,2.200116e-07
2.7341409872e+08,3.5963682533e+01,1.0178232993e+01,2.642661e-07
2.7359881990e+08,3.5896168833e+01,1.0185167978e+01,8.761009e-07
2.7378354149e+08,3.6249444896e+01,1.0192212884e+01,6.388834e-07
2.7400826268e+08,3.4460561599e+01,1.0200831781e+01,6.607102e-07
2.7419298427e+08,3.6632101359e+01,1.0208002928e+01,5.967531e-07
2.7441770546e+08,3.4527413466e+01,1.0216806452e+01,6.046015e-07
2.7460242704e+08,3.6440508391e+01,1.0224092766e+01,6.414588e-07
2.7478714823e+08,3.3981814558e+01,1.0231427104e+01,8.632036e-07
2.7501186942e+08,3.6658256667e+01,1.0240420844e+01,7.698080e-07
2.7519659101e+08,3.5905374792e+01,1.0247879424e+01,4.056324e-07
2.7538131220e+08,3.6759089224e+01,1.0255345857e+01,8.837124e-07
2.7560603378e+08,3.6355710404e+01,1.0264533168e+01,8.638911e-07
2.7579075497e+08,3.6909468356e+01,1.0272093972e+01,6.729986e-07
2.7601547656e+08,3.6462961616e+01,1.0281377278e+01,7.461253e-07
2.7620019775e+08,3.6724587604e+01,1.0289010843e+01,6.127466e-07
2.7638491894e+08,3.4984037344e+01,1.0296684139e+01,6.415433e-07
2.7660964052e+08,3.7150561824e+01,1.0306079240e+01,6.165748e-07
2.7679436171e+08,3.6840510969e+01,1.0313811141e+01,7.288149e-07
2.7701908330e+08,3.6532024560e+01,1.0323248989e+01,6.729318e-07
2.7720380449e+08,3.6738285675e+01,1.0331077359e+01,8.083561e-07
2.7738852608e+08,3.7034851040e+01,1.0338896299e+01,8.525997e-07
2.7761324726e+08,3.6655692921e+01,1.0348473818e+01,3.840567e-07
2.7779796845e+08,3.6898386327e+01,1.0356335372e+01,7.516171e-07
2.7798269004e+08,3.7109627752e+01,1.0364258482e+01,6.292692e-07
2.7820741123e+08,3.7225613337e+01,1.0373890095e+01,6.308709e-07
2.7839213282e+08,3.6859572050e+01,1.0381871764e+01,5.814986e-07
2.7861685400e+08,3.7426498823e+01,1.0391569637e+01,5.886031e-07
2.7880157559e+08,3.7210555014e+01,1.0399598512e+01,6.640936e-07
2.7898629678e+08,3.6813598206e+01,1.0407615725e+01,8.467656e-07
2.7921101797e+08,3.7803206693e+01,1.0417449516e+01,9.687462e-07
2.7939573956e+08,3.6395661347e+01,1.0425545204e+01,2.266402e-07
2.7958046075e+08,3.7544405387e+01,1.0433705461e+01,7.800981e-07
2.7980518233e+08,3.7760752531e+01,1.0443634207e+01,8.308284e-07
2.7998990352e+08,3.6960363941e+01,1.0451845399e+01,6.383567e-07
2.8021462511e+08,3.7691311052e+01,1.0461809831e+01,6.893896e-07
2.8039934630e+08,3.2830087763e+01,1.0470027740e+01,5.947345e-07
2.8058406749e+08,3.7437879006e+01,1.0478274223e+01,6.838579e-07
2.8080878907e+08,3.7906710192e+01,1.0488312061e+01,6.289978e-07
2.8099351026e+08,3.7019533165e+01,1.0496596076e+01,8.929254e-07
2.8121823185e+08,3.7528141123e+01,1.0506715883e+01,7.620219e-07
2.8140295304e+08,3.7485722277e+01,1.0515007510e+01,2.056485e-07
2.8158767463e+08,3.7810875024e+01,1.0523351344e+01,8.672731e-07
2.8181239581e+08,3.5461045600e+01,1.0533511637e+01,1.007006e-06
2.8199711700e+08,3.8266020513e+01,1.0541902958e+01,6.703485e-07
2.8218183859e+08,3.7066601641e+01,1.0550291130e+01,5.849804e-07
2.8240655978e+08,3.7925334738e+01,1.0560554917e+01,5.834124e-07
2.8259128137e+08,3.7419074686e+01,1.0568983670e+01,6.351533e-07
2.8281600255e+08,3.7964076506e+01,1.0579300176e+01,6.139485e-07
2.8300072414e+08,3.3422884912e+01,1.0587796564e+01,7.476738e-07
2.8318544533e+08,3.8101141173e+01,1.0596311315e+01,2.558997e-07
2.8341016652e+08,3.7388003181e+01,1.0606671270e+01,3.754226e-07
2.8359488811e+08,3.8212411310e+01,1.0615232498e+01,1.028353e-06
2.8381960929e+08,3.8098540161e+01,1.0625631176e+01,5.430308e-07
2.8400433088e+08,3.6878891721e+01,1.0634224836e+01,7.189158e-07
2.8418905207e+08,3.8616998902e+01,1.0642807043e+01,5.968623e-07
2.8441377366e+08,3.7731811286e+01,1.0653260299e+01,6.139415e-07
2.8459849485e+08,3.7678192226e+01,1.0661901910e+01,6.125906e-07
2.8478321604e+08,3.8586499720e+01,1.0670533880e+01,7.908444e-07
2.8500793762e+08,3.5667732793e+01,1.0681071910e+01,7.218847e-07
2.8519265881e+08,3.8731674754e+01,1.0689759733e+01,8.174684e-07
2.8541738040e+08,3.7661401142e+01,1.0700362912e+01,8.950605e-07
2.8560210159e+08,3.8384567446e+01,1.0709086722e+01,5.908249e-07
2.8578682318e+08,3.7472550999e+01,1.0717861081e+01,7.116116e-07
2.8601154436e+08,3.8655220482e+01,1.0728534542e+01,7.798954e-07
2.8619626555e+08,3.6591621697e+01,1.0737334639e+01,6.074769e-07
2.8638098714e+08,3.8921450336e+01,1.0746172137e+01,6.206062e-07
2.8660570833e+08,3.7092923582e+01,1.0756963185e+01,6.109771e-07
2.8679042992e+08,3.8966348397e+01,1.0765842247e+01,7.128826e-07
2.8701515110e+08,3.5232292081e+01,1.0776680420e+01,6.703256e-07
2.8719987269e+08,3.8658485768e+01,1.0785604964e+01,8.616564e-07
2.8738459388e+08,3.9018441073e+01,1.0794531052e+01,4.526003e-07
2.8760931507e+08,3.8279832818e+01,1.0805450923e+01,4.720966e-08
2.8779403666e+08,3.8817531244e+01,1.0814413888e+01,8.370307e-07
2.8801875784e+08,3.7914318146e+01,1.0825352167e+01,9.349178e-07
2.8820347943e+08,3.8940433150e+01,1.0834385248e+01,6.528895e-07
2.8838820062e+08,3.8788108192e+01,1.0843414275e+01,5.865993e-07
2.8861292221e+08,3.8238019685e+01,1.0854456279e+01,5.916779e-07
2.8879764340e+08,3.8991735823e+01,1.0863521126e+01,6.539304e-07
2.8898236459e+08,3.8386623485e+01,1.0872622592e+01,8.894164e-07
2.8920708617e+08,3.9251730101e+01,1.0883673783e+01,8.139564e-07
2.8939180736e+08,3.8826889082e+01,1.0892804348e+01,2.455297e-07
2.8961652895e+08,3.9273332178e+01,1.0903881038e+01,7.530213e-07
2.8980125014e+08,3.8618889636e+01,1.0913018752e+01,8.904048e-07
2.8998597173e+08,3.9174568235e+01,1.0922127766e+01,6.668937e-07
2.9021069291e+08,3.9095103729e+01,1.0933255000e+01,6.948268e-07
2.9039541410e+08,3.8923176247e+01,1.0942376247e+01,6.070060e-07
2.9058013569e+08,3.9137327476e+01,1.0951527894e+01,6.427716e-07
2.9080485688e+08,3.9581698232e+01,1.0962605505e+01,6.119622e-07
2.9098957847e+08,3.6994680036e+01,1.0971708550e+01,7.672339e-07
2.9121429965e+08,3.9030449406e+01,1.0982782609e+01,6.979340e-07
2.9139902124e+08,3.9539236905e+01,1.0991857732e+01,7.841883e-07
2.9158374243e+08,3.6888177218e+01,1.1000953254e+01,8.780290e-07
2.9180846362e+08,3.9512421131e+01,1.1012003619e+01,7.983357e-07
2.9199318521e+08,3.9096718390e+01,1.1021085055e+01,7.410726e-07
2.9221790639e+08,3.8650996451e+01,1.1032188942e+01,7.985674e-07
2.9240262798e+08,3.9776238183e+01,1.1041293288e+01,6.346825e-07
2.9258734917e+08,3.8672795502e+01,1.1050439122e+01,6.065368e-07
2.9281207076e+08,3.9132248701e+01,1.1061529884e+01,5.960664e-07
2.9299679195e+08,3.9654695109e+01,1.1070661095e+01,6.790477e-07
2.9318151314e+08,3.8614432122e+01,1.1079743960e+01,7.417272e-07
2.9340623472e+08,3.9356451802e+01,1.1090812317e+01,9.683218e-07
2.9359095591e+08,3.9415474212e+01,1.1099868328e+01,5.296997e-07
2.9381567750e+08,3.9180326761e+01,1.1110923051e+01,1.644246e-07
2.9400039869e+08,3.9176681339e+01,1.1119967519e+01,8.256288e-07
2.9418512028e+08,3.9533326181e+01,1.1129024662e+01,6.441395e-07
2.9440984146e+08,3.7965340058e+01,1.1139974169e+01,6.646296e-07
2.9459456265e+08,3.9773990236e+01,1.1148944217e+01,5.881730e-07
2.9481928424e+08,3.9426696541e+01,1.1159784391e+01,5.863143e-07
2.9500400543e+08,3.7470607168e+01,1.1168663481e+01,6.458418e-07
2.9518872702e+08,3.9528982382e+01,1.1177522550e+01,9.848538e-07
2.9541344820e+08,3.9346796309e+01,1.1188254103e+01,8.078937e-07
2.9559816979e+08,3.6062300593e+01,1.1197093747e+01,4.390185e-08
2.9578289098e+08,3.9653263477e+01,1.1205930349e+01,8.060948e-07
2.9600761217e+08,3.9078085955e+01,1.1216669307e+01,8.743522e-07
2.9619233376e+08,3.9468410723e+01,1.1225527488e+01,6.808838e-07
2.9641705494e+08,3.9599745799e+01,1.1236255064e+01,7.186900e-07
2.9660177653e+08,3.9443743138e+01,1.1245090333e+01,6.010612e-07
2.9678649772e+08,3.6657032423e+01,1.1253886759e+01,6.576074e-07
2.9701121931e+08,3.9596560914e+01,1.1264563084e+01,6.060716e-07
2.9719594050e+08,3.7208626293e+01,1.1273315669e+01,7.838209e-07
2.9738066169e+08,3.9782890934e+01,1.1282030116e+01,2.594122e-07
2.9760538327e+08,3.6734272175e+01,1.1292615910e+01,1.333379e-07
2.9779010446e+08,3.9832536111e+01,1.1301289798e+01,9.502229e-07
2.9801482605e+08,3.9667000063e+01,1.1311857254e+01,7.244938e-07
2.9819954724e+08,3.9041452618e+01,1.1320500308e+01,7.049686e-07
2.9838426883e+08,3.9671051588e+01,1.1329169861e+01,5.799587e-07
2.9860899001e+08,3.9657872091e+01,1.1339666563e+01,5.976799e-07
2.9879371120e+08,3.8623795067e+01,1.1348283461e+01,6.259697e-07
2.9901843279e+08,3.9438775041e+01,1.1358790365e+01,6.105951e-07
2.9920315398e+08,3.9620951147e+01,1.1367393146e+01,7.611053e-07
2.9938787557e+08,3.8586045461e+01,1.1375983909e+01,6.055129e-07
2.9961259675e+08,3.9692997336e+01,1.1386441103e+01,9.494278e-07
2.9979731834e+08,3.9605094813e+01,1.1395009397e+01,2.734028e-07
2.9998203953e+08,3.7572932244e+01,1.1403588848e+01,6.883949e-07
3.0020676072e+08,4.0017829347e+01,1.1414034014e+01,7.249734e-07
3.0039148231e+08,3.8708833138e+01,1.1422619225e+01,6.096625e-07
3.0061620349e+08,3.9538659981e+01,1.1433007844e+01,6.392921e-07
3.0080092508e+08,3.9789900721e+01,1.1441538080e+01,6.000170e-07
3.0098564627e+08,3.8922802065e+01,1.1449999152e+01,7.302161e-07
3.0121036786e+08,3.9821490334e+01,1.1460263257e+01,6.757846e-07
3.0139508905e+08,3.8952978225e+01,1.1468614305e+01,8.963759e-07
3.0161981023e+08,3.9589223138e+01,1.1478749524e+01,8.595083e-07
3.0180453182e+08,3.8952420297e+01,1.1487039719e+01,3.557760e-08
3.0198925301e+08,3.9355053359e+01,1.1495268889e+01,7.500808e-07
3.0221397460e+08,3.8991387217e+01,1.1505270935e+01,9.209938e-07
3.0239869579e+08,3.9704617137e+01,1.1513428089e+01,6.379082e-07
3.0258341738e+08,3.8105606079e+01,1.1521536658e+01,6.019374e-07
3.0280813856e+08,3.9580120968e+01,1.1531344612e+01,5.965510e-07
3.0299285975e+08,3.9300258123e+01,1.1539306501e+01,6.730893e-07
3.0321758134e+08,3.8287594255e+01,1.1548902668e+01,6.388288e-07
3.0340230253e+08,3.9229024259e+01,1.1556736324e+01,8.634355e-07
3.0358702412e+08,3.9279571198e+01,1.1564478072e+01,1.620776e-07
3.0381174530e+08,3.8650991605e+01,1.1573813935e+01,2.338740e-07
3.0399646689e+08,3.9387127727e+01,1.1581457040e+01,9.404341e-07
3.0418118808e+08,3.7928418048e+01,1.1589008495e+01,6.605663e-07
3.0440590927e+08,3.9210995522e+01,1.1598133419e+01,6.790121e-07
3.0459063086e+08,3.8746112982e+01,1.1605566653e+01,5.938781e-07
3.0481535204e+08,3.8879892760e+01,1.1614483260e+01,6.079094e-07
3.0500007363e+08,3.8574366454e+01,1.1621762718e+01,6.230764e-07
3.0518479482e+08,3.8835621452e+01,1.1628932840e+01,8.373623e-07
3.0540951641e+08,3.8456680865e+01,1.1637585023e+01,7.342096e-07
3.0559423760e+08,3.8487680111e+01,1.1644584888e+01,6.535218e-07
3.0581895878e+08,3.8755294315e+01,1.1653019315e+01,8.168682e-07
3.0600368037e+08,3.6806614887e+01,1.1659839418e+01,7.837786e-07
3.0618840156e+08,3.8874332513e+01,1.1666586892e+01,7.031042e-07
3.0641312315e+08,3.7717333972e+01,1.1674648529e+01,7.994521e-07
3.0659784434e+08,3.8542595558e+01,1.1681188474e+01,6.279080e-07
3.0678256593e+08,3.8319868948e+01,1.1687588733e+01,6.160137e-07
3.0700728711e+08,3.6314659868e+01,1.1695238483e+01,5.933835e-07
3.0719200830e+08,3.8287525268e+01,1.1701380651e+01,6.991365e-07
3.0741672989e+08,3.8233586920e+01,1.1708606720e+01,6.495731e-07
3.0760145108e+08,3.7399267395e+01,1.1714337718e+01,8.878064e-07
3.0778617267e+08,3.7522742744e+01,1.1719887438e+01,8.257214e-07
3.0801089385e+08,3.7134125001e+01,1.1726260602e+01,1.246615e-07
3.0819561544e+08,3.7037485452e+01,1.1731184311e+01,8.175554e-07
3.0838033663e+08,3.5203695351e+01,1.1735692566e+01,6.229214e-07
3.0860505782e+08,3.5877938840e+01,1.1740434619e+01,6.506881e-07
3.0878977941e+08,3.3925545255e+01,1.1743014579e+01,5.931329e-07
3.0901450059e+08,3.6473738951e+01,1.1746165370e+01,5.945736e-07
3.0919922218e+08,3.4518630782e+01,1.1750089403e+01,6.514172e-07
3.0938394337e+08,3.7492536739e+01,1.1754570660e+01,9.720750e-07
3.0960866496e+08,3.6842026277e+01,1.1760509287e+01,8.881517e-07
3.0979338615e+08,3.7607913888e+01,1.1765645023e+01,3.472809e-07
3.1001810733e+08,3.7246184156e+01,1.1772180969e+01,5.960645e-08
3.1020282892e+08,3.7876824977e+01,1.1777689571e+01,8.639477e-07
3.1038755011e+08,3.6724602832e+01,1.1783349445e+01,6.608903e-07
3.1061227170e+08,3.8635245162e+01,1.1790375567e+01,7.265579e-07
3.1079699289e+08,3.7557264510e+01,1.1796268764e+01,5.841157e-07
3.1098171448e+08,3.8023606874e+01,1.1802305548e+01,6.310310e-07
3.1120643566e+08,3.8744621008e+01,1.1809757297e+01,6.298808e-07
3.1139115685e+08,3.8468519360e+01,1.1815986444e+01,8.890913e-07
3.1161587844e+08,3.7194104518e+01,1.1823723707e+01,7.504491e-07
3.1180059963e+08,3.8895622704e+01,1.1830156219e+01,6.510071e-08
3.1198532122e+08,3.8376402202e+01,1.1836689764e+01,8.774033e-07
3.1221004240e+08,3.9025766784e+01,1.1844703041e+01,1.012138e-06
3.1239476399e+08,3.8692562549e+01,1.1851391539e+01,7.080200e-07
3.1261948518e+08,3.9049947517e+01,1.1859570018e+01,7.355638e-07
3.1280420637e+08,3.9003175393e+01,1.1866384569e+01,5.960980e-07
3.1298892796e+08,3.8964735015e+01,1.1873213092e+01,6.263789e-07
3.1321364914e+08,3.9408984559e+01,1.1881623673e+01,6.139562e-07
3.1339837073e+08,3.8716235577e+01,1.1888562529e+01,7.341418e-07
3.1358309192e+08,3.9282805590e+01,1.1895579291e+01,3.061210e-09
3.1380781351e+08,3.9288820599e+01,1.1904130476e+01,9.652802e-07
3.1399253470e+08,3.9218585410e+01,1.1911227770e+01,8.942154e-07
3.1421725588e+08,3.9312968790e+01,1.1919856916e+01,1.334437e-07
3.1440197747e+08,3.9332920502e+01,1.1927007892e+01,7.306966e-07
3.1458669866e+08,3.9559381178e+01,1.1934167402e+01,5.960473e-07
3.1481142025e+08,3.9299415262e+01,1.1942933899e+01,6.215506e-07
3.1499614144e+08,3.9187291371e+01,1.1950210775e+01,6.080007e-07
3.1518086303e+08,3.9665437647e+01,1.1957494034e+01,7.424984e-07
3.1540558421e+08,3.9272774297e+01,1.1966396109e+01,7.135565e-07
3.1559030540e+08,4.0060014078e+01,1.1973769784e+01,8.856910e-07
3.1581502699e+08,3.7357620884e+01,1.1982754093e+01,8.717791e-07
3.1599974818e+08,4.0265051523e+01,1.1990185175e+01,2.346954e-07
3.1618446977e+08,3.7119212591e+01,1.1997638709e+01,7.304721e-07
3.1640919095e+08,3.9959804714e+01,1.2006759181e+01,8.481067e-07
3.1659391254e+08,3.9440376668e+01,1.2014273141e+01,6.474280e-07
3.1681863373e+08,4.0144863179e+01,1.2023479600e+01,6.626548e-07
3.1700335492e+08,3.5491006668e+01,1.2031061403e+01,5.981945e-07
3.1718807651e+08,4.0400848752e+01,1.2038664066e+01,6.806844e-07
3.1741279769e+08,3.7012848401e+01,1.2047948306e+01,6.501280e-07
3.1759751928e+08,4.0580644589e+01,1.2055604099e+01,8.389415e-07
3.1778224047e+08,3.9561327040e+01,1.2063270305e+01,2.030874e-07
3.1800696206e+08,4.0055431912e+01,1.2072654422e+01,7.679502e-09
3.1819168325e+08,4.0519410223e+01,1.2080369877e+01,8.732211e-07
3.1841640443e+08,3.9583802416e+01,1.2089832406e+01,8.924362e-07
3.1860112602e+08,4.0443978152e+01,1.2097621349e+01,6.694767e-07
3.1878584721e+08,4.0540982367e+01,1.2105450506e+01,5.994515e-07
3.1901056880e+08,3.9492268995e+01,1.2115056244e+01,6.061101e-07
3.1919528999e+08,4.0700037631e+01,1.2122965430e+01,6.437316e-07
3.1938001158e+08,4.0250853698e+01,1.2130920358e+01,8.507971e-07
3.1960473276e+08,4.0400743669e+01,1.2140582710e+01,7.781795e-07
3.1978945395e+08,4.0734885038e+01,1.2148558398e+01,1.345167e-07
3.2001417554e+08,4.0776657908e+01,1.2158221667e+01,8.563689e-07
3.2019889673e+08,3.9798572924e+01,1.2166191136e+01,8.816007e-07
3.2038361832e+08,4.1086398994e+01,1.2174127492e+01,6.939089e-07
3.2060833950e+08,4.0222338920e+01,1.2183806084e+01,7.414146e-07
3.2079306109e+08,4.0615925574e+01,1.2191715962e+01,6.114425e-07
3.2101778228e+08,4.0874512612e+01,1.2201357402e+01,6.334130e-07
3.2120250347e+08,4.0618386558e+01,1.2209237367e+01,6.077988e-07
3.2138722506e+08,3.9538083210e+01,1.2217122069e+01,7.728808e-07
3.2161194624e+08,4.1084701818e+01,1.2226654015e+01,6.818080e-07
3.2179666783e+08,3.9773268141e+01,1.2234449723e+01,8.849275e-07
3.2198138902e+08,4.0966549777e+01,1.2242244254e+01,8.543796e-07
3.2220611061e+08,4.0736694479e+01,1.2251653279e+01,1.850793e-07
3.2239083180e+08,3.8632208643e+01,1.2259376903e+01,7.740600e-07
3.2261555298e+08,4.0913489106e+01,1.2268737708e+01,8.364380e-07
3.2280027457e+08,4.0251651010e+01,1.2276385300e+01,6.516578e-07
3.2298499576e+08,4.0536692183e+01,1.2284029109e+01,6.021614e-07
3.2320971735e+08,3.9762081583e+01,1.2293227189e+01,5.842644e-07
3.2339443854e+08,4.0556397686e+01,1.2300741533e+01,6.562768e-07
3.2361916012e+08,3.7348071559e+01,1.2309786894e+01,6.295517e-07
3.2380388131e+08,4.0840659596e+01,1.2317139312e+01,9.945949e-07
3.2398860250e+08,3.8916142304e+01,1.2324409558e+01,7.284642e-08
3.2421332409e+08,4.0569620906e+01,1.2333171441e+01,4.115003e-07
3.2439804528e+08,3.7354284742e+01,1.2340274130e+01,8.427554e-07
3.2458276687e+08,4.0225276445e+01,1.2347290989e+01,6.479823e-07
3.2480748805e+08,3.8988775046e+01,1.2355716941e+01,6.762766e-07
3.2499220964e+08,4.0068655881e+01,1.2362514409e+01,5.761669e-07
3.2521693083e+08,3.9407402225e+01,1.2370640452e+01,5.982571e-07
3.2540165202e+08,3.9791094005e+01,1.2377226321e+01,6.449013e-07
3.2558637361e+08,3.9694340865e+01,1.2383670630e+01,9.830157e-07
3.2581109479e+08,3.8365876672e+01,1.2391347249e+01,7.975464e-07
3.2599581638e+08,3.9858609542e+01,1.2397515982e+01,3.026681e-07
3.2618053757e+08,3.9083488128e+01,1.2403502357e+01,8.275997e-07
3.2640525916e+08,3.8515868866e+01,1.2410570921e+01,9.591419e-07
3.2658998035e+08,3.9221352506e+01,1.2416119667e+01,7.097525e-07
3.2681470153e+08,3.7420962452e+01,1.2422534371e+01,7.244912e-07
3.2699942312e+08,3.8543103390e+01,1.2427418773e+01,5.892281e-07
3.2718414431e+08,3.7587499438e+01,1.2431864256e+01,6.375434e-07
3.2740886590e+08,3.6373080545e+01,1.2436114014e+01,6.014972e-07
3.2759358709e+08,3.7323446725e+01,1.2438349875e+01,7.781971e-07
3.2781830867e+08,3.7848063725e+01,1.2443014606e+01,7.113525e-07
3.2800302986e+08,3.8526905123e+01,1.2447611995e+01,6.404082e-07
3.2818775105e+08,3.8037420726e+01,1.2452569289e+01,1.005551e-06
3.2841247264e+08,3.9034431706e+01,1.2459002399e+01,4.553253e-08
3.2859719383e+08,3.4988182686e+01,1.2464515943e+01,7.082998e-07
3.2878191541e+08,3.9386303646e+01,1.2470192405e+01,5.942538e-07
3.2900663660e+08,3.9286502990e+01,1.2477257267e+01,6.140679e-07
3.2919135819e+08,3.8033087648e+01,1.2483207179e+01,6.195927e-07
3.2941607938e+08,3.9834458660e+01,1.2490561186e+01,6.033106e-07
3.2960080057e+08,3.9558592385e+01,1.2496700847e+01,7.315068e-07
3.2978552216e+08,3.9924691448e+01,1.2502962568e+01,8.660447e-07
3.3001024334e+08,4.0102434184e+01,1.2510684134e+01,9.125863e-07
3.3019496493e+08,3.9589700269e+01,1.2517136072e+01,4.608343e-08
3.3041968612e+08,4.0536270257e+01,1.2525128974e+01,1.179859e-07
3.3060440771e+08,3.9675904534e+01,1.2531763211e+01,7.773053e-07
3.3078912890e+08,4.0746075292e+01,1.2538500100e+01,6.244991e-07
3.3101385008e+08,4.0002056192e+01,1.2546789298e+01,6.318568e-07
3.3119857167e+08,4.0440657205e+01,1.2553642665e+01,5.955886e-07
3.3138329286e+08,4.0309733334e+01,1.2560582827e+01,7.213994e-07
3.3160801445e+08,4.0830209633e+01,1.2569070040e+01,6.654928e-07
3.3179273564e+08,4.0267367647e+01,1.2576127260e+01,8.697646e-07
3.3201745722e+08,4.0820819925e+01,1.2584749859e+01,7.970746e-07
3.3220217841e+08,4.0884538672e+01,1.2591917527e+01,1.620500e-07
3.3238689960e+08,3.9587757540e+01,1.2599113201e+01,7.824712e-07
3.3261162119e+08,4.1261551115e+01,1.2607957117e+01,9.393887e-07
3.3279634238e+08,4.0844384563e+01,1.2615263823e+01,6.613242e-07
3.3298106396e+08,4.0333272692e+01,1.2622636570e+01,6.085938e-07
3.3320578515e+08,4.1438362814e+01,1.2631642138e+01,6.012331e-07
3.3339050674e+08,4.0890625844e+01,1.2639100592e+01,6.396716e-07
3.3361522793e+08,4.0436046322e+01,1.2648284417e+01,6.135045e-07
3.3379994912e+08,4.1519940396e+01,1.2655893667e+01,8.463749e-07
3.3398467070e+08,4.1337029506e+01,1.2663559792e+01,6.629009e-08
3.3420939189e+08,4.1268024504e+01,1.2672991322e+01,7.384248e-07
3.3439411348e+08,4.1570916346e+01,1.2680779965e+01,8.927706e-07
3.3461883467e+08,4.1714763621e+01,1.2690354492e+01,7.473474e-07
3.3480355626e+08,3.9345593732e+01,1.2698267937e+01,7.134353e-07
3.3498827744e+08,4.1815968631e+01,1.2706235448e+01,5.930415e-07
3.3521299863e+08,4.0447342764e+01,1.2715986528e+01,6.240405e-07
3.3539772022e+08,4.2148627924e+01,1.2724026398e+01,6.221706e-07
3.3558244141e+08,4.0544420687e+01,1.2732119106e+01,8.272459e-07
3.3580716300e+08,4.2368740693e+01,1.2741987733e+01,7.043280e-07
3.3599188419e+08,4.2018487135e+01,1.2750155726e+01,8.448940e-07
3.3621660577e+08,4.1143557047e+01,1.2760092603e+01,8.977273e-07
3.3640132696e+08,4.2511253547e+01,1.2768308149e+01,7.062879e-07
3.3658604815e+08,4.1655853699e+01,1.2776509024e+01,7.358999e-07
3.3681076974e+08,4.1785559272e+01,1.2786534042e+01,8.209444e-07
3.3699549093e+08,4.2570959796e+01,1.2794745980e+01,6.220230e-07
3.3718021251e+08,4.0573031974e+01,1.2802966057e+01,5.953551e-07
3.3740493370e+08,4.2115422846e+01,1.2812997290e+01,5.875586e-07
3.3758965529e+08,4.2517274593e+01,1.2821238782e+01,6.705763e-07
3.3781437648e+08,4.2080142126e+01,1.2831274508e+01,6.449193e-07
3.3799909767e+08,4.1491647053e+01,1.2839533617e+01,9.696469e-07
3.3818381925e+08,4.2421994633e+01,1.2847754607e+01,6.639251e-07
3.3840854044e+08,4.1851467967e+01,1.2857756171e+01,4.574555e-07
3.3859326203e+08,4.2116234415e+01,1.2865917709e+01,8.568465e-07
3.3881798322e+08,4.2435320099e+01,1.2875824903e+01,8.795169e-07
3.3900270481e+08,4.0835301650e+01,1.2883890844e+01,6.812687e-07
3.3918742599e+08,4.2448529771e+01,1.2891915257e+01,5.851111e-07
3.3941214718e+08,4.0894473448e+01,1.2901566213e+01,5.839773e-07
3.3959686877e+08,4.2482718493e+01,1.2909442377e+01,6.324532e-07
3.3978158996e+08,4.1471580476e+01,1.2917261402e+01,1.014066e-06
3.4000631155e+08,4.1753848134e+01,1.2926671449e+01,8.632707e-07
3.4019103273e+08,4.2125525591e+01,1.2934375138e+01,8.406049e-08
3.4041575432e+08,4.1829654348e+01,1.2943632517e+01,7.720616e-07
3.4060047551e+08,4.1345010027e+01,1.2951204125e+01,8.957025e-07
3.4078519670e+08,4.2180210016e+01,1.2958672209e+01,6.715189e-07
3.4100991829e+08,3.9207654932e+01,1.2967677335e+01,7.316652e-07
3.4119463947e+08,4.1738198556e+01,1.2974989830e+01,5.762892e-07
3.4141936106e+08,4.2111921701e+01,1.2983764455e+01,6.056235e-07
3.4160408225e+08,4.1217490310e+01,1.2990874701e+01,6.235762e-07
3.4178880384e+08,4.0488549859e+01,1.2997914978e+01,8.120104e-07
3.4201352503e+08,4.1749645420e+01,1.3006320234e+01,7.236613e-07
3.4219824622e+08,4.0145156421e+01,1.3013140427e+01,5.106842e-07
3.4238296780e+08,4.1561889516e+01,1.3019839881e+01,8.954426e-07
3.4260768899e+08,4.1238699560e+01,1.3027902518e+01,9.990636e-07
3.4279241058e+08,4.0747087134e+01,1.3034406577e+01,7.337067e-07
3.4301713177e+08,4.1137510980e+01,1.3042230040e+01,7.522511e-07
3.4320185336e+08,4.0612732820e+01,1.3048513990e+01,6.081671e-07
3.4338657454e+08,4.0921307287e+01,1.3054714787e+01,6.147516e-07
3.4361129573e+08,3.9798710996e+01,1.3062058232e+01,5.942737e-07
3.4379601732e+08,4.0545126189e+01,1.3067961933e+01,7.283944e-07
3.4398073851e+08,3.7572690320e+01,1.3073710260e+01,4.731281e-07
3.4420546010e+08,4.0441912082e+01,1.3080513370e+01,9.812669e-07
3.4439018128e+08,3.8112369815e+01,1.3085926033e+01,5.369665e-07
3.4461490287e+08,4.0344920698e+01,1.3092282667e+01,1.759363e-07
3.4479962406e+08,3.8726086709e+01,1.3097248056e+01,7.426820e-07
3.4498434525e+08,3.8846717980e+01,1.3101948384e+01,5.995106e-07
3.4520906684e+08,3.9145534710e+01,1.3107027597e+01,6.430784e-07
3.4539378802e+08,3.6093056028e+01,1.3110078607e+01,6.143075e-07
3.4561850961e+08,3.6648848875e+01,1.3113551305e+01,6.017894e-07
3.4580323080e+08,3.9741763734e+01,1.3117705086e+01,6.891450e-07
3.4598795239e+08,3.8249581728e+01,1.3122365638e+01,9.029332e-07
3.4621267358e+08,4.0296234085e+01,1.3128476253e+01,8.296351e-07
3.4639739476e+08,3.9439855181e+01,1.3133746426e+01,1.776552e-08
3.4658211635e+08,4.0466590039e+01,1.3139164642e+01,7.621291e-07
3.4680683754e+08,3.6990927426e+01,1.3145955682e+01,8.579756e-07
3.4699155913e+08,4.0762525236e+01,1.3151660546e+01,6.508802e-07
3.4721628032e+08,3.8630901888e+01,1.3158747272e+01,6.775734e-07
3.4740100191e+08,4.1297224882e+01,1.3164668862e+01,5.979592e-07
3.4758572309e+08,4.0461595287e+01,1.3170698709e+01,6.594553e-07
3.4781044428e+08,4.1277756312e+01,1.3178110520e+01,6.394634e-07
3.4799516587e+08,4.0564781906e+01,1.3184300133e+01,8.209207e-07
3.4821988706e+08,4.1189553163e+01,1.3191878686e+01,7.955645e-07
3.4840460865e+08,3.9861917383e+01,1.3198171750e+01,5.249610e-07
3.4858932983e+08,4.1488066067e+01,1.3204494141e+01,8.911315e-07
3.4881405142e+08,4.0705347766e+01,1.3212250482e+01,7.708715e-07
3.4899877261e+08,4.1368587498e+01,1.3218716405e+01,6.966852e-07
3.4918349380e+08,4.1546470762e+01,1.3225201902e+01,5.979220e-07
3.4940821539e+08,4.1417042813e+01,1.3233162134e+01,6.076716e-07
3.4959293657e+08,4.1373673697e+01,1.3239783241e+01,6.181997e-07
3.4981765816e+08,4.1593160986e+01,1.3247866974e+01,6.056048e-07
3.5000237935e+08,4.1687347111e+01,1.3254581215e+01,7.555147e-07
3.5018710094e+08,4.1782003612e+01,1.3261307652e+01,8.241706e-07
3.5041182213e+08,4.1578836260e+01,1.3269576428e+01,9.011992e-07
3.5059654331e+08,4.2234185166e+01,1.3276380513e+01,8.822838e-07
3.5078126490e+08,4.1617030738e+01,1.3283237156e+01,7.203084e-07
3.5100598609e+08,4.1796180452e+01,1.3291575849e+01,7.552855e-07
3.5119070768e+08,4.2344271812e+01,1.3298489857e+01,6.199847e-07
3.5141542887e+08,4.1782861329e+01,1.3306909627e+01,6.524049e-07
3.5160015045e+08,4.1939726703e+01,1.3313883283e+01,5.987314e-07
3.5178487164e+08,4.2459651183e+01,1.3320843416e+01,7.337629e-07
3.5200959283e+08,4.1382059089e+01,1.3329353711e+01,6.597380e-07
3.5219431442e+08,4.2562169575e+01,1.3336339607e+01,9.143444e-07
3.5241903561e+08,4.0230809751e+01,1.3344880524e+01,9.442528e-07
3.5260375719e+08,4.2187815136e+01,1.3351905329e+01,1.870940e-07
3.5278847838e+08,4.2589770502e+01,1.3358938480e+01,8.164230e-07
3.5301319997e+08,3.9097738989e+01,1.3367537780e+01,9.078203e-07
3.5319792116e+08,4.2348441605e+01,1.3374634941e+01,6.534763e-07
3.5338264235e+08,4.2264103744e+01,1.3381733293e+01,5.801615e-07
3.5360736394e+08,4.2654753212e+01,1.3390430508e+01,5.716913e-07
3.5379208512e+08,4.0455960138e+01,1.3397594088e+01,6.512133e-07
3.5401680671e+08,4.3013392666e+01,1.3406357212e+01,6.219299e-07
3.5420152790e+08,4.1225810556e+01,1.3413570627e+01,9.616084e-07
3.5438624949e+08,4.2834465611e+01,1.3420825817e+01,4.496180e-07
3.5461097068e+08,4.2309315996e+01,1.3429648681e+01,6.847050e-07
3.5479569186e+08,4.2687391493e+01,1.3436941366e+01,8.564209e-07
3.5498041345e+08,4.0928589466e+01,1.3444236629e+01,6.516012e-07
3.5520513464e+08,4.2947967283e+01,1.3453145149e+01,6.968434e-07
3.5538985623e+08,4.1711484994e+01,1.3460470062e+01,5.873190e-07
3.5561457742e+08,4.3049804628e+01,1.3469414349e+01,5.950316e-07
3.5579929900e+08,4.2748882437e+01,1.3476752654e+01,6.026257e-07
3.5598402019e+08,4.1751194446e+01,1.3484127228e+01,9.153360e-07
3.5620874138e+08,4.3398691023e+01,1.3493080994e+01,7.751911e-07
3.5639346297e+08,4.1845441856e+01,1.3500443090e+01,6.628115e-07
3.5661818416e+08,4.2622271508e+01,1.3509444208e+01,8.191427e-07
3.5680290574e+08,4.3371152175e+01,1.3516839507e+01,9.731257e-07
3.5698762693e+08,4.0659488788e+01,1.3524261612e+01,7.111860e-07
3.5721234852e+08,4.3316400449e+01,1.3533315743e+01,7.707675e-07
3.5739706971e+08,4.2024244382e+01,1.3540783670e+01,5.888135e-07
3.5758179090e+08,4.3043364817e+01,1.3548253199e+01,6.326706e-07
3.5780651248e+08,4.3062316038e+01,1.3557405198e+01,6.024599e-07
3.5799123367e+08,4.3140304657e+01,1.3564936760e+01,7.680579e-07
3.5821595526e+08,4.1515116785e+01,1.3574156682e+01,7.001395e-07
3.5840067645e+08,4.3720621273e+01,1.3581742475e+01,8.681832e-07
3.5858539804e+08,4.2555988470e+01,1.3589365334e+01,9.808996e-07
3.5881011923e+08,4.3458182807e+01,1.3598637644e+01,2.044015e-07
3.5899484041e+08,4.3322049702e+01,1.3606315697e+01,7.433113e-07
3.5921956200e+08,4.3406544716e+01,1.3615655686e+01,7.925488e-07
3.5940428319e+08,4.2395639859e+01,1.3623369766e+01,6.186126e-07
3.5958900478e+08,4.3580697633e+01,1.3631128990e+01,6.032122e-07
3.5981372597e+08,4.3382868993e+01,1.3640580694e+01,5.989785e-07
3.5999844755e+08,4.3277878291e+01,1.3648408305e+01,6.866630e-07
3.6018316874e+08,4.3760664139e+01,1.3656247805e+01,9.490677e-07
3.6040788993e+08,4.3289816882e+01,1.3665835615e+01,8.789683e-07
3.6059261152e+08,4.3609875558e+01,1.3673765373e+01,1.445044e-08
3.6081733271e+08,4.3873362879e+01,1.3683414108e+01,7.976782e-08
3.6100205429e+08,4.3365229037e+01,1.3691385621e+01,7.784254e-07
3.6118677548e+08,4.3931664238e+01,1.3699355965e+01,6.252719e-07
3.6141149707e+08,4.3936137390e+01,1.3709121505e+01,6.885409e-07
3.6159621826e+08,4.3398946288e+01,1.3717154854e+01,6.081372e-07
3.6178093945e+08,4.4128353292e+01,1.3725234303e+01,7.012883e-07
3.6200566103e+08,4.3557745977e+01,1.3735071141e+01,6.369379e-07
3.6219038222e+08,4.4487008951e+01,1.3743202886e+01,8.386731e-07
3.6241510381e+08,4.2012766876e+01,1.3753100772e+01,7.791998e-07
3.6259982500e+08,4.4386193497e+01,1.3761270268e+01,8.077201e-08
3.6278454659e+08,4.2835407644e+01,1.3769463206e+01,8.453073e-07
3.6300926777e+08,4.4258424119e+01,1.3779449686e+01,9.480569e-07
3.6319398896e+08,4.4252524019e+01,1.3787669580e+01,6.869397e-07
3.6341871055e+08,4.4128305505e+01,1.3797732574e+01,7.059943e-07
3.6360343174e+08,4.4363116296e+01,1.3806021366e+01,5.888448e-07
3.6378815333e+08,4.4018373891e+01,1.3814346613e+01,6.269048e-07
3.6401287451e+08,4.4585725418e+01,1.3824534342e+01,6.212998e-07
3.6419759610e+08,4.4550675676e+01,1.3832921285e+01,7.916884e-07
3.6438231729e+08,4.3327097735e+01,1.3841346492e+01,3.880589e-07
3.6460703848e+08,4.4797701539e+01,1.3851646677e+01,8.773765e-07
3.6479176007e+08,4.3407691971e+01,1.3860117148e+01,8.811950e-07
3.6501648126e+08,4.5206490800e+01,1.3870473352e+01,7.129688e-07
3.6520120284e+08,4.4340677114e+01,1.3879026900e+01,7.422569e-07
3.6538592403e+08,4.4925873514e+01,1.3887578874e+01,6.095872e-07
3.6561064562e+08,4.4970477477e+01,1.3898049529e+01,6.418819e-07
3.6579536681e+08,4.4769951217e+01,1.3906659483e+01,5.958097e-07
3.6598008800e+08,4.5111563320e+01,1.3915319977e+01,7.781667e-07
3.6620480958e+08,4.4273626790e+01,1.3925859214e+01,6.780781e-07
3.6638953077e+08,4.5123944834e+01,1.3934566349e+01,9.202164e-07
3.6661425236e+08,4.2869533316e+01,1.3945162302e+01,8.976327e-07
3.6679897355e+08,4.5103505407e+01,1.3953867901e+01,6.608246e-07
3.6698369514e+08,4.4814444925e+01,1.3962562865e+01,7.768428e-07
3.6720841632e+08,4.5105974730e+01,1.3973173679e+01,8.568587e-07
3.6739313751e+08,4.5097629155e+01,1.3981883917e+01,6.292778e-07
3.6761785910e+08,4.4440129847e+01,1.3992505100e+01,6.755775e-07
3.6780258029e+08,4.5394670373e+01,1.4001276025e+01,5.877259e-07
3.6798730188e+08,4.5264637620e+01,1.4010048311e+01,6.688427e-07
3.6821202306e+08,4.5128923963e+01,1.4020772703e+01,6.274229e-07
3.6839674465e+08,4.5347462954e+01,1.4029643197e+01,9.250945e-07
3.6858146584e+08,4.5106194974e+01,1.4038507660e+01,4.841951e-07
3.6880618703e+08,4.5883661493e+01,1.4049340388e+01,1.814189e-07
3.6899090862e+08,4.4451728208e+01,1.4058241503e+01,9.069033e-07
3.6921562980e+08,4.5452861471e+01,1.4069033798e+01,9.112451e-07
3.6940035139e+08,4.5290164574e+01,1.4077910598e+01,6.911368e-07
3.6958507258e+08,4.5415352542e+01,1.4086740232e+01,5.789252e-07
3.6980979417e+08,4.5216702415e+01,1.4097480224e+01,5.821247e-07
3.6999451536e+08,4.5112394881e+01,1.4106261199e+01,6.260955e-07
3.7021923654e+08,4.5450612317e+01,1.4116957908e+01,6.065858e-07
3.7040395813e+08,4.2270427976e+01,1.4125735684e+01,8.448998e-07
3.7058867932e+08,4.5530218557e+01,1.4134496100e+01,3.639233e-07
3.7081340091e+08,4.4281447907e+01,1.4145125149e+01,8.681307e-07
3.7099812210e+08,4.5922363146e+01,1.4153853913e+01,8.945185e-07
3.7118284369e+08,4.5011877047e+01,1.4162538223e+01,6.884121e-07
3.7140756487e+08,4.4672493014e+01,1.4173120048e+01,7.682150e-07
3.7159228606e+08,4.5933282159e+01,1.4181808241e+01,5.944571e-07
3.7181700765e+08,4.5576027835e+01,1.4192374565e+01,6.082237e-07
3.7200172884e+08,4.4847409322e+01,1.4201061405e+01,6.084715e-07
3.7218645043e+08,4.5707613667e+01,1.4209774252e+01,7.816952e-07
3.7241117161e+08,4.5256704287e+01,1.4220354014e+01,7.150983e-07
3.7259589320e+08,4.5976634021e+01,1.4229092570e+01,8.903140e-07
3.7278061439e+08,4.3601512139e+01,1.4237831807e+01,9.114360e-07
3.7300533558e+08,4.5626103015e+01,1.4248435374e+01,9.459135e-07
3.7319005717e+08,4.5428841096e+01,1.4257149632e+01,7.610814e-07
3.7341477835e+08,4.5751538150e+01,1.4267701852e+01,7.640284e-07
3.7359949994e+08,4.5288061502e+01,1.4276384406e+01,6.012408e-07
3.7378422113e+08,4.5586112583e+01,1.4285022977e+01,6.004330e-07
3.7400894272e+08,4.5624285513e+01,1.4295538923e+01,6.036688e-07
3.7419366391e+08,4.3880485934e+01,1.4304137492e+01,7.307862e-07
3.7441838509e+08,4.5958931918e+01,1.4314574728e+01,6.805373e-07
3.7460310668e+08,4.1857201028e+01,1.4323110512e+01,9.402698e-07
3.7478782787e+08,4.6045146584e+01,1.4331608105e+01,4.276207e-07
3.7501254946e+08,4.4421278464e+01,1.4341891894e+01,9.500768e-08
3.7519727065e+08,4.5465443582e+01,1.4350323667e+01,7.657571e-07
3.7538199224e+08,4.5849840260e+01,1.4358700404e+01,6.212794e-07
3.7560671342e+08,4.4968307606e+01,1.4368835098e+01,6.706751e-07
3.7579143461e+08,4.4612737587e+01,1.4377135310e+01,6.046743e-07
3.7601615620e+08,4.5832829690e+01,1.4387138539e+01,5.866886e-07
3.7620087739e+08,4.4816637185e+01,1.4395278451e+01,6.593496e-07
3.7638559898e+08,4.5525223664e+01,1.4403360980e+01,8.671146e-07
3.7661032016e+08,4.3541251120e+01,1.4413055440e+01,8.188321e-07
3.7679504175e+08,4.5028294988e+01,1.4420906902e+01,6.039357e-08
3.7701976294e+08,4.3973960081e+01,1.4430322543e+01,4.507312e-07
3.7720448413e+08,4.5025178973e+01,1.4437898544e+01,8.840205e-07
3.7738920572e+08,4.3409670307e+01,1.4445344901e+01,6.702107e-07
3.7761392690e+08,4.4809730766e+01,1.4454152896e+01,7.006396e-07
3.7779864849e+08,4.4047788343e+01,1.4461196262e+01,6.020661e-07
3.7798336968e+08,4.3598145005e+01,1.4467983742e+01,6.442108e-07
3.7820809127e+08,4.3809673602e+01,1.4475888902e+01,6.162419e-07
3.7839281246e+08,4.2587963403e+01,1.4481918392e+01,7.971531e-07
3.7861753364e+08,4.1348922709e+01,1.4488273424e+01,7.650019e-07
3.7880225523e+08,4.1900826581e+01,1.4492322602e+01,7.861690e-07
3.7898697642e+08,4.3047300258e+01,1.4497829896e+01,9.364384e-07
3.7921169801e+08,4.4136410095e+01,1.4505298002e+01,6.962270e-07
3.7939641920e+08,4.3705212347e+01,1.4511820766e+01,7.195699e-07
3.7958114079e+08,4.3067015068e+01,1.4518618583e+01,6.035391e-07
3.7980586197e+08,4.4904947300e+01,1.4527147052e+01,6.173725e-07
3.7999058316e+08,4.4359474306e+01,1.4534319382e+01,6.082464e-07
3.8021530475e+08,4.4882894393e+01,1.4543239488e+01,6.007385e-07
3.8040002594e+08,4.3874020403e+01,1.4550678419e+01,7.447062e-07
3.8058474753e+08,4.5175217838e+01,1.4558235216e+01,9.277575e-07
3.8080946871e+08,4.4029139774e+01,1.4567533149e+01,9.047450e-07
3.8099419030e+08,4.5578420801e+01,1.4575280765e+01,7.087532e-07
3.8121891149e+08,4.4288035214e+01,1.4584772935e+01,1.418980e-07
3.8140363268e+08,4.5932752075e+01,1.4592658308e+01,8.175586e-07
3.8158835427e+08,4.3661053626e+01,1.4600600906e+01,6.336570e-07
3.8181307545e+08,4.5679255174e+01,1.4610315668e+01,6.596434e-07
3.8199779704e+08,4.4465911808e+01,1.4618355223e+01,5.908969e-07
3.8218251823e+08,4.5774206153e+01,1.4626414775e+01,7.124256e-07
3.8240723982e+08,4.3790776666e+01,1.4636269914e+01,6.364914e-07
3.8259196101e+08,4.6208946499e+01,1.4644386234e+01,9.159921e-07
3.8281668219e+08,4.4226368071e+01,1.4654289046e+01,9.407312e-07
3.8300140378e+08,4.5919675028e+01,1.4662461532e+01,4.583011e-07
3.8318612497e+08,4.6185047557e+01,1.4670620218e+01,8.606125e-07
3.8341084656e+08,4.5416612968e+01,1.4680572909e+01,9.304787e-07
3.8359556775e+08,4.5867533330e+01,1.4688786818e+01,6.542934e-07
3.8378028934e+08,4.6104072838e+01,1.4696989546e+01,5.813408e-07
3.8400501052e+08,4.5637199393e+01,1.4707012961e+01,5.875303e-07
3.8418973171e+08,4.6383233482e+01,1.4715262269e+01,6.545631e-07
3.8441445330e+08,4.6164777135e+01,1.4725357257e+01,6.071957e-07
3.8459917449e+08,4.6107601796e+01,1.4733648222e+01,9.222821e-07
3.8478389608e+08,4.5954217013e+01,1.4741983865e+01,3.469113e-07
3.8500861726e+08,4.6180351502e+01,1.4752111668e+01,7.902996e-07
3.8519333885e+08,4.6138110483e+01,1.4760477343e+01,9.214577e-07
3.8541806004e+08,4.6389645398e+01,1.4770647023e+01,9.533437e-07
3.8560278123e+08,4.6248545616e+01,1.4779046425e+01,7.258479e-07
3.8578750282e+08,4.6566409250e+01,1.4787434885e+01,5.798685e-07
3.8601222400e+08,4.6231190558e+01,1.4797686121e+01,5.859642e-07
3.8619694559e+08,4.6422405423e+01,1.4806096260e+01,6.037362e-07
3.8638166678e+08,4.5835472834e+01,1.4814529687e+01,8.905942e-07
3.8660638837e+08,4.6577098953e+01,1.4824773984e+01,7.565622e-07
3.8679110956e+08,4.5202254362e+01,1.4833201166e+01,8.100910e-07
3.8701583074e+08,4.6659391423e+01,1.4843473972e+01,9.135961e-07
3.8720055233e+08,4.6623142394e+01,1.4851905770e+01,9.752275e-07
3.8738527352e+08,4.5726041066e+01,1.4860354191e+01,7.267478e-07
3.8760999511e+08,4.6946278911e+01,1.4870679410e+01,8.081230e-07
3.8779471630e+08,4.4892178947e+01,1.4879167084e+01,5.978416e-07
3.8801943788e+08,4.6993233200e+01,1.4889511970e+01,6.416428e-07
3.8820415907e+08,4.5169866924e+01,1.4898012829e+01,6.011047e-07
3.8838888026e+08,4.6845495496e+01,1.4906498204e+01,7.552408e-07
3.8861360185e+08,4.6095914877e+01,1.4916810800e+01,6.929973e-07
3.8879832304e+08,4.6774381878e+01,1.4925300370e+01,9.349872e-07
3.8898304463e+08,4.4264309022e+01,1.4933766559e+01,9.198856e-07
3.8920776581e+08,4.7158335259e+01,1.4944052977e+01,2.129387e-07
3.8939248740e+08,4.4765253140e+01,1.4952497471e+01,7.938128e-07
3.8961720859e+08,4.7012758135e+01,1.4962746391e+01,8.063933e-07
3.8980192978e+08,4.6511342291e+01,1.4971148853e+01,6.198532e-07
3.8998665137e+08,4.6615520752e+01,1.4979558848e+01,5.977418e-07
3.9021137255e+08,4.7052789453e+01,1.4989747631e+01,5.995343e-07
3.9039609414e+08,4.6404760723e+01,1.4998135693e+01,6.795712e-07
3.9058081533e+08,4.6872353798e+01,1.5006484488e+01,9.406679e-07
3.9080553692e+08,4.6648987924e+01,1.5016618691e+01,8.254818e-07
3.9099025811e+08,4.6305792730e+01,1.5024955633e+01,4.183146e-08
3.9121497929e+08,4.6777609464e+01,1.5035046885e+01,9.388688e-08
3.9139970088e+08,4.6258944218e+01,1.5043349563e+01,8.434124e-07
3.9158442207e+08,4.6515496006e+01,1.5051613321e+01,6.600471e-07
3.9180914366e+08,4.6722046908e+01,1.5061672118e+01,7.057741e-07
3.9199386485e+08,4.6599286100e+01,1.5069889970e+01,6.011770e-07
3.9221858643e+08,4.6475253047e+01,1.5079888894e+01,5.974731e-07
3.9240330762e+08,4.6995557704e+01,1.5088057895e+01,6.229709e-07
3.9258802881e+08,4.6574160904e+01,1.5096232885e+01,8.171929e-07
3.9281275040e+08,4.6236733231e+01,1.5106121456e+01,7.720617e-07
3.9299747159e+08,4.7116835353e+01,1.5114251233e+01,8.960959e-08
3.9318219318e+08,4.6027814259e+01,1.5122330954e+01,8.886045e-07
3.9340691436e+08,4.6514897829e+01,1.5132146070e+01,8.942469e-07
3.9359163595e+08,4.6961800945e+01,1.5140154222e+01,7.210831e-07
3.9381635714e+08,4.3724847355e+01,1.5149867762e+01,7.565408e-07
3.9400107833e+08,4.6858574566e+01,1.5157806377e+01,6.128613e-07
3.9418579992e+08,4.6356759132e+01,1.5165694159e+01,6.240641e-07
3.9441052110e+08,4.5799367987e+01,1.5175267987e+01,6.054651e-07
3.9459524269e+08,4.6952948643e+01,1.5183087226e+01,7.629332e-07
3.9481996388e+08,4.6187695883e+01,1.5192568007e+01,6.978639e-07
3.9500468547e+08,4.6412555556e+01,1.5200349748e+01,9.019194e-07
3.9518940666e+08,4.6194651230e+01,1.5208072195e+01,8.477077e-07
3.9541412784e+08,4.6603452870e+01,1.5217439355e+01,6.139846e-07
3.9559884943e+08,4.5365510313e+01,1.5225088210e+01,7.767876e-07
3.9578357062e+08,4.6679299460e+01,1.5232676364e+01,6.092995e-07
3.9600829221e+08,4.5001657980e+01,1.5241860270e+01,6.416111e-07
3.9619301340e+08,4.6669371445e+01,1.5249335203e+01,5.972086e-07
3.9641773498e+08,4.5556837319e+01,1.5258374534e+01,5.982093e-07
3.9660245617e+08,4.6046258649e+01,1.5265723745e+01,6.805952e-07
3.9678717736e+08,4.6425388405e+01,1.5273048939e+01,9.314911e-07
3.9701189895e+08,4.5869626609e+01,1.5281878424e+01,8.689632e-07
3.9719662014e+08,4.5617524522e+01,1.5289108559e+01,5.533626e-07
3.9738134173e+08,4.6449527905e+01,1.5296268844e+01,8.204521e-07
3.9760606291e+08,4.5111283366e+01,1.5304911196e+01,9.097398e-07
3.9779078450e+08,4.5794579305e+01,1.5311971259e+01,6.571272e-07
3.9801550569e+08,4.6347555844e+01,1.5320451883e+01,6.980646e-07
3.9820022688e+08,4.3902974397e+01,1.5327363576e+01,5.820494e-07
3.9838494847e+08,4.5881628507e+01,1.5334212368e+01,6.575643e-07
3.9860966965e+08,4.6063186497e+01,1.5342417919e+01,6.229324e-07
3.9879439124e+08,4.4009837980e+01,1.5349085206e+01,9.270909e-07
3.9901911243e+08,4.5745962114e+01,1.5357058918e+01,8.674105e-07
3.9920383402e+08,4.5516566493e+01,1.5363535873e+01,7.471697e-07
3.9938855521e+08,4.4243358855e+01,1.5369897568e+01,9.375298e-07
3.9961327639e+08,4.5637489560e+01,1.5377532290e+01,9.239934e-07
3.9979799798e+08,4.4141253821e+01,1.5383684598e+01,6.878904e-07
4.0000000037e+08,4.5154362768e+01,1.5390291553e+01,6.711705e-07
