time_years,cumulative_log_growth,mean_megno,relative_energy_error
2.0472160000e+05,1.3292101469e+01,1.9854532386e+00,9.957612e-07
3.8944280001e+05,1.3939559364e+01,1.9896047952e+00,6.863240e-07
6.1416440000e+05,1.4504198512e+01,1.9935101970e+00,7.447639e-07
7.9888559996e+05,1.4632503189e+01,1.9951407475e+00,5.879618e-07
9.8360679991e+05,1.4974848908e+01,1.9958836751e+00,6.520859e-07
1.2083283999e+06,1.5061360301e+01,1.9971587714e+00,6.196376e-07
1.3930495998e+06,1.5200916051e+01,1.9973225739e+00,7.824611e-07
1.6177711998e+06,1.5435236315e+01,1.9972367946e+00,7.072494e-07
1.8024923997e+06,1.5446923562e+01,1.9974783570e+00,7.385212e-07
1.9872135997e+06,1.5564136488e+01,1.9973170370e+00,1.026576e-06
2.2119351998e+06,1.5808626964e+01,1.9971987125e+00,1.728532e-07
2.3966563999e+06,1.5739149768e+01,1.9973665761e+00,7.003372e-07
2.5813780001e+06,1.5886016236e+01,1.9971994384e+00,5.945675e-07
2.8060992003e+06,1.5996450330e+01,1.9971502790e+00,6.069508e-07
2.9908204005e+06,1.5919929706e+01,1.9970743038e+00,6.197833e-07
3.2155420007e+06,1.6068967660e+01,1.9967291048e+00,6.044375e-07
3.4002632009e+06,1.6088544322e+01,1.9965229727e+00,7.402408e-07
3.5849848010e+06,1.6014135737e+01,1.9964286924e+00,8.242751e-07
3.8097060013e+06,1.6327390376e+01,1.9961887230e+00,8.977659e-07
3.9944272014e+06,1.6265706670e+01,1.9962051512e+00,5.585872e-07
4.2191488016e+06,1.6117099808e+01,1.9962207434e+00,5.163273e-08
4.4038700018e+06,1.6423914691e+01,1.9960695026e+00,7.396041e-07
4.5885916020e+06,1.6447561569e+01,1.9960525519e+00,6.105274e-07
4.8133128022e+06,1.6367340093e+01,1.9960110734e+00,6.473778e-07
4.9980340024e+06,1.6431773166e+01,1.9958316012e+00,6.107559e-07
5.1827556025e+06,1.6433884133e+01,1.9958459260e+00,7.152803e-07
5.4074768027e+06,1.6617684241e+01,1.9958610493e+00,6.691008e-07
5.5921984029e+06,1.6584472709e+01,1.9958491602e+00,8.700293e-07
5.8169196031e+06,1.6444141560e+01,1.9960166996e+00,8.484455e-07
6.0016408033e+06,1.6710842129e+01,1.9960977755e+00,5.820131e-08
6.1863624035e+06,1.6742456195e+01,1.9960879624e+00,8.285737e-07
6.4110836037e+06,1.6574968234e+01,1.9962435569e+00,9.241796e-07
6.5958052038e+06,1.6723796412e+01,1.9963058952e+00,6.630147e-07
6.7805264040e+06,1.6726698754e+01,1.9963490224e+00,6.058489e-07
7.0052476042e+06,1.6840549627e+01,1.9965743661e+00,5.806369e-07
7.1899692044e+06,1.6851385447e+01,1.9966788573e+00,6.523648e-07
7.4146904046e+06,1.6765505709e+01,1.9967749665e+00,6.404069e-07
7.5994120048e+06,1.6926143190e+01,1.9969279968e+00,8.422428e-07
7.7841332050e+06,1.6998474334e+01,1.9969477809e+00,2.853327e-07
8.0088544052e+06,1.6770072939e+01,1.9969341001e+00,4.902625e-07
8.1935760053e+06,1.6930743552e+01,1.9969854256e+00,8.903109e-07
8.4182972054e+06,1.7124521193e+01,1.9969544395e+00,8.427924e-07
8.6030188047e+06,1.6974779779e+01,1.9969616945e+00,7.027712e-07
8.7877400040e+06,1.7032506096e+01,1.9969981953e+00,6.031218e-07
9.0124612032e+06,1.7105150700e+01,1.9969703727e+00,6.180657e-07
9.1971828025e+06,1.7136325728e+01,1.9969865661e+00,6.190489e-07
9.3819040018e+06,1.7184843183e+01,1.9970377998e+00,8.278065e-07
9.6066256010e+06,1.7068942541e+01,1.9970319069e+00,6.962670e-07
9.7913468003e+06,1.7121596272e+01,1.9971187987e+00,6.516926e-07
1.0016067999e+07,1.7326426978e+01,1.9973305451e+00,8.167751e-07
1.0200789599e+07,1.7120377560e+01,1.9974835797e+00,8.729912e-07
1.0385510798e+07,1.7175869419e+01,1.9977224103e+00,7.186559e-07
1.0610232397e+07,1.7352669900e+01,1.9980577696e+00,7.926377e-07
1.0794953597e+07,1.7206413218e+01,1.9983082150e+00,6.194801e-07
1.1019674796e+07,1.7250578548e+01,1.9986812077e+00,6.293051e-07
1.1204396395e+07,1.7344749242e+01,1.9990331271e+00,5.956368e-07
1.1389117594e+07,1.7304797979e+01,1.9994160713e+00,7.161184e-07
1.1613839193e+07,1.7403702523e+01,1.9999425606e+00,6.526091e-07
1.1798560393e+07,1.7334681491e+01,2.0003697691e+00,9.214080e-07
1.1983281592e+07,1.7375079237e+01,2.0007964214e+00,8.585498e-07
1.2208003191e+07,1.7607566950e+01,2.0014319245e+00,3.463291e-07
1.2392724391e+07,1.7396925852e+01,2.0018802172e+00,7.784336e-07
1.2617445990e+07,1.7322068600e+01,2.0024114371e+00,8.463202e-07
1.2802167189e+07,1.7575897481e+01,2.0029519797e+00,6.447678e-07
1.2986888388e+07,1.7551777903e+01,2.0035117809e+00,5.972132e-07
1.3211609988e+07,1.7476996035e+01,2.0041833511e+00,5.800572e-07
1.3396331187e+07,1.7498695926e+01,2.0047729861e+00,6.871243e-07
1.3581052786e+07,1.7640358469e+01,2.0053297448e+00,1.036088e-06
1.3805773985e+07,1.7681449482e+01,2.0061057156e+00,8.924005e-07
1.3990495185e+07,1.7584800401e+01,2.0067064241e+00,1.885140e-07
1.4215216784e+07,1.7662167424e+01,2.0074541910e+00,1.667079e-07
1.4399937983e+07,1.7694870926e+01,2.0081726998e+00,8.035643e-07
1.4584659582e+07,1.7677387694e+01,2.0088865518e+00,6.232951e-07
1.4809380782e+07,1.7625116917e+01,2.0097331426e+00,6.683949e-07
1.4994101981e+07,1.7738130444e+01,2.0105216477e+00,5.966423e-07
1.5218823580e+07,1.7654568771e+01,2.0114681334e+00,5.931127e-07
1.5403544779e+07,1.7739228139e+01,2.0121766132e+00,6.552956e-07
1.5588266379e+07,1.7720870469e+01,2.0129456300e+00,8.502407e-07
1.5812987578e+07,1.7712379540e+01,2.0139922174e+00,7.845764e-07
1.5997708777e+07,1.7767929576e+01,2.0148373227e+00,2.693686e-07
1.6182430376e+07,1.7796028198e+01,2.0156837404e+00,8.711264e-07
1.6407151576e+07,1.7678089288e+01,2.0167237960e+00,1.028665e-06
1.6591873175e+07,1.7857766411e+01,2.0176309269e+00,6.716465e-07
1.6816594374e+07,1.7785667890e+01,2.0187163581e+00,6.794806e-07
1.7001315573e+07,1.7811705291e+01,2.0195383684e+00,5.801545e-07
1.7186037173e+07,1.7773922644e+01,2.0202910705e+00,6.424312e-07
1.7410758372e+07,1.7858969824e+01,2.0213112962e+00,6.368345e-07
1.7595479971e+07,1.7821862467e+01,2.0221187578e+00,8.007117e-07
1.7780201171e+07,1.7866421485e+01,2.0229128116e+00,2.527879e-07
1.8004922370e+07,1.7803474567e+01,2.0240383499e+00,5.570956e-07
1.8189643969e+07,1.7843339999e+01,2.0249081813e+00,8.935891e-07
1.8414365168e+07,1.7910829485e+01,2.0260238333e+00,6.961890e-07
1.8599086767e+07,1.8066976649e+01,2.0270255350e+00,6.996381e-07
1.8783807967e+07,1.7963392077e+01,2.0281292421e+00,5.949498e-07
1.9008529166e+07,1.7941007330e+01,2.0294589276e+00,6.155871e-07
1.9193250765e+07,1.7826401664e+01,2.0306672121e+00,6.292437e-07
1.9417971964e+07,1.8086714165e+01,2.0321346264e+00,6.003431e-07
1.9602693564e+07,1.8003475782e+01,2.0333713396e+00,6.965514e-07
1.9787414763e+07,1.7879490619e+01,2.0344804325e+00,8.324077e-07
2.0012135962e+07,1.7969670282e+01,2.0357065111e+00,8.881543e-07
2.0196857562e+07,1.8075795296e+01,2.0366477843e+00,6.642550e-07
2.0381578761e+07,1.8039268547e+01,2.0376847578e+00,7.051235e-07
2.0606300360e+07,1.7991647515e+01,2.0387859162e+00,8.123707e-07
2.0791021559e+07,1.8009304519e+01,2.0396073446e+00,6.240157e-07
2.1015742758e+07,1.7818970289e+01,2.0404766376e+00,6.357295e-07
2.1200464358e+07,1.8051826435e+01,2.0411632282e+00,5.983067e-07
2.1385185557e+07,1.8013904817e+01,2.0417139894e+00,6.912894e-07
2.1609907156e+07,1.8038103245e+01,2.0422874191e+00,6.540109e-07
2.1794628356e+07,1.7928610562e+01,2.0427510750e+00,9.073562e-07
2.2019349555e+07,1.7942597668e+01,2.0432031784e+00,8.576312e-07
2.2204071154e+07,1.8066519744e+01,2.0435698914e+00,2.978421e-07
2.2388792353e+07,1.8157844811e+01,2.0439659444e+00,8.180854e-07
2.2613513953e+07,1.7795172510e+01,2.0444012654e+00,8.817185e-07
2.2798235152e+07,1.8073297399e+01,2.0446895593e+00,6.639918e-07
2.2982956351e+07,1.8053610133e+01,2.0449412815e+00,5.968740e-07
2.3207677950e+07,1.8252137554e+01,2.0453018974e+00,5.971864e-07
2.3392399150e+07,1.8113699905e+01,2.0456125458e+00,6.478997e-07
2.3617120749e+07,1.8021959113e+01,2.0458926757e+00,6.172483e-07
2.3801841948e+07,1.8159262521e+01,2.0461420571e+00,8.326867e-07
2.3986563147e+07,1.8301118993e+01,2.0463502737e+00,2.160673e-07
2.4211284747e+07,1.8183323397e+01,2.0466194347e+00,4.367815e-07
2.4396005946e+07,1.8113441415e+01,2.0468115195e+00,8.673331e-07
2.4580727545e+07,1.8158858914e+01,2.0469372986e+00,6.567697e-07
2.4805448744e+07,1.7986700254e+01,2.0470156860e+00,7.114067e-07
2.4990170344e+07,1.8177893240e+01,2.0470896589e+00,6.074673e-07
2.5214891543e+07,1.8110562698e+01,2.0470418043e+00,6.206256e-07
2.5399612742e+07,1.8205377356e+01,2.0469485084e+00,6.265700e-07
2.5584334341e+07,1.8198204665e+01,2.0469226582e+00,7.768778e-07
2.5809055541e+07,1.8056290678e+01,2.0467590524e+00,7.140185e-07
2.5993777140e+07,1.8194410716e+01,2.0466089476e+00,4.962768e-07
2.6218498339e+07,1.8314926553e+01,2.0464986449e+00,9.462859e-07
2.6403219538e+07,1.8018412701e+01,2.0463643946e+00,9.331454e-07
2.6587941138e+07,1.8184198956e+01,2.0462262320e+00,7.282185e-07
2.6812662337e+07,1.8257365616e+01,2.0460664655e+00,7.507803e-07
2.6997383936e+07,1.8370675351e+01,2.0459358303e+00,5.996155e-07
2.7182105136e+07,1.8308169200e+01,2.0458096000e+00,6.046692e-07
2.7406826335e+07,1.8172038491e+01,2.0455758671e+00,5.999222e-07
2.7591547934e+07,1.8202471743e+01,2.0453411974e+00,7.258653e-07
2.7816269133e+07,1.8397119450e+01,2.0450835706e+00,7.068760e-07
2.8000990732e+07,1.8307831549e+01,2.0448962906e+00,1.021417e-06
2.8185711932e+07,1.8236320379e+01,2.0446418527e+00,7.950979e-07
2.8410433131e+07,1.8360007313e+01,2.0443389525e+00,2.119153e-07
2.8595154730e+07,1.8166231113e+01,2.0440706828e+00,7.425063e-07
2.8819875929e+07,1.8246673364e+01,2.0437291767e+00,8.076635e-07
2.9004597529e+07,1.8332054771e+01,2.0434447645e+00,6.376008e-07
2.9189318728e+07,1.8208389478e+01,2.0431189921e+00,6.096399e-07
2.9414039927e+07,1.8294713116e+01,2.0427708473e+00,5.918197e-07
2.9598761527e+07,1.8229933423e+01,2.0424917029e+00,6.882459e-07
2.9783482726e+07,1.8250086572e+01,2.0421925055e+00,9.476806e-07
3.0008204325e+07,1.8422612498e+01,2.0418893666e+00,8.627209e-07
3.0192925524e+07,1.8195155698e+01,2.0416648200e+00,2.374112e-07
3.0417646723e+07,1.8206828086e+01,2.0413912657e+00,9.087048e-08
3.0602368323e+07,1.8458695684e+01,2.0411929360e+00,8.791131e-07
3.0787089522e+07,1.8512580907e+01,2.0410674674e+00,6.178074e-07
3.1011811121e+07,1.8285814215e+01,2.0408814805e+00,6.535141e-07
3.1196532321e+07,1.8297861214e+01,2.0406948265e+00,5.906459e-07
3.1381253520e+07,1.8280327833e+01,2.0405142318e+00,7.028687e-07
3.1605975119e+07,1.8478897034e+01,2.0402762962e+00,6.623777e-07
3.1790696318e+07,1.8374194381e+01,2.0400845128e+00,8.659025e-07
3.2015417917e+07,1.8236726279e+01,2.0398174014e+00,7.951945e-07
3.2200139117e+07,1.8455378605e+01,2.0395690762e+00,3.207586e-07
3.2384860316e+07,1.8339672093e+01,2.0393216719e+00,8.519296e-07
3.2609581915e+07,1.8289968479e+01,2.0390353295e+00,9.242258e-07
3.2794303115e+07,1.8373608248e+01,2.0387649119e+00,6.547854e-07
3.3019024714e+07,1.8430925517e+01,2.0384252946e+00,6.906781e-07
3.3203745913e+07,1.8439734560e+01,2.0381773312e+00,5.935711e-07
3.3388467112e+07,1.8308838434e+01,2.0378970339e+00,6.461661e-07
3.3613188713e+07,1.8337066045e+01,2.0375583765e+00,6.235515e-07
3.3797909915e+07,1.8514996622e+01,2.0373115045e+00,7.954415e-07
3.3982631518e+07,1.8396074353e+01,2.0370557891e+00,1.377660e-07
3.4207352721e+07,1.8202023613e+01,2.0367591722e+00,7.638534e-07
3.4392073924e+07,1.8508098230e+01,2.0365302176e+00,8.920984e-07
3.4616795528e+07,1.8587468084e+01,2.0362842632e+00,7.793510e-07
3.4801516730e+07,1.8345603366e+01,2.0361031728e+00,6.921018e-07
3.4986237933e+07,1.8425241522e+01,2.0359118302e+00,6.056583e-07
3.5210959536e+07,1.8441433428e+01,2.0356992264e+00,6.301119e-07
3.5395680739e+07,1.8577994221e+01,2.0355907905e+00,6.214335e-07
3.5580402342e+07,1.8512652658e+01,2.0354913774e+00,7.547956e-07
3.5805123545e+07,1.8420324409e+01,2.0353783443e+00,6.899103e-07
3.5989844748e+07,1.8498478211e+01,2.0353259519e+00,5.989258e-07
3.6214566351e+07,1.8686834571e+01,2.0352508160e+00,9.218525e-07
3.6399287554e+07,1.8483349928e+01,2.0352059069e+00,6.985334e-07
3.6584009157e+07,1.8482395258e+01,2.0351332377e+00,7.545628e-07
3.6808730360e+07,1.8614581476e+01,2.0349993190e+00,8.193723e-07
3.6993451563e+07,1.8547512786e+01,2.0349200636e+00,6.310146e-07
3.7218173166e+07,1.8498272422e+01,2.0348084662e+00,6.479997e-07
3.7402894369e+07,1.8517548260e+01,2.0346793343e+00,5.923909e-07
3.7587615972e+07,1.8626229125e+01,2.0345698330e+00,6.777858e-07
3.7812337175e+07,1.8592579667e+01,2.0344270041e+00,6.612977e-07
3.7997058378e+07,1.8430105524e+01,2.0342620634e+00,1.010829e-06
3.8181779981e+07,1.8619356419e+01,2.0341073594e+00,4.184213e-07
3.8406501184e+07,1.8725524725e+01,2.0339229563e+00,2.366168e-07
3.8591222787e+07,1.8469355277e+01,2.0337105087e+00,8.074001e-07
3.8815943990e+07,1.8466912140e+01,2.0334258301e+00,8.677593e-07
3.9000665193e+07,1.8690109286e+01,2.0331654993e+00,6.499315e-07
3.9185386796e+07,1.8615268925e+01,2.0328852289e+00,5.957415e-07
3.9410107999e+07,1.8563412751e+01,2.0325103258e+00,5.975781e-07
3.9594829202e+07,1.8560650708e+01,2.0321718224e+00,6.661896e-07
3.9819550805e+07,1.8597856140e+01,2.0317138304e+00,6.163824e-07
4.0004272008e+07,1.8774527412e+01,2.0313331486e+00,8.098857e-07
4.0188993611e+07,1.8590604464e+01,2.0309292866e+00,2.382078e-07
4.0413714814e+07,1.8537531423e+01,2.0303976379e+00,2.714146e-07
4.0598436017e+07,1.8786880283e+01,2.0299705321e+00,8.853121e-07
4.0783157619e+07,1.8657522880e+01,2.0295267094e+00,6.543861e-07
4.1007878823e+07,1.8572406776e+01,2.0289802697e+00,6.802949e-07
4.1192600426e+07,1.8666823480e+01,2.0285548905e+00,5.841113e-07
4.1417321629e+07,1.8670777838e+01,2.0280373875e+00,5.968400e-07
4.1602042832e+07,1.8730284023e+01,2.0276276952e+00,6.502589e-07
4.1786764434e+07,1.8661010450e+01,2.0272740868e+00,8.181550e-07
4.2011485638e+07,1.8565430584e+01,2.0268526577e+00,7.828231e-07
4.2196207241e+07,1.8796462976e+01,2.0265370174e+00,2.436792e-07
4.2380928443e+07,1.8759045217e+01,2.0262807049e+00,9.605555e-07
4.2605649647e+07,1.8639698034e+01,2.0260143500e+00,9.870046e-07
4.2790371249e+07,1.8726806536e+01,2.0258258853e+00,6.752359e-07
4.3015092453e+07,1.8686974380e+01,2.0256641038e+00,7.145852e-07
4.3199814055e+07,1.8801518837e+01,2.0255814401e+00,5.919191e-07
4.3384535258e+07,1.8743960260e+01,2.0255668422e+00,6.339002e-07
4.3609256462e+07,1.8638446247e+01,2.0255870293e+00,6.197856e-07
4.3793978064e+07,1.8769386846e+01,2.0256411855e+00,7.781126e-07
4.4018699268e+07,1.9000390599e+01,2.0257810738e+00,7.349618e-07
4.4203420470e+07,1.8539597762e+01,2.0259868794e+00,8.840449e-07
4.4388142073e+07,1.8844176884e+01,2.0261933815e+00,8.932787e-07
4.4612863277e+07,1.9066550297e+01,2.0265441433e+00,7.796676e-07
4.4797584879e+07,1.8661453513e+01,2.0269444270e+00,6.993060e-07
4.4982306082e+07,1.8912456716e+01,2.0273467256e+00,5.823655e-07
4.5207027285e+07,1.8728793513e+01,2.0279395735e+00,6.151726e-07
4.5391748888e+07,1.8934141844e+01,2.0285247067e+00,6.175702e-07
4.5616470092e+07,1.8795232206e+01,2.0292868455e+00,6.021377e-07
4.5801191694e+07,1.8704634136e+01,2.0299804158e+00,7.026813e-07
4.5985912897e+07,1.8902793259e+01,2.0307058339e+00,8.277955e-07
4.6210634100e+07,1.9167608663e+01,2.0316863886e+00,8.945825e-07
4.6395355703e+07,1.8572191885e+01,2.0325218479e+00,6.637990e-07
4.6580076906e+07,1.8898635123e+01,2.0333605851e+00,7.381662e-07
4.6804798509e+07,1.9046014120e+01,2.0344095780e+00,8.703900e-07
4.6989519712e+07,1.8942103628e+01,2.0353642959e+00,6.323325e-07
4.7214240915e+07,1.8695742369e+01,2.0364822909e+00,6.352208e-07
4.7398962518e+07,1.8987579967e+01,2.0374179668e+00,5.820470e-07
4.7583683721e+07,1.8779270251e+01,2.0383374104e+00,6.872946e-07
4.7808405324e+07,1.9307893234e+01,2.0394569658e+00,6.608297e-07
4.7993126527e+07,1.8816930090e+01,2.0402854490e+00,9.248363e-07
4.8217847730e+07,1.8781914909e+01,2.0412612417e+00,8.381975e-07
4.8402569333e+07,1.9208951521e+01,2.0421025263e+00,1.884168e-07
4.8587290536e+07,1.8779898821e+01,2.0428813944e+00,8.415152e-07
4.8812011739e+07,1.8680349390e+01,2.0438533299e+00,8.611960e-07
4.8996733342e+07,1.9302202383e+01,2.0446491271e+00,6.574959e-07
4.9181454545e+07,1.8824607201e+01,2.0454975250e+00,5.994790e-07
4.9406176148e+07,1.9029809305e+01,2.0465086114e+00,6.113802e-07
4.9590897351e+07,1.8722362501e+01,2.0473458858e+00,6.556208e-07
4.9815618554e+07,1.9131823911e+01,2.0484230068e+00,6.153496e-07
5.0000340157e+07,1.9049164196e+01,2.0493511544e+00,7.580059e-07
5.0185061360e+07,1.8857924089e+01,2.0502325901e+00,1.238001e-07
5.0409782963e+07,1.8656491605e+01,2.0513593128e+00,4.347247e-07
5.0594504166e+07,1.9377479892e+01,2.0523122640e+00,8.798124e-07
5.0819225369e+07,1.8775458190e+01,2.0535062024e+00,8.839627e-07
5.1003946972e+07,1.9006266749e+01,2.0544732786e+00,7.268509e-07
5.1188668175e+07,1.8889274222e+01,2.0554642241e+00,6.030755e-07
5.1413389778e+07,1.9071913544e+01,2.0566069855e+00,6.171568e-07
5.1598110981e+07,1.8893239516e+01,2.0575367222e+00,6.147446e-07
5.1782832183e+07,1.8916670488e+01,2.0584003467e+00,7.668594e-07
5.2007553787e+07,1.9048915809e+01,2.0594182465e+00,7.048966e-07
5.2192274989e+07,1.9009599318e+01,2.0602309447e+00,5.436616e-08
5.2416996593e+07,1.8971148426e+01,2.0611791052e+00,1.014047e-06
5.2601717796e+07,1.8993585666e+01,2.0618769277e+00,8.533011e-07
5.2786438998e+07,1.9228281921e+01,2.0625732269e+00,7.092981e-07
5.3011160602e+07,1.8918044249e+01,2.0632611924e+00,7.809977e-07
5.3195881804e+07,1.8875691485e+01,2.0637617114e+00,6.162703e-07
5.3380603007e+07,1.9160700341e+01,2.0641976742e+00,6.215089e-07
5.3605324611e+07,1.9070549317e+01,2.0646743431e+00,5.874559e-07
5.3790045813e+07,1.8990646455e+01,2.0649596974e+00,7.496431e-07
5.4014767417e+07,1.9069743651e+01,2.0652327636e+00,6.938815e-07
5.4199488619e+07,1.8914877550e+01,2.0653713141e+00,1.004640e-06
5.4384209822e+07,1.9201389200e+01,2.0654937879e+00,8.215706e-07
5.4608931426e+07,1.9002082129e+01,2.0655426907e+00,3.085516e-07
5.4793652628e+07,1.8832927518e+01,2.0655295751e+00,7.485830e-07
5.5018374232e+07,1.9046475376e+01,2.0654735017e+00,9.116704e-07
5.5203095434e+07,1.9031434968e+01,2.0654291660e+00,6.246256e-07
5.5387816637e+07,1.8915091088e+01,2.0653259569e+00,6.035910e-07
5.5612538240e+07,1.9017091782e+01,2.0651471471e+00,5.898490e-07
5.5797259443e+07,1.8889596774e+01,2.0650050179e+00,7.191654e-07
5.5981981046e+07,1.9043716088e+01,2.0647987478e+00,9.331345e-07
5.6206702249e+07,1.9065885293e+01,2.0645408365e+00,8.670103e-07
5.6391423452e+07,1.8917100366e+01,2.0643292427e+00,6.797697e-07
5.6616145055e+07,1.8949593852e+01,2.0640146155e+00,4.916121e-07
5.6800866258e+07,1.9059378439e+01,2.0637326585e+00,9.263210e-07
5.6985587861e+07,1.8925139271e+01,2.0634347451e+00,6.297756e-07
5.7210309064e+07,1.9054798506e+01,2.0630588071e+00,6.451616e-07
5.7395030267e+07,1.8991080781e+01,2.0627405340e+00,5.781128e-07
5.7619751870e+07,1.8957762653e+01,2.0623191770e+00,5.853246e-07
5.7804473073e+07,1.8988583376e+01,2.0619502863e+00,6.602407e-07
5.7989194276e+07,1.8861226773e+01,2.0615914393e+00,9.056293e-07
5.8213915879e+07,1.9061576422e+01,2.0611401405e+00,8.338026e-07
5.8398637082e+07,1.9055750688e+01,2.0607403097e+00,3.819036e-07
5.8583358685e+07,1.8882268637e+01,2.0603465111e+00,9.417036e-07
5.8808079888e+07,1.8989517177e+01,2.0598519095e+00,9.171602e-07
5.8992801091e+07,1.9034324524e+01,2.0594478326e+00,6.414444e-07
5.9217522694e+07,1.9010692778e+01,2.0589527561e+00,6.953180e-07
5.9402243897e+07,1.9029179893e+01,2.0585331531e+00,5.987000e-07
5.9586965500e+07,1.8912591147e+01,2.0581212980e+00,6.578164e-07
5.9811686703e+07,1.8939157546e+01,2.0576170461e+00,6.235137e-07
5.9996407906e+07,1.9145881384e+01,2.0571931123e+00,7.910461e-07
6.0181129509e+07,1.8880646416e+01,2.0567774902e+00,7.942144e-08
6.0405850712e+07,1.8899045814e+01,2.0562694740e+00,5.961142e-07
6.0590572315e+07,1.9098818124e+01,2.0558418935e+00,8.946797e-07
6.0815293518e+07,1.9007329151e+01,2.0553333369e+00,8.360878e-07
6.1000014721e+07,1.8964936894e+01,2.0549250447e+00,7.278921e-07
6.1184736323e+07,1.9012276472e+01,2.0545022361e+00,6.054799e-07
6.1409457527e+07,1.9041776018e+01,2.0539987213e+00,6.120717e-07
6.1594179130e+07,1.9079953623e+01,2.0535922453e+00,6.152818e-07
6.1818900333e+07,1.9044629002e+01,2.0530904959e+00,6.008907e-07
6.2003621536e+07,1.9003454812e+01,2.0526886018e+00,7.153282e-07
6.2188343138e+07,1.9113780222e+01,2.0522957215e+00,7.567078e-07
6.2413064342e+07,1.9045852414e+01,2.0518187215e+00,9.466291e-07
6.2597785545e+07,1.8911814654e+01,2.0514397054e+00,8.295227e-07
6.2782507147e+07,1.9109475747e+01,2.0510628883e+00,7.323663e-07
6.3007228351e+07,1.9026836634e+01,2.0506051423e+00,7.978361e-07
6.3191949953e+07,1.9049499499e+01,2.0502494873e+00,6.332916e-07
6.3416671157e+07,1.9091380967e+01,2.0498130803e+00,6.454649e-07
6.3601392359e+07,1.9086258455e+01,2.0494599411e+00,5.950013e-07
6.3786113962e+07,1.9129393067e+01,2.0491273512e+00,6.953657e-07
6.4010835166e+07,1.9088624108e+01,2.0487206803e+00,6.750914e-07
6.4195556768e+07,1.9010170097e+01,2.0483902825e+00,9.402010e-07
6.4380277971e+07,1.9158757199e+01,2.0480815243e+00,5.457375e-07
6.4604999174e+07,1.9167218499e+01,2.0476958708e+00,1.052037e-07
6.4789720777e+07,1.8933864816e+01,2.0473832297e+00,8.078080e-07
6.5014441981e+07,1.9143620940e+01,2.0470210302e+00,8.607305e-07
6.5199163583e+07,1.9195562136e+01,2.0467219362e+00,6.605721e-07
6.5383884786e+07,1.9118850943e+01,2.0464223549e+00,5.985279e-07
6.5608605989e+07,1.9089092601e+01,2.0460612122e+00,6.004283e-07
6.5793327592e+07,1.9101820045e+01,2.0457557607e+00,6.745472e-07
6.6018048796e+07,1.9253422574e+01,2.0453899819e+00,6.271443e-07
6.6202770398e+07,1.9162886663e+01,2.0450954295e+00,7.885736e-07
6.6387491601e+07,1.9043517757e+01,2.0447871899e+00,5.966918e-08
6.6612212804e+07,1.9164795245e+01,2.0444215010e+00,3.794826e-07
6.6796934407e+07,1.9247266063e+01,2.0441286906e+00,9.682499e-07
6.6981655610e+07,1.9103258582e+01,2.0438273776e+00,6.485377e-07
6.7206376813e+07,1.9126438564e+01,2.0434698537e+00,6.840020e-07
6.7391098416e+07,1.9174489021e+01,2.0431841309e+00,5.852373e-07
6.7615819619e+07,1.9118235274e+01,2.0428305402e+00,5.794503e-07
6.7800541222e+07,1.9232737413e+01,2.0425506232e+00,6.227448e-07
6.7985262425e+07,1.9047986765e+01,2.0422783835e+00,8.330990e-07
6.8209983628e+07,1.9175023027e+01,2.0419515161e+00,8.317198e-07
6.8394705231e+07,1.9297655808e+01,2.0416986306e+00,2.684594e-07
6.8619426434e+07,1.9100735453e+01,2.0414004122e+00,9.631090e-07
6.8804148037e+07,1.9129468285e+01,2.0411528011e+00,9.098206e-07
6.8988869240e+07,1.9236528969e+01,2.0409213811e+00,6.671114e-07
6.9213590443e+07,1.9191860349e+01,2.0406388273e+00,7.220440e-07
6.9398312046e+07,1.9142811449e+01,2.0404029935e+00,5.916557e-07
6.9583033249e+07,1.9166286921e+01,2.0401802136e+00,6.425670e-07
6.9807754852e+07,1.9167730578e+01,2.0399025681e+00,6.055396e-07
6.9992476055e+07,1.9285367216e+01,2.0396711830e+00,8.088256e-07
7.0217197258e+07,1.9099354575e+01,2.0393972838e+00,7.303644e-07
7.0401918861e+07,1.9123448623e+01,2.0391665200e+00,9.100443e-07
7.0586640064e+07,1.9300830892e+01,2.0389330845e+00,9.500043e-07
7.0811361667e+07,1.9119907931e+01,2.0386601517e+00,8.335842e-07
7.0996082870e+07,1.9180043450e+01,2.0384308670e+00,7.568106e-07
7.1180804072e+07,1.9203713280e+01,2.0382096388e+00,5.899998e-07
7.1405525676e+07,1.9185682540e+01,2.0379522917e+00,6.091712e-07
7.1590246879e+07,1.9209462944e+01,2.0377392189e+00,6.086744e-07
7.1814968082e+07,1.9213666997e+01,2.0374929783e+00,5.979125e-07
7.1999689685e+07,1.9115418871e+01,2.0373059990e+00,7.218405e-07
7.2184410887e+07,1.9287072068e+01,2.0371106348e+00,8.663864e-07
7.2409132491e+07,1.9217459160e+01,2.0368896392e+00,9.261325e-07
7.2593853693e+07,1.9041738087e+01,2.0367208363e+00,8.001374e-07
7.2818574897e+07,1.9281497776e+01,2.0365122697e+00,1.019348e-07
7.3003296500e+07,1.9197818678e+01,2.0363437901e+00,8.637200e-07
7.3188017702e+07,1.9153147308e+01,2.0361785498e+00,6.201525e-07
7.3412739306e+07,1.9190047091e+01,2.0359688171e+00,6.435575e-07
7.3597460508e+07,1.9224174532e+01,2.0357992283e+00,5.941616e-07
7.3782181711e+07,1.9246338038e+01,2.0356252409e+00,7.071384e-07
7.4006903315e+07,1.9131071500e+01,2.0354037454e+00,6.742370e-07
7.4191624517e+07,1.9166498785e+01,2.0352289992e+00,9.185280e-07
7.4416346121e+07,1.9255355350e+01,2.0350168007e+00,7.940101e-07
7.4601067323e+07,1.9239102828e+01,2.0348340169e+00,6.789180e-08
7.4785788526e+07,1.9077644192e+01,2.0346607099e+00,8.145419e-07
7.5010510130e+07,1.9237172647e+01,2.0344523584e+00,8.664076e-07
7.5195231332e+07,1.9263123585e+01,2.0342756504e+00,6.418348e-07
7.5419952936e+07,1.9114789788e+01,2.0340775278e+00,7.254626e-07
7.5604674138e+07,1.9238041830e+01,2.0339206565e+00,6.075628e-07
7.5789395341e+07,1.9115757350e+01,2.0337640888e+00,6.692492e-07
7.6014116944e+07,1.9296907550e+01,2.0335868783e+00,6.202742e-07
7.6198838147e+07,1.9263110516e+01,2.0334439092e+00,7.754616e-07
7.6383559350e+07,1.9119816417e+01,2.0333002689e+00,4.123086e-09
7.6608280953e+07,1.9194174169e+01,2.0331327898e+00,3.043910e-07
7.6793002156e+07,1.9344547608e+01,2.0329876084e+00,8.828336e-07
7.7017723759e+07,1.9206452154e+01,2.0328136923e+00,8.617987e-07
7.7202444962e+07,1.9171485994e+01,2.0326742400e+00,7.238612e-07
7.7387166165e+07,1.9281946622e+01,2.0325254539e+00,6.100271e-07
7.7611887768e+07,1.9222541784e+01,2.0323452365e+00,6.038900e-07
7.7796608971e+07,1.9302917684e+01,2.0322000107e+00,6.051075e-07
7.7981330574e+07,1.9118424882e+01,2.0320425285e+00,7.623009e-07
7.8206051777e+07,1.9291459971e+01,2.0318556670e+00,7.514925e-07
7.8390772980e+07,1.9369725435e+01,2.0317067069e+00,3.716994e-08
7.8615494583e+07,1.9188873160e+01,2.0315204505e+00,9.725385e-07
7.8800215786e+07,1.9266657626e+01,2.0313740722e+00,8.210079e-07
7.8984937389e+07,1.9304077785e+01,2.0312332591e+00,7.309609e-07
7.9209658592e+07,1.9269518858e+01,2.0310592296e+00,7.804710e-07
7.9394379795e+07,1.9278340066e+01,2.0309241309e+00,5.990749e-07
7.9619101398e+07,1.9399023601e+01,2.0307621935e+00,6.427414e-07
7.9803822601e+07,1.9245887642e+01,2.0306232454e+00,6.012118e-07
7.9988544204e+07,1.9408584978e+01,2.0304958347e+00,7.456714e-07
8.0213265407e+07,1.9340859220e+01,2.0303397982e+00,6.961553e-07
8.0397986610e+07,1.9236946439e+01,2.0302083216e+00,9.405807e-07
8.0582708213e+07,1.9448835256e+01,2.0300841807e+00,8.604936e-07
8.0807429416e+07,1.9325244949e+01,2.0299284682e+00,6.969779e-07
8.0992150619e+07,1.9284314868e+01,2.0297947647e+00,7.797482e-07
8.1216872222e+07,1.9429923490e+01,2.0296402597e+00,9.451077e-07
8.1401593425e+07,1.9379456217e+01,2.0295117965e+00,6.171782e-07
8.1586315027e+07,1.9318247411e+01,2.0293827858e+00,5.818985e-07
8.1811036231e+07,1.9360539177e+01,2.0292397138e+00,5.783581e-07
8.1995757434e+07,1.9356712487e+01,2.0291257375e+00,7.175721e-07
8.2180479036e+07,1.9424199865e+01,2.0290149860e+00,9.381371e-07
8.2405200240e+07,1.9378553887e+01,2.0288930312e+00,9.170337e-07
8.2589921842e+07,1.9235604308e+01,2.0287921029e+00,6.392910e-07
8.2814643046e+07,1.9494885199e+01,2.0286770312e+00,5.927919e-07
8.2999364249e+07,1.9390533929e+01,2.0285930152e+00,9.042549e-07
8.3184085851e+07,1.9336828086e+01,2.0285046112e+00,6.223113e-07
8.3408807055e+07,1.9433379409e+01,2.0284066905e+00,6.570521e-07
8.3593528657e+07,1.9382252235e+01,2.0283316620e+00,5.820766e-07
8.3818249861e+07,1.9421121288e+01,2.0282354265e+00,5.857578e-07
8.4002971064e+07,1.9387220204e+01,2.0281556807e+00,6.678697e-07
8.4187692666e+07,1.9287604881e+01,2.0280769552e+00,9.206315e-07
8.4412413870e+07,1.9418949002e+01,2.0279701729e+00,8.489168e-07
8.4597135472e+07,1.9509773074e+01,2.0278864701e+00,2.083541e-07
8.4781856675e+07,1.9216401940e+01,2.0278069294e+00,9.046336e-07
8.5006577878e+07,1.9414096157e+01,2.0277050389e+00,8.936605e-07
8.5191299481e+07,1.9462688618e+01,2.0276289728e+00,6.512535e-07
8.5416020685e+07,1.9361418825e+01,2.0275466298e+00,7.190999e-07
8.5600742287e+07,1.9431221677e+01,2.0274786523e+00,5.957975e-07
8.5785463490e+07,1.9280300811e+01,2.0274179682e+00,6.624672e-07
8.6010184693e+07,1.9503626551e+01,2.0273485041e+00,6.387263e-07
8.6194906296e+07,1.9431880288e+01,2.0272968021e+00,7.932346e-07
8.6419627500e+07,1.9288905802e+01,2.0272431680e+00,7.395559e-07
8.6604348702e+07,1.9456957016e+01,2.0272037955e+00,6.703043e-07
8.6789070305e+07,1.9490611952e+01,2.0271653172e+00,8.899124e-07
8.7013791508e+07,1.9307132367e+01,2.0271260483e+00,8.969176e-07
8.7198513111e+07,1.9374254657e+01,2.0270898927e+00,7.452250e-07
8.7383234314e+07,1.9484087358e+01,2.0270507946e+00,6.076531e-07
8.7607955517e+07,1.9370165930e+01,2.0270093708e+00,6.097108e-07
8.7792677120e+07,1.9496458733e+01,2.0269682739e+00,6.017332e-07
8.8017398323e+07,1.9397294257e+01,2.0269177498e+00,5.999046e-07
8.8202119926e+07,1.9391668416e+01,2.0268824302e+00,7.244373e-07
8.8386841129e+07,1.9600007607e+01,2.0268503916e+00,5.927770e-07
8.8611562332e+07,1.9280754849e+01,2.0268136136e+00,9.480928e-07
8.8796283935e+07,1.9396472118e+01,2.0267964880e+00,7.272857e-07
8.8981005138e+07,1.9520338241e+01,2.0267829630e+00,7.507895e-07
8.9205726741e+07,1.9500409283e+01,2.0267945284e+00,7.954134e-07
8.9390447944e+07,1.9385584859e+01,2.0268208178e+00,6.158651e-07
8.9615169147e+07,1.9488563535e+01,2.0268626042e+00,6.355733e-07
8.9799890750e+07,1.9521010466e+01,2.0269257262e+00,6.041393e-07
8.9984611953e+07,1.9520303955e+01,2.0269972411e+00,7.387762e-07
9.0209333556e+07,1.9494203309e+01,2.0270892370e+00,6.620851e-07
9.0394054759e+07,1.9502949867e+01,2.0271979139e+00,8.901916e-07
9.0618775962e+07,1.9554580151e+01,2.0273378556e+00,8.261541e-07
9.0803497565e+07,1.9412199855e+01,2.0274586449e+00,1.226227e-07
9.0988218768e+07,1.9499265979e+01,2.0275916416e+00,7.997788e-07
9.1212939971e+07,1.9714579905e+01,2.0277751048e+00,8.823013e-07
9.1397661574e+07,1.9458968444e+01,2.0279225766e+00,6.585870e-07
9.1582382776e+07,1.9478218358e+01,2.0280817615e+00,5.955492e-07
9.1807104380e+07,1.9485619284e+01,2.0282889133e+00,5.896856e-07
9.1991825583e+07,1.9593673619e+01,2.0284842905e+00,6.765992e-07
9.2216546786e+07,1.9481566830e+01,2.0287555930e+00,6.295128e-07
9.2401268389e+07,1.9542419496e+01,2.0289883587e+00,8.206909e-07
9.2585989591e+07,1.9318648431e+01,2.0292406500e+00,2.884367e-07
9.2810711195e+07,1.9742527295e+01,2.0296015357e+00,2.039727e-07
9.2995432398e+07,1.9703819808e+01,2.0299438852e+00,9.386659e-07
9.3180153600e+07,1.9523864632e+01,2.0302979668e+00,6.349767e-07
9.3404875204e+07,1.9524661404e+01,2.0307915123e+00,7.045944e-07
9.3589596406e+07,1.9676461033e+01,2.0312663124e+00,5.900079e-07
9.3814318010e+07,1.9571383476e+01,2.0318727334e+00,5.947061e-07
9.3999039212e+07,1.9922495228e+01,2.0324346029e+00,6.193483e-07
9.4183760415e+07,1.9549957533e+01,2.0330771298e+00,8.975915e-07
9.4408482019e+07,1.9689686405e+01,2.0339135683e+00,8.130449e-07
9.4593203221e+07,1.9578743138e+01,2.0346825056e+00,3.134684e-07
9.4817924825e+07,1.9856202045e+01,2.0357010862e+00,9.530507e-07
9.5002646027e+07,1.9600630960e+01,2.0366006316e+00,9.684984e-07
9.5187367230e+07,1.9971211625e+01,2.0375347187e+00,6.843651e-07
9.5412088834e+07,1.9590378271e+01,2.0387698664e+00,7.631821e-07
9.5596810036e+07,2.0058696951e+01,2.0398436004e+00,5.759004e-07
9.5781531239e+07,1.9890221816e+01,2.0410425060e+00,6.313172e-07
9.6006252842e+07,1.9815067029e+01,2.0425742066e+00,6.073010e-07
9.6190974045e+07,2.0035400997e+01,2.0439549815e+00,8.427483e-07
9.6415695648e+07,1.9745024653e+01,2.0457178066e+00,7.242617e-07
9.6600416851e+07,2.0296971552e+01,2.0472802595e+00,9.290013e-07
9.6785138054e+07,1.9956203728e+01,2.0489009470e+00,9.314989e-07
9.7009859657e+07,1.9910291388e+01,2.0508532122e+00,8.483191e-07
9.7194580860e+07,1.9517081659e+01,2.0524553860e+00,7.752235e-07
9.7419302463e+07,2.0060099237e+01,2.0544116760e+00,8.739032e-07
9.7604023666e+07,1.9919338512e+01,2.0559889238e+00,6.113245e-07
9.7788744869e+07,2.0392868646e+01,2.0575900719e+00,6.144916e-07
9.8013466472e+07,1.9669941370e+01,2.0596312509e+00,5.781318e-07
9.8198187675e+07,2.0030517185e+01,2.0613022507e+00,7.168148e-07
9.8382909278e+07,1.9974370689e+01,2.0629925506e+00,9.075954e-07
9.8607630481e+07,2.0161502358e+01,2.0650951997e+00,9.603313e-07
9.8792351684e+07,1.9793552757e+01,2.0667627767e+00,8.508055e-07
9.9017073287e+07,2.0385439108e+01,2.0687827381e+00,1.161797e-08
9.9201794490e+07,1.9445128088e+01,2.0703922080e+00,8.062407e-07
9.9386516093e+07,2.0459869840e+01,2.0719909084e+00,6.098156e-07
9.9611237296e+07,1.9988888791e+01,2.0739346819e+00,6.311366e-07
9.9795958499e+07,2.0108179005e+01,2.0754675377e+00,5.999836e-07
9.9980680102e+07,1.9729943487e+01,2.0770146564e+00,7.116835e-07
1.0020540130e+08,2.0252379411e+01,2.0788583056e+00,6.777321e-07
1.0039012251e+08,2.0230173053e+01,2.0803888849e+00,9.234916e-07
1.0061484411e+08,1.9675459509e+01,2.0821724707e+00,7.885144e-07
1.0079956531e+08,1.9971485625e+01,2.0835939599e+00,5.952043e-08
1.0098428692e+08,1.9571700262e+01,2.0849790324e+00,8.149294e-07
1.0120900812e+08,2.0201031495e+01,2.0866398672e+00,8.534021e-07
1.0139372932e+08,1.9933076773e+01,2.0879167071e+00,6.576409e-07
1.0161845093e+08,2.0030219376e+01,2.0893645669e+00,7.085046e-07
1.0180317213e+08,1.9772993789e+01,2.0904850040e+00,5.935713e-07
1.0198789373e+08,1.9826961173e+01,2.0914368884e+00,6.617940e-07
1.0221261493e+08,1.9789725971e+01,2.0924525798e+00,6.215829e-07
1.0239733614e+08,1.9906583546e+01,2.0931993633e+00,8.045102e-07
1.0258205774e+08,1.9525364589e+01,2.0938174216e+00,1.196028e-08
1.0280677894e+08,1.9740101896e+01,2.0944545031e+00,3.315234e-07
1.0299150055e+08,1.9691276288e+01,2.0948473970e+00,9.022124e-07
1.0321622175e+08,1.9728185602e+01,2.0952052057e+00,8.771612e-07
1.0340094295e+08,1.9635014859e+01,2.0953737361e+00,7.195585e-07
1.0358566456e+08,1.9579004560e+01,2.0954250866e+00,6.078967e-07
1.0381038576e+08,1.9632912357e+01,2.0953804274e+00,6.078917e-07
1.0399510736e+08,1.9687562519e+01,2.0952810346e+00,6.111975e-07
1.0421982856e+08,1.9589731959e+01,2.0950921236e+00,5.939990e-07
1.0440454977e+08,1.9656422143e+01,2.0949057710e+00,7.760634e-07
1.0458927137e+08,1.9666130310e+01,2.0947100984e+00,8.453608e-07
1.0481399257e+08,1.9543965643e+01,2.0944906499e+00,9.181167e-07
1.0499871378e+08,1.9630835516e+01,2.0943388082e+00,9.037872e-07
1.0518343538e+08,1.9773443333e+01,2.0942367039e+00,7.260774e-07
1.0540815658e+08,1.9468914212e+01,2.0941836132e+00,7.664925e-07
1.0559287819e+08,1.9658632624e+01,2.0942321269e+00,5.989806e-07
1.0581759939e+08,1.9880289067e+01,2.0944465098e+00,6.338473e-07
1.0600232059e+08,1.9636526334e+01,2.0947494123e+00,5.994586e-07
1.0618704219e+08,1.9719438065e+01,2.0951848278e+00,7.781678e-07
1.0641176340e+08,1.9988327557e+01,2.0959054839e+00,6.889849e-07
1.0659648500e+08,1.9749338030e+01,2.0966602019e+00,9.108054e-07
1.0678120620e+08,2.0098560787e+01,2.0975244577e+00,8.992580e-07
1.0700592741e+08,1.9823683821e+01,2.0987419496e+00,7.358986e-07
1.0719064901e+08,2.0467481431e+01,2.0998236011e+00,8.205998e-07
1.0741537021e+08,2.0139488494e+01,2.1012991709e+00,9.044275e-07
1.0760009182e+08,2.0262972385e+01,2.1025709173e+00,6.432280e-07
1.0778481302e+08,1.9819476560e+01,2.1039683418e+00,5.932788e-07
1.0800953422e+08,2.0259883536e+01,2.1057632197e+00,5.699945e-07
1.0819425582e+08,2.0576028430e+01,2.1073576141e+00,6.739672e-07
1.0841897703e+08,2.0119778163e+01,2.1093261576e+00,6.390339e-07
1.0860369863e+08,2.0070156773e+01,2.1110177101e+00,9.449864e-07
1.0878841983e+08,2.0807445997e+01,2.1127182018e+00,5.142643e-07
1.0901314104e+08,1.9880577692e+01,2.1148777986e+00,8.894057e-11
1.0919786264e+08,2.0269133311e+01,2.1167179206e+00,9.108774e-07
1.0938258384e+08,2.0745923981e+01,2.1185891979e+00,6.137595e-07
1.0960730505e+08,1.9878155010e+01,2.1210037474e+00,6.510150e-07
1.0979202665e+08,2.0622750431e+01,2.1230547842e+00,5.805068e-07
1.1001674785e+08,2.0697943268e+01,2.1256730610e+00,5.902277e-07
1.1020146945e+08,2.0452103038e+01,2.1279917714e+00,6.484176e-07
1.1038619066e+08,2.0706876596e+01,2.1303579517e+00,9.580242e-07
1.1061091186e+08,2.0674147524e+01,2.1334233828e+00,8.366276e-07
1.1079563346e+08,2.0476644648e+01,2.1359783131e+00,3.948475e-07
1.1098035467e+08,2.1094838954e+01,2.1386697043e+00,8.267929e-07
1.1120507627e+08,2.0731057238e+01,2.1419603207e+00,9.045910e-07
1.1138979747e+08,2.0564988935e+01,2.1447935332e+00,6.658844e-07
1.1161451867e+08,2.1265247259e+01,2.1482710284e+00,7.178933e-07
1.1179924028e+08,2.0854339829e+01,2.1512535510e+00,5.910959e-07
1.1198396148e+08,2.0601694673e+01,2.1542458435e+00,6.554421e-07
1.1220868308e+08,2.1251121981e+01,2.1580433772e+00,6.160326e-07
1.1239340429e+08,2.0905533379e+01,2.1611831806e+00,7.952051e-07
1.1261812549e+08,1.9883012029e+01,2.1651702795e+00,7.474829e-07
1.1280284709e+08,2.1226737892e+01,2.1684898887e+00,7.353964e-07
1.1298756830e+08,2.1046936733e+01,2.1718446355e+00,8.850105e-07
1.1321228990e+08,2.0587659433e+01,2.1760601868e+00,8.560959e-07
1.1339701110e+08,2.1328390778e+01,2.1795073286e+00,7.281089e-07
1.1358173230e+08,1.9797912377e+01,2.1830160571e+00,6.018180e-07
1.1380645391e+08,2.1699983851e+01,2.1873537419e+00,6.120229e-07
1.1399117511e+08,2.0942741766e+01,2.1909188965e+00,6.214852e-07
1.1421589631e+08,2.1122918623e+01,2.1953447328e+00,6.075589e-07
1.1440061792e+08,2.1190883405e+01,2.1989241181e+00,7.404540e-07
1.1458533912e+08,2.1269389574e+01,2.2025748684e+00,7.390165e-07
1.1481006072e+08,2.0724637439e+01,2.2069638318e+00,9.022146e-07
1.1499478193e+08,2.1280710676e+01,2.2106443020e+00,6.201839e-07
1.1521950313e+08,2.1178245006e+01,2.2150606608e+00,2.843947e-07
1.1540422473e+08,2.1358915975e+01,2.2187528243e+00,7.691182e-07
1.1558894593e+08,2.0977684120e+01,2.2223745508e+00,6.106042e-07
1.1581366754e+08,2.1326102544e+01,2.2268828720e+00,6.495025e-07
1.1599838874e+08,2.1304389771e+01,2.2305679071e+00,6.038582e-07
1.1618310994e+08,2.0981285288e+01,2.2343447887e+00,7.537330e-07
1.1640783155e+08,2.1532172639e+01,2.2389109974e+00,6.745384e-07
1.1659255275e+08,2.1556202218e+01,2.2426893998e+00,8.847606e-07
1.1681727435e+08,2.0479733184e+01,2.2473812117e+00,8.140039e-07
1.1700199556e+08,2.1698540264e+01,2.2511960968e+00,5.175680e-08
1.1718671676e+08,1.9695891024e+01,2.2550165890e+00,7.766462e-07
1.1741143836e+08,2.1468450472e+01,2.2596833928e+00,8.969746e-07
1.1759615956e+08,2.0865568337e+01,2.2635265678e+00,6.538449e-07
1.1778088117e+08,2.1459289505e+01,2.2674610436e+00,6.055996e-07
1.1800560237e+08,2.1055247316e+01,2.2722253751e+00,5.897104e-07
1.1819032357e+08,2.2083606967e+01,2.2762589672e+00,6.394522e-07
1.1841504518e+08,2.0243601453e+01,2.2811858472e+00,6.118551e-07
1.1859976638e+08,2.1815252729e+01,2.2853264857e+00,8.710082e-07
1.1878448758e+08,2.1191069406e+01,2.2894727028e+00,3.500326e-07
1.1900920919e+08,2.1632568846e+01,2.2946434506e+00,5.282762e-07
1.1919393039e+08,2.1454496858e+01,2.2988809168e+00,9.199167e-07
1.1941865199e+08,2.2000011331e+01,2.3041804523e+00,9.217742e-07
1.1960337319e+08,2.0904760587e+01,2.3085182040e+00,6.948707e-07
1.1978809440e+08,2.2213285140e+01,2.3129528947e+00,5.770597e-07
1.2001281600e+08,2.1949989972e+01,2.3182899847e+00,5.971208e-07
1.2019753720e+08,2.1031112971e+01,2.3226923853e+00,6.221327e-07
1.2038225881e+08,2.1827610035e+01,2.3271379929e+00,8.950610e-07
1.2060698001e+08,2.1921468549e+01,2.3324789937e+00,8.073904e-07
1.2079170121e+08,2.0971840440e+01,2.3368978456e+00,6.523262e-07
1.2101642282e+08,2.2381014160e+01,2.3423402994e+00,9.473883e-07
1.2120114402e+08,2.0682795478e+01,2.3467539166e+00,9.402988e-07
1.2138586562e+08,2.2195316667e+01,2.3511780428e+00,7.223311e-07
1.2161058682e+08,2.1202379358e+01,2.3564878901e+00,7.903454e-07
1.2179530803e+08,2.1892642235e+01,2.3608898795e+00,5.900084e-07
1.2198002963e+08,2.0162436474e+01,2.3652263081e+00,6.134678e-07
1.2220475083e+08,2.2024325227e+01,2.3704716228e+00,5.971889e-07
1.2238947244e+08,2.0159021869e+01,2.3747530615e+00,7.771164e-07
1.2261419364e+08,2.2338319531e+01,2.3798790833e+00,7.058342e-07
1.2279891484e+08,1.9881430100e+01,2.3840417809e+00,9.055451e-07
1.2298363644e+08,2.2172844275e+01,2.3881713296e+00,9.433518e-07
1.2320835765e+08,2.0874633700e+01,2.3931658476e+00,8.309177e-07
1.2339307885e+08,2.1858451489e+01,2.3972217064e+00,7.372544e-07
1.2361780045e+08,2.0225676249e+01,2.4021610713e+00,8.186448e-07
1.2380252166e+08,2.1861394168e+01,2.4061455999e+00,6.136528e-07
1.2398724326e+08,2.1854032827e+01,2.4100640068e+00,6.061286e-07
1.2421196446e+08,2.1912747528e+01,2.4148319596e+00,5.983678e-07
1.2439668567e+08,2.0636222266e+01,2.4187953447e+00,7.244992e-07
1.2458140727e+08,2.1996581240e+01,2.4227027261e+00,8.924435e-07
1.2480612847e+08,1.9963791477e+01,2.4274330263e+00,9.648959e-07
1.2499085007e+08,2.1880532067e+01,2.4312625329e+00,1.477889e-07
1.2521557128e+08,1.9931469897e+01,2.4358774933e+00,1.282138e-07
1.2540029248e+08,2.2260181426e+01,2.4396480797e+00,7.614596e-07
1.2558501408e+08,2.0562848300e+01,2.4434185622e+00,6.165930e-07
1.2580973529e+08,2.1922629097e+01,2.4479353391e+00,6.403856e-07
1.2599445689e+08,2.1565065776e+01,2.4516593441e+00,5.862094e-07
1.2621917809e+08,2.1633315904e+01,2.4560414980e+00,6.037751e-07
1.2640389930e+08,2.1611876730e+01,2.4596472908e+00,6.894965e-07
1.2658862090e+08,2.1678408443e+01,2.4631205213e+00,9.051876e-07
1.2681334210e+08,2.1583098734e+01,2.4673503140e+00,8.207080e-07
1.2699806370e+08,2.1288040390e+01,2.4707256308e+00,5.702525e-08
1.2718278491e+08,2.1748465167e+01,2.4741275056e+00,7.789656e-07
1.2740750611e+08,2.1042116747e+01,2.4781642518e+00,8.563262e-07
1.2759222771e+08,2.1147327822e+01,2.4814869355e+00,6.626280e-07
1.2781694892e+08,2.1643261297e+01,2.4854553419e+00,7.004031e-07
1.2800167012e+08,2.2020302168e+01,2.4886962626e+00,6.036481e-07
1.2818639172e+08,2.1111543231e+01,2.4919407349e+00,6.495163e-07
1.2841111293e+08,2.1407818567e+01,2.4959801498e+00,6.126569e-07
1.2859583453e+08,2.1968275979e+01,2.4992639050e+00,7.918903e-07
1.2878055573e+08,2.1257923499e+01,2.5026141921e+00,7.312869e-08
1.2900527693e+08,2.1792528402e+01,2.5066354503e+00,4.166905e-07
1.2918999854e+08,2.1824220451e+01,2.5100326402e+00,9.199786e-07
1.2941471974e+08,2.1702208282e+01,2.5141214537e+00,8.418172e-07
1.2959944134e+08,2.1965525508e+01,2.5175472367e+00,7.045165e-07
1.2978416255e+08,2.0946200703e+01,2.5209305368e+00,5.916712e-07
1.3000888375e+08,2.1958934145e+01,2.5251389444e+00,5.984135e-07
1.3019360535e+08,2.1024074533e+01,2.5285731429e+00,6.143111e-07
1.3041832656e+08,2.2156796820e+01,2.5328075107e+00,6.105738e-07
1.3060304816e+08,1.9915133454e+01,2.5362900269e+00,7.460654e-07
1.3078776936e+08,2.2325694430e+01,2.5397949830e+00,7.780820e-07
1.3101249056e+08,2.1910995103e+01,2.5441485379e+00,9.001782e-07
1.3119721217e+08,2.1778230780e+01,2.5476943030e+00,8.507850e-07
1.3138193337e+08,2.1084254444e+01,2.5513502240e+00,7.251788e-07
1.3160665497e+08,2.2000736871e+01,2.5558335330e+00,7.879211e-07
1.3179137618e+08,2.2334540409e+01,2.5595726624e+00,6.190081e-07
1.3201609738e+08,2.2314728664e+01,2.5642062840e+00,6.367479e-07
1.3220081898e+08,2.1325413006e+01,2.5681448356e+00,5.887162e-07
1.3238554018e+08,2.2535997842e+01,2.5721080921e+00,7.553510e-07
1.3261026139e+08,2.0769535565e+01,2.5770149779e+00,6.678480e-07
1.3279498299e+08,2.2259890317e+01,2.5811143569e+00,9.373611e-07
1.3301970419e+08,2.1658546779e+01,2.5861109977e+00,9.758217e-07
1.3320442580e+08,2.2443391048e+01,2.5902924966e+00,2.952100e-07
1.3338914700e+08,2.0353446414e+01,2.5944457764e+00,7.992931e-07
1.3361386820e+08,2.2732928577e+01,2.5994645381e+00,8.554376e-07
1.3379858981e+08,2.1855642971e+01,2.6036022720e+00,6.494620e-07
1.3398331101e+08,2.2513428119e+01,2.6076311334e+00,5.962598e-07
1.3420803261e+08,2.1514598872e+01,2.6125395177e+00,5.849401e-07
1.3439275380e+08,2.2232197121e+01,2.6164844310e+00,6.656198e-07
1.3461747499e+08,2.2430881778e+01,2.6212947698e+00,6.318454e-07
1.3480219658e+08,2.0391413604e+01,2.6251834154e+00,9.658375e-07
1.3498691777e+08,2.2353055324e+01,2.6291043460e+00,2.730292e-07
1.3521163935e+08,2.2106065748e+01,2.6338849727e+00,5.751866e-07
1.3539636054e+08,2.1767592212e+01,2.6379049108e+00,8.519143e-07
1.3558108213e+08,2.2521534345e+01,2.6418802458e+00,6.459139e-07
1.3580580332e+08,2.2643906853e+01,2.6466579890e+00,6.832622e-07
1.3599052451e+08,2.0921684515e+01,2.6505830605e+00,5.745204e-07
1.3621524609e+08,2.2349697842e+01,2.6552511063e+00,5.864731e-07
1.3639996728e+08,2.2308623375e+01,2.6590401437e+00,6.429940e-07
1.3658468887e+08,2.1647309845e+01,2.6628599807e+00,9.512817e-07
1.3680941006e+08,2.2449944488e+01,2.6674010980e+00,8.059455e-07
1.3699413165e+08,2.1359395301e+01,2.6711511224e+00,5.749715e-07
1.3721885283e+08,2.2055307026e+01,2.6755939855e+00,7.535651e-07
1.3740357402e+08,2.2448326930e+01,2.6792463280e+00,8.908416e-07
1.3758829561e+08,2.1810423074e+01,2.6827705778e+00,6.916347e-07
1.3781301680e+08,2.2050094455e+01,2.6870493741e+00,7.307698e-07
1.3799773839e+08,2.2370642453e+01,2.6904429550e+00,5.994021e-07
1.3818245958e+08,2.2027803687e+01,2.6938514415e+00,6.439407e-07
1.3840718116e+08,2.1145899488e+01,2.6978332798e+00,5.968535e-07
1.3859190235e+08,2.2403968852e+01,2.7010455180e+00,7.664765e-07
1.3881662354e+08,2.0084786041e+01,2.7047812441e+00,7.363736e-07
1.3900134513e+08,2.2448016934e+01,2.7077213127e+00,8.200172e-07
1.3918606632e+08,2.1701032720e+01,2.7105204216e+00,9.807288e-07
1.3941078790e+08,2.0853896641e+01,2.7138159940e+00,6.562842e-08
1.3959550909e+08,2.2422507423e+01,2.7163684015e+00,7.272149e-07
1.3978023068e+08,2.1435864346e+01,2.7188133562e+00,5.926921e-07
1.4000495187e+08,2.1079294996e+01,2.7216827440e+00,6.045840e-07
1.4018967306e+08,2.2301406724e+01,2.7238776347e+00,6.152921e-07
1.4041439464e+08,2.1221312550e+01,2.7264128193e+00,6.087881e-07
1.4059911583e+08,2.1682554442e+01,2.7284278200e+00,7.245085e-07
1.4078383742e+08,2.1688684937e+01,2.7302746293e+00,9.360268e-07
1.4100855861e+08,2.1582285668e+01,2.7324389021e+00,8.763244e-07
1.4119328020e+08,2.0851606971e+01,2.7340387179e+00,1.022003e-07
1.4141800138e+08,2.1733595169e+01,2.7358452983e+00,5.090611e-08
1.4160272257e+08,2.0864201195e+01,2.7371350770e+00,7.723178e-07
1.4178744416e+08,2.1705551564e+01,2.7383376483e+00,6.318938e-07
1.4201216535e+08,2.0869523592e+01,2.7395476345e+00,6.616235e-07
1.4219688694e+08,2.1317160404e+01,2.7404208134e+00,5.937319e-07
1.4238160813e+08,1.9888993697e+01,2.7411099388e+00,6.970293e-07
1.4260632971e+08,2.1107809841e+01,2.7416992349e+00,6.366545e-07
1.4279105090e+08,1.9914863815e+01,2.7419533024e+00,8.420032e-07
1.4301577209e+08,2.0853713983e+01,2.7419573470e+00,8.255557e-07
1.4320049368e+08,2.0693482503e+01,2.7416720080e+00,1.173174e-07
1.4338521487e+08,1.9971382956e+01,2.7411499766e+00,8.097939e-07
1.4360993645e+08,2.0480950199e+01,2.7401441842e+00,9.290125e-07
1.4379465764e+08,2.0179591842e+01,2.7389895686e+00,6.903205e-07
1.4401937923e+08,1.9999035185e+01,2.7372244540e+00,7.275627e-07
1.4420410042e+08,1.9919999292e+01,2.7354590395e+00,6.019051e-07
1.4438882161e+08,1.9987460491e+01,2.7335182648e+00,6.342730e-07
1.4461354319e+08,1.9849975271e+01,2.7311201199e+00,6.021849e-07
1.4479826438e+08,1.9884847684e+01,2.7293031832e+00,8.208709e-07
1.4498298597e+08,2.0403796447e+01,2.7277597557e+00,3.400307e-07
1.4520770716e+08,1.9983400661e+01,2.7262741475e+00,8.957260e-07
1.4539242875e+08,2.0362122161e+01,2.7253744682e+00,9.131270e-07
1.4561714993e+08,2.0506172124e+01,2.7246308888e+00,7.887719e-07
1.4580187112e+08,2.0931550505e+01,2.7243351776e+00,7.337767e-07
1.4598659271e+08,2.0037533587e+01,2.7242515133e+00,5.913999e-07
1.4621131390e+08,2.1475587009e+01,2.7244811752e+00,6.267342e-07
1.4639603549e+08,1.9877605272e+01,2.7248919872e+00,6.079838e-07
1.4658075667e+08,2.1511983004e+01,2.7255187445e+00,8.181378e-07
1.4680547826e+08,2.1677979366e+01,2.7264819050e+00,6.967847e-07
1.4699019945e+08,1.9817907147e+01,2.7274795101e+00,9.307348e-07
1.4721492064e+08,2.1606737262e+01,2.7289058773e+00,9.326982e-07
1.4739964223e+08,2.1455981857e+01,2.7302092759e+00,7.478556e-07
1.4758436342e+08,2.1151570151e+01,2.7316989261e+00,7.535982e-07
1.4780908500e+08,2.1927972313e+01,2.7336395345e+00,8.706903e-07
1.4799380619e+08,2.0001154547e+01,2.7353914855e+00,6.329552e-07
1.4821852778e+08,2.1772214802e+01,2.7376505687e+00,6.732157e-07
1.4840324897e+08,2.1125903202e+01,2.7395742335e+00,5.721637e-07
1.4858797016e+08,2.1987205588e+01,2.7416185352e+00,6.850167e-07
1.4881269174e+08,1.9886756872e+01,2.7441965948e+00,6.372449e-07
1.4899741293e+08,2.2454774656e+01,2.7464029162e+00,9.852946e-07
1.4918213452e+08,2.1066017763e+01,2.7486588578e+00,6.768160e-07
1.4940685571e+08,2.2258135766e+01,2.7515467284e+00,3.399688e-07
1.4959157730e+08,2.1575180316e+01,2.7539512369e+00,8.993037e-07
1.4981629848e+08,2.2048331300e+01,2.7570162048e+00,8.991375e-07
1.5000101967e+08,2.1014923064e+01,2.7595635846e+00,6.563426e-07
1.5018574126e+08,2.2250488137e+01,2.7622168209e+00,5.741994e-07
1.5041046245e+08,2.2058937520e+01,2.7654711663e+00,5.891137e-07
1.5059518404e+08,1.9983902501e+01,2.7682310883e+00,6.387911e-07
1.5081990522e+08,2.2235614175e+01,2.7716419147e+00,6.094392e-07
1.5100462681e+08,2.2332441006e+01,2.7744504920e+00,8.550540e-07
1.5118934800e+08,2.1762247031e+01,2.7773669413e+00,2.016320e-07
1.5141406919e+08,2.2500959931e+01,2.7809570717e+00,6.672592e-07
1.5159879078e+08,2.0261703283e+01,2.7839946104e+00,9.089113e-07
1.5178351196e+08,2.2780662175e+01,2.7870621571e+00,6.681666e-07
1.5200823355e+08,2.1630253718e+01,2.7908436105e+00,7.518279e-07
1.5219295474e+08,2.2867190643e+01,2.7940494640e+00,5.837307e-07
1.5241767633e+08,2.0987883548e+01,2.7979687882e+00,5.949503e-07
1.5260239752e+08,2.2588297956e+01,2.8012598645e+00,6.123982e-07
1.5278711870e+08,2.0766649928e+01,2.8045616019e+00,8.133077e-07
1.5301184029e+08,2.2725856449e+01,2.8086581353e+00,7.379543e-07
1.5319656148e+08,2.2258044934e+01,2.8120265602e+00,6.693303e-07
1.5338128307e+08,2.2978041038e+01,2.8154869015e+00,8.911870e-07
1.5360600426e+08,2.1491560812e+01,2.8196914581e+00,9.513703e-07
1.5379072585e+08,2.3086253776e+01,2.8232370342e+00,7.571171e-07
1.5401544703e+08,2.2349779275e+01,2.8276068325e+00,7.788970e-07
1.5420016822e+08,2.2255334891e+01,2.8313383960e+00,6.066761e-07
1.5438488981e+08,2.3348104229e+01,2.8350988593e+00,6.145347e-07
1.5460961100e+08,2.3019009294e+01,2.8397592119e+00,5.997386e-07
1.5479433259e+08,2.0818789189e+01,2.8436896969e+00,7.201859e-07
1.5501905377e+08,2.3347877875e+01,2.8484867121e+00,6.823889e-07
1.5520377536e+08,2.1110736582e+01,2.8524657525e+00,9.321465e-07
1.5538849655e+08,2.3100529741e+01,2.8565198856e+00,6.013725e-07
1.5561321774e+08,2.2406654070e+01,2.8614459492e+00,2.487587e-08
1.5579793933e+08,2.3027197354e+01,2.8655479622e+00,7.801907e-07
1.5598266051e+08,2.1924752211e+01,2.8696003657e+00,6.074838e-07
1.5620738210e+08,2.3442001653e+01,2.8745816092e+00,6.670214e-07
1.5639210329e+08,2.1668742674e+01,2.8787046919e+00,6.088055e-07
1.5661682488e+08,2.3424094203e+01,2.8837214990e+00,6.020272e-07
1.5680154607e+08,2.0273093753e+01,2.8878882352e+00,6.715115e-07
1.5698626725e+08,2.3250473236e+01,2.8920868974e+00,8.803240e-07
1.5721098884e+08,2.1039377267e+01,2.8972257940e+00,8.031180e-07
1.5739571003e+08,2.3213508015e+01,2.9014765224e+00,4.746538e-08
1.5758043162e+08,2.2826160793e+01,2.9058212188e+00,7.886138e-07
1.5780515281e+08,2.3766119698e+01,2.9111241113e+00,8.885793e-07
1.5798987439e+08,2.2807219988e+01,2.9155248163e+00,6.803809e-07
1.5821459558e+08,2.0419919340e+01,2.9209242906e+00,7.187486e-07
1.5839931677e+08,2.3493905044e+01,2.9253784096e+00,5.904680e-07
1.5858403836e+08,2.3303316048e+01,2.9298139130e+00,6.307096e-07
1.5880875955e+08,2.0127081244e+01,2.9352796036e+00,6.208215e-07
1.5899348114e+08,2.3597490553e+01,2.9398283975e+00,7.981001e-07
1.5921820232e+08,2.0724610150e+01,2.9454371929e+00,7.757364e-07
1.5940292391e+08,2.3899027941e+01,2.9501049641e+00,8.415840e-07
1.5958764510e+08,2.0318990661e+01,2.9548028202e+00,9.332555e-07
1.5981236629e+08,2.3579249977e+01,2.9605730994e+00,8.456228e-07
1.5999708788e+08,2.3222786309e+01,2.9653758948e+00,7.229017e-07
1.6018180906e+08,2.3428426059e+01,2.9701597110e+00,5.956748e-07
1.6040653065e+08,2.3428178985e+01,2.9761081197e+00,6.265600e-07
1.6059125184e+08,2.3696912655e+01,2.9809884464e+00,6.153626e-07
1.6081597343e+08,2.3101553899e+01,2.9870378651e+00,5.860363e-07
1.6100069462e+08,2.3778108586e+01,2.9919915803e+00,7.435439e-07
1.6118541580e+08,2.3714414225e+01,2.9970549804e+00,8.423007e-07
1.6141013739e+08,2.2732995977e+01,3.0032162021e+00,9.099992e-07
1.6159485858e+08,2.4225176027e+01,3.0083639482e+00,8.692045e-07
1.6181958017e+08,2.3938679595e+01,3.0146495118e+00,1.708491e-07
1.6200430136e+08,2.3495969466e+01,3.0198796413e+00,8.213902e-07
1.6218902294e+08,2.2656473898e+01,3.0251911712e+00,6.181279e-07
1.6241374413e+08,2.3832840180e+01,3.0316952232e+00,6.531169e-07
1.6259846532e+08,2.3988320761e+01,3.0370548337e+00,5.861504e-07
1.6278318691e+08,2.3982810634e+01,3.0425139333e+00,7.252490e-07
1.6300790810e+08,2.3905543488e+01,3.0491138394e+00,6.672899e-07
1.6319262968e+08,2.3800429344e+01,3.0546141574e+00,9.199307e-07
1.6341735087e+08,2.4274456109e+01,3.0612495219e+00,9.256089e-07
1.6360207246e+08,2.3732863597e+01,3.0667575370e+00,4.429266e-07
1.6378679365e+08,2.3853130537e+01,3.0722028937e+00,8.749257e-07
1.6401151484e+08,2.4203385610e+01,3.0789078267e+00,9.263244e-07
1.6419623642e+08,2.3003476971e+01,3.0844004577e+00,6.565261e-07
1.6438095761e+08,2.4418495589e+01,3.0899491783e+00,5.795634e-07
1.6460567920e+08,2.3076442849e+01,3.0966464984e+00,5.740950e-07
1.6479040039e+08,2.4514953204e+01,3.1021894072e+00,6.498679e-07
1.6501512198e+08,2.3810987986e+01,3.1089315767e+00,6.117176e-07
1.6519984317e+08,2.3922671297e+01,3.1144233124e+00,9.213220e-07
1.6538456435e+08,2.4292196705e+01,3.1199778747e+00,5.553942e-07
1.6560928594e+08,2.4345452465e+01,3.1266580771e+00,8.309173e-07
1.6579400713e+08,2.3870681140e+01,3.1321294933e+00,8.958246e-07
1.6601872872e+08,2.1495294786e+01,3.1387528395e+00,9.411008e-07
1.6620344991e+08,2.4042298611e+01,3.1441454124e+00,7.147852e-07
1.6638817149e+08,2.4216563007e+01,3.1494543848e+00,5.856577e-07
1.6661289268e+08,2.3125403985e+01,3.1559314072e+00,6.001395e-07
1.6679761387e+08,2.4136200544e+01,3.1611984704e+00,6.318015e-07
1.6698233546e+08,2.3397558749e+01,3.1664358941e+00,8.794590e-07
1.6720705665e+08,2.4526946936e+01,3.1728077639e+00,7.705261e-07
1.6739177823e+08,2.1757558791e+01,3.1779943241e+00,8.109200e-07
1.6761649942e+08,2.4331831238e+01,3.1843111357e+00,9.193509e-07
1.6780122101e+08,2.3767083670e+01,3.1895196619e+00,9.707275e-07
1.6798594220e+08,2.4082659771e+01,3.1946553737e+00,7.339152e-07
1.6821066339e+08,2.3869351548e+01,3.2009564589e+00,7.804056e-07
1.6839538497e+08,2.4097467945e+01,3.2060758977e+00,5.976274e-07
1.6858010616e+08,2.4220904830e+01,3.2112430022e+00,6.105886e-07
1.6880482775e+08,2.3279023181e+01,3.2174495154e+00,5.976360e-07
1.6898954894e+08,2.4187778048e+01,3.2225679470e+00,7.547038e-07
1.6921427053e+08,2.2465716612e+01,3.2287541478e+00,7.018395e-07
1.6939899171e+08,2.4374116196e+01,3.2338036687e+00,9.466604e-07
1.6958371290e+08,2.3856251070e+01,3.2388437027e+00,9.472941e-07
1.6980843449e+08,2.1289365047e+01,3.2450259946e+00,1.910852e-07
1.6999315568e+08,2.4207532631e+01,3.2500974020e+00,7.696190e-07
1.7021787727e+08,2.4127551220e+01,3.2562747001e+00,8.270404e-07
1.7040259845e+08,2.2823649144e+01,3.2614304478e+00,6.318914e-07
1.7058732004e+08,2.4302926430e+01,3.2666123326e+00,6.086896e-07
1.7081204123e+08,2.4053693272e+01,3.2729801504e+00,5.974921e-07
1.7099676242e+08,2.4452881905e+01,3.2783188961e+00,6.843968e-07
1.7118148401e+08,2.4171367538e+01,3.2836388672e+00,9.194307e-07
1.7140620520e+08,2.4533445868e+01,3.2902393699e+00,8.317844e-07
1.7159092678e+08,2.2941505279e+01,3.2956625486e+00,3.105844e-08
1.7181564797e+08,2.4543262789e+01,3.3023609303e+00,1.710552e-07
1.7200036956e+08,2.3529703276e+01,3.3078976793e+00,8.466046e-07
1.7218509075e+08,2.4631619332e+01,3.3135292721e+00,6.521209e-07
1.7240981194e+08,2.3401356575e+01,3.3204025160e+00,6.905545e-07
1.7259453352e+08,2.5101781724e+01,3.3261340766e+00,6.030809e-07
1.7281925471e+08,2.4413032487e+01,3.3331608840e+00,6.077971e-07
1.7300397630e+08,2.4520817000e+01,3.3389073781e+00,6.304687e-07
1.7318869749e+08,2.4207187160e+01,3.3447308562e+00,8.113788e-07
1.7341341908e+08,2.4751472764e+01,3.3517827859e+00,7.445473e-07
1.7359814026e+08,2.4536943889e+01,3.3575830648e+00,1.655991e-07
1.7378286145e+08,2.4348079572e+01,3.3634623990e+00,8.783396e-07
1.7400758304e+08,2.4781154720e+01,3.3705987125e+00,8.689497e-07
1.7419230423e+08,2.3901872621e+01,3.3764968648e+00,7.161974e-07
1.7441702582e+08,2.4696126823e+01,3.3837639592e+00,7.612202e-07
1.7460174700e+08,2.4914837580e+01,3.3897332695e+00,6.051461e-07
1.7478646859e+08,2.3181465544e+01,3.3957698495e+00,6.102738e-07
1.7501118978e+08,2.5101062695e+01,3.4031684565e+00,6.030518e-07
1.7519591097e+08,2.3799487400e+01,3.4092840859e+00,7.873118e-07
1.7538063256e+08,2.5215434333e+01,3.4154035232e+00,7.725667e-07
1.7560535374e+08,2.4526103710e+01,3.4229744375e+00,9.382595e-07
1.7579007533e+08,2.5359777858e+01,3.4292051900e+00,8.208061e-07
1.7601479652e+08,2.3866391462e+01,3.4369063068e+00,5.231644e-07
1.7619951811e+08,2.5166035566e+01,3.4432418351e+00,7.905917e-07
1.7638423930e+08,2.5244295055e+01,3.4496597733e+00,6.126433e-07
1.7660896049e+08,2.5016960523e+01,3.4574618772e+00,6.365615e-07
1.7679368207e+08,2.5251775578e+01,3.4639775714e+00,5.939966e-07
1.7701840326e+08,2.5615704541e+01,3.4718849616e+00,5.847565e-07
1.7720312485e+08,2.3942848274e+01,3.4784578875e+00,6.717639e-07
1.7738784604e+08,2.5573237011e+01,3.4850096170e+00,9.145517e-07
1.7761256763e+08,2.5379674852e+01,3.4929982053e+00,8.601813e-07
1.7779728881e+08,2.4921416802e+01,3.4996288199e+00,5.707375e-07
1.7798201000e+08,2.5692821502e+01,3.5062323157e+00,8.188049e-07
1.7820673159e+08,2.4530171545e+01,3.5143171092e+00,9.449878e-07
1.7839145278e+08,2.5252019467e+01,3.5210274019e+00,6.300191e-07
1.7861617437e+08,2.5540852673e+01,3.5291600424e+00,6.823966e-07
1.7880089555e+08,2.5077439411e+01,3.5359060398e+00,5.734382e-07
1.7898561714e+08,2.5308905265e+01,3.5425973965e+00,6.755100e-07
1.7921033833e+08,2.5683868433e+01,3.5507987627e+00,6.327856e-07
1.7939505952e+08,2.5191540148e+01,3.5574786190e+00,9.492787e-07
1.7961978111e+08,2.5267824155e+01,3.5656824991e+00,8.354084e-07
1.7980450229e+08,2.5791475422e+01,3.5723728854e+00,4.961357e-07
1.7998922388e+08,2.5041309978e+01,3.5791273916e+00,9.643385e-07
1.8021394507e+08,2.5396337817e+01,3.5872853706e+00,9.466396e-07
1.8039866666e+08,2.5705066686e+01,3.5940508163e+00,7.010732e-07
1.8058338785e+08,2.5150328276e+01,3.6007640058e+00,5.844813e-07
1.8080810903e+08,2.5532046906e+01,3.6090029998e+00,5.834532e-07
1.8099283062e+08,2.5736881943e+01,3.6157151773e+00,6.158763e-07
1.8121755181e+08,2.5007666640e+01,3.6238892762e+00,5.974015e-07
1.8140227340e+08,2.5786658742e+01,3.6306652292e+00,8.071478e-07
1.8158699459e+08,2.5618549577e+01,3.6374024853e+00,6.764202e-07
1.8181171617e+08,2.4441024324e+01,3.6456767860e+00,9.461500e-07
1.8199643736e+08,2.6153612333e+01,3.6524571627e+00,9.360339e-07
1.8218115855e+08,2.4950557602e+01,3.6592367661e+00,6.818600e-07
1.8240588014e+08,2.5832444216e+01,3.6675626676e+00,7.809584e-07
1.8259060133e+08,2.5631204931e+01,3.6743775274e+00,5.919384e-07
1.8281532292e+08,2.5780587214e+01,3.6827649400e+00,6.119401e-07
1.8300004410e+08,2.5251954559e+01,3.6896503917e+00,6.089896e-07
1.8318476569e+08,2.5909863304e+01,3.6966160407e+00,7.618587e-07
1.8340948688e+08,2.5723568485e+01,3.7050668015e+00,7.021540e-07
1.8359420807e+08,2.6005503413e+01,3.7120859846e+00,8.413160e-07
1.8381892966e+08,2.5860972552e+01,3.7205895421e+00,9.258192e-07
1.8400365084e+08,2.6073044023e+01,3.7276543170e+00,5.801204e-07
1.8418837243e+08,2.5451455513e+01,3.7346735784e+00,8.141186e-07
1.8441309362e+08,2.5817432070e+01,3.7432555432e+00,8.142756e-07
1.8459781521e+08,2.6231541870e+01,3.7502500857e+00,6.221885e-07
1.8478253640e+08,2.4994297608e+01,3.7572427156e+00,6.014105e-07
1.8500725758e+08,2.5607409796e+01,3.7657670164e+00,5.995687e-07
1.8519197917e+08,2.6437325610e+01,3.7727076999e+00,7.053384e-07
1.8541670036e+08,2.4467637016e+01,3.7811834251e+00,6.663673e-07
1.8560142195e+08,2.6088710859e+01,3.7881230367e+00,8.727138e-07
1.8578614314e+08,2.5217094498e+01,3.7950623158e+00,1.169374e-07
1.8601086472e+08,2.6030059924e+01,3.8035482964e+00,1.200282e-07
1.8619558591e+08,2.5862056236e+01,3.8104870242e+00,8.097012e-07
1.8638030710e+08,2.6389538471e+01,3.8174984969e+00,6.293117e-07
1.8660502869e+08,2.5078655090e+01,3.8259747827e+00,6.901009e-07
1.8678974988e+08,2.6497595402e+01,3.8329866973e+00,6.046887e-07
1.8701447146e+08,2.5565203567e+01,3.8414676295e+00,6.054759e-07
1.8719919265e+08,2.6046611501e+01,3.8484908579e+00,6.486345e-07
1.8738391424e+08,2.6262055493e+01,3.8554716510e+00,7.978264e-07
1.8760863543e+08,2.6187786085e+01,3.8640303978e+00,7.582951e-07
1.8779335662e+08,2.5676134826e+01,3.8710252526e+00,3.463319e-08
1.8801807821e+08,2.6713775243e+01,3.8796057161e+00,8.714210e-07
1.8820279939e+08,2.5991914980e+01,3.8866477853e+00,9.354289e-07
1.8838752098e+08,2.5700939382e+01,3.8937798414e+00,6.967890e-07
1.8861224217e+08,2.6761057755e+01,3.9024798524e+00,7.320954e-07
1.8879696376e+08,2.6290926665e+01,3.9096579356e+00,6.111752e-07
1.8898168495e+08,2.4105117853e+01,3.9169128825e+00,6.291904e-07
1.8920640653e+08,2.6906488696e+01,3.9258162196e+00,6.076664e-07
1.8939112772e+08,2.5565232084e+01,3.9331322962e+00,7.604678e-07
1.8961584891e+08,2.6813117981e+01,3.9421147403e+00,7.266119e-07
1.8980057050e+08,2.6107275222e+01,3.9494942005e+00,9.620445e-07
1.8998529169e+08,2.6531999656e+01,3.9569481379e+00,9.194502e-07
1.9021001327e+08,2.6256676370e+01,3.9659854881e+00,5.044269e-07
1.9039473446e+08,2.6674906984e+01,3.9734749911e+00,7.559758e-07
1.9061945605e+08,2.4706036326e+01,3.9825665914e+00,8.327160e-07
1.9080417724e+08,2.7126024499e+01,3.9900975575e+00,6.221570e-07
1.9098889843e+08,2.5574217731e+01,3.9976280044e+00,5.866708e-07
1.9121362001e+08,2.7015464095e+01,4.0068622154e+00,5.939497e-07
1.9139834120e+08,2.5366503715e+01,4.0144278924e+00,7.299870e-07
1.9158306279e+08,2.6825893023e+01,4.0220167952e+00,9.439535e-07
1.9180778398e+08,2.5430334380e+01,4.0312276221e+00,8.643036e-07
1.9199250517e+08,2.6850378930e+01,4.0387697370e+00,6.860248e-07
1.9221722675e+08,2.6656284833e+01,4.0479254902e+00,2.988824e-07
1.9240194794e+08,2.6063422191e+01,4.0554602951e+00,8.806871e-07
1.9258666953e+08,2.6407500716e+01,4.0630227374e+00,6.239661e-07
1.9281139072e+08,2.6953797719e+01,4.0721887977e+00,6.601999e-07
1.9299611231e+08,2.4787199625e+01,4.0797424489e+00,5.900635e-07
1.9318083350e+08,2.6880848365e+01,4.0873426348e+00,6.998264e-07
1.9340555508e+08,2.6027339791e+01,4.0966053968e+00,6.226099e-07
1.9359027627e+08,2.7262153059e+01,4.1042657066e+00,8.652141e-07
1.9381499746e+08,2.6001671468e+01,4.1135430832e+00,8.787402e-07
1.9399971905e+08,2.7393198748e+01,4.1211967466e+00,4.194934e-07
1.9418444024e+08,2.5707160031e+01,4.1288530942e+00,9.527591e-07
1.9440916182e+08,2.7077994597e+01,4.1381608190e+00,9.788008e-07
1.9459388301e+08,2.6504390648e+01,4.1458714356e+00,6.556982e-07
1.9481860460e+08,2.7183908386e+01,4.1552369210e+00,7.258544e-07
1.9500332579e+08,2.5913084507e+01,4.1629790258e+00,5.747308e-07
1.9518804698e+08,2.7236923939e+01,4.1707074222e+00,6.456105e-07
1.9541276856e+08,2.7014247672e+01,4.1801894177e+00,6.046023e-07
1.9559748975e+08,2.6728830797e+01,4.1879905684e+00,8.561642e-07
1.9578221134e+08,2.7056403114e+01,4.1958896985e+00,8.763273e-08
1.9600693253e+08,2.7296373344e+01,4.2054823224e+00,8.815594e-07
1.9619165412e+08,2.7449909295e+01,4.2133811109e+00,9.510249e-07
1.9641637530e+08,2.3723236907e+01,4.2230398701e+00,9.595965e-07
1.9660109649e+08,2.7244788623e+01,4.2310125528e+00,7.468891e-07
1.9678581808e+08,2.7670893033e+01,4.2389733091e+00,5.930758e-07
1.9701053927e+08,2.6630332579e+01,4.2487516118e+00,6.023481e-07
1.9719526086e+08,2.7599514486e+01,4.2567778973e+00,6.062677e-07
1.9741998204e+08,2.5852039050e+01,4.2666099072e+00,5.867622e-07
1.9760470363e+08,2.7526204942e+01,4.2746869879e+00,7.193813e-07
1.9778942482e+08,2.7233343669e+01,4.2828264574e+00,9.029573e-07
1.9801414601e+08,2.7500148795e+01,4.2927154110e+00,9.487961e-07
1.9819886760e+08,2.7517172285e+01,4.3009375025e+00,8.672430e-07
1.9838358879e+08,2.7405708154e+01,4.3091457545e+00,7.537970e-07
1.9860831037e+08,2.7645480589e+01,4.3192352419e+00,8.481679e-07
1.9879303156e+08,2.7447133859e+01,4.3275113447e+00,6.109093e-07
1.9901775315e+08,2.8224020679e+01,4.3376730007e+00,6.484987e-07
1.9920247434e+08,2.6445338677e+01,4.3460581551e+00,6.044001e-07
1.9938719553e+08,2.7954414630e+01,4.3544498837e+00,7.251704e-07
1.9961191711e+08,2.7293441309e+01,4.3647190494e+00,6.761133e-07
1.9979663830e+08,2.7843682782e+01,4.3731178355e+00,9.215551e-07
2.0000000029e+08,2.7175749305e+01,4.3823671359e+00,6.244021e-07
2.0020608108e+08,2.5306888748e+01,4.3917497697e+00,9.808763e-08
2.0039080267e+08,2.7692403034e+01,4.4001478000e+00,8.336408e-07
2.0061552385e+08,2.8146594684e+01,4.4103220966e+00,8.535276e-07
2.0080024504e+08,2.4224823892e+01,4.4187193121e+00,6.434572e-07
2.0098496663e+08,2.7998158726e+01,4.4271605287e+00,5.819234e-07
2.0120968782e+08,2.8015430030e+01,4.4374823240e+00,6.036162e-07
2.0139440941e+08,2.7807577202e+01,4.4460775717e+00,6.633866e-07
2.0161913059e+08,2.7557370823e+01,4.4565451553e+00,6.311896e-07
2.0180385218e+08,2.8629577752e+01,4.4652552345e+00,7.634217e-07
2.0198857337e+08,2.7027466878e+01,4.4740277829e+00,1.651515e-08
2.0221329456e+08,2.8496927291e+01,4.4847621645e+00,3.962076e-07
2.0239801615e+08,2.6792874125e+01,4.4936949246e+00,8.851166e-07
2.0258273734e+08,2.8511608057e+01,4.5026666909e+00,6.703729e-07
2.0280745892e+08,2.7815404973e+01,4.5136998321e+00,7.348566e-07
2.0299218011e+08,2.8276782583e+01,4.5227934881e+00,6.092094e-07
2.0321690170e+08,2.8599628043e+01,4.5339730643e+00,6.147872e-07
2.0340162289e+08,2.7878896493e+01,4.5431598900e+00,5.961431e-07
2.0358634408e+08,2.8425061166e+01,4.5524084109e+00,7.558284e-07
2.0381106566e+08,2.8717840864e+01,4.5636104836e+00,7.328174e-07
2.0399578685e+08,2.7613714742e+01,4.5728092300e+00,6.530639e-07
2.0418050844e+08,2.8364974639e+01,4.5820134712e+00,9.298735e-07
2.0440522963e+08,2.8832058296e+01,4.5931295708e+00,6.627745e-07
2.0458995122e+08,2.7001950006e+01,4.6022499008e+00,7.493938e-07
2.0481467240e+08,2.8291254048e+01,4.6133501765e+00,7.860462e-07
2.0499939359e+08,2.8959874568e+01,4.6223984191e+00,6.087792e-07
2.0518411518e+08,2.6401343734e+01,4.6314509041e+00,6.028848e-07
2.0540883637e+08,2.8657219691e+01,4.6424086129e+00,6.002732e-07
2.0559355796e+08,2.8618146699e+01,4.6514313205e+00,7.085992e-07
2.0581827914e+08,2.8393485587e+01,4.6623361473e+00,6.646184e-07
2.0600300073e+08,2.8678419658e+01,4.6713294179e+00,8.423684e-07
2.0618772192e+08,2.8573415939e+01,4.6802553067e+00,6.454869e-07
2.0641244311e+08,2.8370456249e+01,4.6911548621e+00,3.317134e-07
2.0659716470e+08,2.8577125730e+01,4.7000575001e+00,8.295292e-07
2.0678188589e+08,2.8767961359e+01,4.7090023986e+00,6.224651e-07
2.0700660747e+08,2.5710093979e+01,4.7198719757e+00,6.518680e-07
2.0719132866e+08,2.9180072195e+01,4.7287813995e+00,5.858185e-07
2.0741605025e+08,2.7296357534e+01,4.7396018590e+00,5.846091e-07
2.0760077144e+08,2.8771548807e+01,4.7485073596e+00,6.534415e-07
2.0778549263e+08,2.8919852335e+01,4.7573554906e+00,8.874891e-07
2.0801021421e+08,2.7422228005e+01,4.7681571391e+00,8.302224e-07
2.0819493540e+08,2.9001000387e+01,4.7770012374e+00,3.032889e-07
2.0841965699e+08,2.8970055758e+01,4.7877549285e+00,4.439534e-07
2.0860437818e+08,2.7540402880e+01,4.7966276518e+00,9.921601e-07
2.0878909977e+08,2.9210737425e+01,4.8054871294e+00,6.647564e-07
2.0901382095e+08,2.8660496264e+01,4.8162635145e+00,7.082524e-07
2.0919854214e+08,2.8757941449e+01,4.8251535335e+00,5.859088e-07
2.0938326373e+08,2.8217763360e+01,4.8339926320e+00,6.646131e-07
2.0960798492e+08,2.9109912472e+01,4.8447962388e+00,6.192486e-07
2.0979270651e+08,2.4923971393e+01,4.8536796712e+00,8.380870e-07
2.1001742769e+08,2.9400128794e+01,4.8645182136e+00,7.920969e-07
2.1020214928e+08,2.7957864640e+01,4.8734206172e+00,9.055301e-07
2.1038687047e+08,2.9327660386e+01,4.8823805773e+00,9.854023e-07
2.1061159166e+08,2.7448531794e+01,4.8932917292e+00,9.583546e-07
2.1079631325e+08,2.9059265494e+01,4.9022715274e+00,6.956987e-07
2.1098103444e+08,2.8732159386e+01,4.9113187814e+00,5.700572e-07
2.1120575602e+08,2.9379833122e+01,4.9223294437e+00,5.942076e-07
2.1139047721e+08,2.8143696632e+01,4.9314124918e+00,6.274130e-07
2.1161519880e+08,2.9160791570e+01,4.9425083915e+00,6.009683e-07
2.1179991999e+08,2.9261720270e+01,4.9515939213e+00,7.623009e-07
2.1198464118e+08,2.7772445269e+01,4.9607087160e+00,7.975782e-07
2.1220936276e+08,2.9773515680e+01,4.9717799054e+00,9.189436e-07
2.1239408395e+08,2.9068983660e+01,4.9808815857e+00,9.271016e-07
2.1261880554e+08,2.7968269658e+01,4.9920214839e+00,3.082087e-07
2.1280352673e+08,2.9754711699e+01,5.0011677527e+00,8.081700e-07
2.1298824832e+08,2.5613773963e+01,5.0103444560e+00,6.085942e-07
2.1321296950e+08,2.9616423116e+01,5.0215486434e+00,6.250185e-07
2.1339769069e+08,2.8836903551e+01,5.0308182626e+00,5.910022e-07
2.1358241228e+08,2.9575151773e+01,5.0400835356e+00,7.130732e-07
2.1380713347e+08,2.4834152625e+01,5.0514116002e+00,6.903936e-07
2.1399185506e+08,2.9620618244e+01,5.0607510844e+00,9.291252e-07
2.1421657624e+08,2.6916714328e+01,5.0721550136e+00,8.806614e-07
2.1440129783e+08,3.0045884121e+01,5.0815673242e+00,2.215793e-07
2.1458601902e+08,2.8840889793e+01,5.0910143249e+00,8.337846e-07
2.1481074021e+08,2.9811312310e+01,5.1024657124e+00,8.318681e-07
2.1499546180e+08,2.7969388359e+01,5.1118769355e+00,6.299542e-07
2.1518018299e+08,2.9562810033e+01,5.1213040171e+00,5.977720e-07
2.1540490457e+08,2.9925272175e+01,5.1327234639e+00,6.021304e-07
2.1558962576e+08,2.8501288446e+01,5.1421439730e+00,6.840259e-07
2.1581434735e+08,2.9741881470e+01,5.1535810143e+00,6.270410e-07
2.1599906854e+08,2.9337524168e+01,5.1629779900e+00,8.042243e-07
2.1618378973e+08,2.9482105742e+01,5.1724297183e+00,1.144197e-07
2.1640851131e+08,2.9853274996e+01,5.1838884121e+00,3.551944e-07
2.1659323250e+08,2.8236340847e+01,5.1933302317e+00,8.533881e-07
2.1681795409e+08,2.9939233336e+01,5.2047752348e+00,9.018387e-07
2.1700267528e+08,2.9086274148e+01,5.2141833495e+00,7.005085e-07
2.1718739687e+08,3.0031752542e+01,5.2235248744e+00,6.011279e-07
2.1741211805e+08,2.8760703223e+01,5.2348739354e+00,6.048170e-07
2.1759683924e+08,3.0198453282e+01,5.2441203627e+00,6.230648e-07
2.1778156083e+08,2.7228117785e+01,5.2533373706e+00,7.615747e-07
2.1800628202e+08,2.9816185089e+01,5.2645028244e+00,7.376714e-07
2.1819100361e+08,2.8809010266e+01,5.2736368194e+00,3.951078e-07
2.1841572479e+08,2.9923300560e+01,5.2846681597e+00,9.496039e-07
2.1860044638e+08,2.7301602057e+01,5.2937158681e+00,8.284456e-07
2.1878516757e+08,3.0116808188e+01,5.3027258321e+00,7.311359e-07
2.1900988876e+08,2.9698420758e+01,5.3136121376e+00,7.677122e-07
2.1919461035e+08,2.7678604594e+01,5.3225492705e+00,6.233822e-07
2.1941933153e+08,3.0175584125e+01,5.3333892966e+00,6.307270e-07
2.1960405312e+08,2.9292189688e+01,5.3422358438e+00,5.916359e-07
2.1978877431e+08,2.9906525292e+01,5.3510938344e+00,7.235669e-07
2.2001349590e+08,2.9978316399e+01,5.3617702118e+00,6.736219e-07
2.2019821709e+08,2.8235805764e+01,5.3705426494e+00,9.708794e-07
2.2038293828e+08,3.0236159277e+01,5.3792583316e+00,8.482727e-07
2.2060765986e+08,2.7977965593e+01,5.3898506255e+00,3.290815e-07
2.2079238105e+08,2.9831783142e+01,5.3985068737e+00,7.771632e-07
2.2101710264e+08,2.9465391464e+01,5.4090396963e+00,8.827462e-07
2.2120182383e+08,2.9735078317e+01,5.4176468674e+00,6.477254e-07
2.2138654542e+08,2.8179113287e+01,5.4262805255e+00,5.995273e-07
2.2161126660e+08,3.0139217881e+01,5.4367423122e+00,5.964826e-07
2.2179598779e+08,2.7461552753e+01,5.4453329561e+00,7.042109e-07
2.2198070938e+08,3.0211246255e+01,5.4538989967e+00,8.963519e-07
2.2220543057e+08,2.9063841010e+01,5.4643662890e+00,8.252141e-07
2.2239015216e+08,2.9925226780e+01,5.4729604339e+00,8.693938e-08
2.2261487334e+08,2.9810476877e+01,5.4834278886e+00,4.521055e-07
2.2279959493e+08,2.8566404395e+01,5.4920811988e+00,9.798388e-07
2.2298431612e+08,3.0024916373e+01,5.5007217767e+00,6.428687e-07
2.2320903731e+08,3.0138120749e+01,5.5112249302e+00,6.725275e-07
2.2339375890e+08,2.9410449408e+01,5.5198845873e+00,5.740904e-07
2.2361848008e+08,3.0019829834e+01,5.5303462976e+00,5.814149e-07
2.2380320167e+08,2.8844664789e+01,5.5389557655e+00,6.325689e-07
2.2398792286e+08,2.9944689227e+01,5.5475251432e+00,8.578183e-07
2.2421264445e+08,2.6177899186e+01,5.5579474161e+00,7.977501e-07
2.2439736564e+08,3.0163259596e+01,5.5665027800e+00,1.080507e-07
2.2458208683e+08,2.9367103508e+01,5.5750739769e+00,9.801178e-07
2.2480680841e+08,3.0256917384e+01,5.5854309632e+00,9.548675e-07
2.2499152960e+08,2.9334101052e+01,5.5939605440e+00,6.543222e-07
2.2521625119e+08,3.0089379747e+01,5.6042614855e+00,7.429262e-07
2.2540097238e+08,2.9192512308e+01,5.6127373171e+00,5.940015e-07
2.2558569397e+08,2.9922059824e+01,5.6211686407e+00,6.273076e-07
2.2581041515e+08,2.9992424375e+01,5.6314340335e+00,5.972724e-07
2.2599513634e+08,2.9861612594e+01,5.6397895405e+00,8.037384e-07
2.2621985793e+08,2.8833751664e+01,5.6499460344e+00,7.195623e-07
2.2640457912e+08,3.0334062657e+01,5.6582163930e+00,9.021309e-07
2.2658930071e+08,2.9938289238e+01,5.6664456551e+00,9.298777e-07
2.2681402189e+08,2.8902572550e+01,5.6764201808e+00,8.259799e-07
2.2699874348e+08,3.0177235218e+01,5.6846346277e+00,7.953529e-07
2.2718346467e+08,2.9887301736e+01,5.6928048945e+00,5.935153e-07
2.2740818586e+08,2.8680275071e+01,5.7027733102e+00,6.057629e-07
2.2759290745e+08,3.0479396045e+01,5.7109406122e+00,6.024613e-07
2.2781762863e+08,2.7002721564e+01,5.7209021481e+00,5.958464e-07
2.2800235022e+08,3.0239862723e+01,5.7290944100e+00,7.060702e-07
2.2818707141e+08,2.9071986302e+01,5.7372918394e+00,8.991895e-07
2.2841179300e+08,2.9940193087e+01,5.7472255597e+00,9.025354e-07
2.2859651419e+08,3.0108648921e+01,5.7554214882e+00,5.749744e-07
2.2878123538e+08,2.9942376073e+01,5.7635560085e+00,7.802273e-07
2.2900595696e+08,2.9446192064e+01,5.7734917722e+00,8.928677e-07
2.2919067815e+08,3.0442239059e+01,5.7816114940e+00,6.245747e-07
2.2941539974e+08,2.9910470506e+01,5.7915125748e+00,6.531378e-07
2.2960012093e+08,2.9624132469e+01,5.7995990841e+00,5.888347e-07
2.2978484252e+08,3.0444426994e+01,5.8077126228e+00,6.753661e-07
2.3000956370e+08,2.9565109149e+01,5.8175070316e+00,6.543784e-07
2.3019428489e+08,2.9702168263e+01,5.8255639639e+00,8.827639e-07
2.3041900648e+08,3.0423516234e+01,5.8352655852e+00,7.723793e-07
2.3060372767e+08,2.9996668649e+01,5.8431854074e+00,4.233979e-08
2.3078844926e+08,2.9099596992e+01,5.8510561430e+00,8.566560e-07
2.3101317044e+08,3.0279642585e+01,5.8606183964e+00,8.717069e-07
2.3119789203e+08,2.9809857654e+01,5.8683842028e+00,6.863623e-07
2.3138261322e+08,2.9695793669e+01,5.8761396029e+00,6.072316e-07
2.3160733441e+08,3.0122476640e+01,5.8854667924e+00,6.104160e-07
2.3179205600e+08,2.8397413511e+01,5.8931028548e+00,6.416197e-07
2.3201677718e+08,3.0265614651e+01,5.9022797063e+00,6.019535e-07
2.3220149877e+08,2.9760578544e+01,5.9097936165e+00,7.268654e-07
2.3238621996e+08,2.9458342252e+01,5.9172156870e+00,1.554260e-07
2.3261094155e+08,3.0213436058e+01,5.9262281715e+00,7.734347e-07
2.3279566274e+08,2.9384083422e+01,5.9335562403e+00,9.071005e-07
2.3298038393e+08,3.0175705810e+01,5.9408959992e+00,6.965099e-07
2.3320510551e+08,2.8320671772e+01,5.9497278798e+00,7.761664e-07
2.3338982670e+08,2.9949877745e+01,5.9569526445e+00,6.040024e-07
2.3361454829e+08,2.9674492658e+01,5.9656530096e+00,6.398043e-07
2.3379926948e+08,2.9715849975e+01,5.9726771164e+00,6.078160e-07
2.3398399107e+08,2.5755495636e+01,5.9796364710e+00,7.213244e-07
2.3420871225e+08,2.9851800164e+01,5.9879898618e+00,7.003610e-07
2.3439343344e+08,2.9535553007e+01,5.9947323030e+00,8.942626e-07
2.3461815503e+08,2.9079747633e+01,6.0028115809e+00,8.612952e-07
2.3480287622e+08,2.9612989344e+01,6.0094046582e+00,3.301187e-07
2.3498759781e+08,2.9418595655e+01,6.0158523958e+00,7.627580e-07
2.3521231899e+08,2.8824770144e+01,6.0235583412e+00,8.236318e-07
2.3539704058e+08,2.9419305397e+01,6.0297918001e+00,6.484216e-07
2.3558176177e+08,2.8894329319e+01,6.0358468179e+00,5.991581e-07
2.3580648296e+08,2.9465997589e+01,6.0430649936e+00,5.850811e-07
2.3599120455e+08,2.5889422232e+01,6.0488073895e+00,6.826851e-07
2.3621592573e+08,2.8968992212e+01,6.0555633004e+00,6.633608e-07
2.3640064732e+08,2.8104110664e+01,6.0609198593e+00,8.348167e-07
2.3658536851e+08,2.8631725431e+01,6.0660345689e+00,3.523674e-07
2.3681009010e+08,2.6952420514e+01,6.0719576894e+00,2.510906e-07
2.3699481129e+08,2.8311475228e+01,6.0764722864e+00,8.703816e-07
2.3721953247e+08,2.7695416656e+01,6.0815117824e+00,1.007219e-06
2.3740425406e+08,2.6860332343e+01,6.0851110900e+00,6.651415e-07
2.3758897525e+08,2.7134021293e+01,6.0881485877e+00,5.818307e-07
2.3781369684e+08,2.5682335823e+01,6.0904312396e+00,6.013921e-07
2.3799841803e+08,2.6017049154e+01,6.0905553831e+00,6.550111e-07
2.3818313961e+08,2.7019775279e+01,6.0924654584e+00,8.315501e-07
2.3840786080e+08,2.7169663175e+01,6.0961270821e+00,8.037972e-07
2.3859258199e+08,2.8110633815e+01,6.0998241391e+00,8.147909e-08
2.3881730358e+08,2.8360720883e+01,6.1048464641e+00,7.830957e-07
2.3900202477e+08,2.8238617510e+01,6.1093430183e+00,1.018508e-06
2.3918674636e+08,2.8393441661e+01,6.1141469337e+00,6.759330e-07
2.3941146754e+08,2.8838163202e+01,6.1202471667e+00,7.059182e-07
2.3959618913e+08,2.8353446832e+01,6.1255015947e+00,5.826721e-07
2.3978091032e+08,2.8923846188e+01,6.1308861532e+00,6.442483e-07
2.4000563151e+08,2.9104006494e+01,6.1376673646e+00,6.204492e-07
2.4019035310e+08,2.8965478962e+01,6.1433390470e+00,8.058333e-07
2.4041507428e+08,2.9336214593e+01,6.1504355577e+00,7.669752e-07
2.4059979587e+08,2.9357107234e+01,6.1563430293e+00,9.339675e-07
2.4078451706e+08,2.9793712645e+01,6.1623900254e+00,9.638275e-07
2.4100923865e+08,2.7719723569e+01,6.1698231435e+00,7.264182e-07
2.4119395984e+08,2.9967363175e+01,6.1760196823e+00,7.102991e-07
2.4141868102e+08,2.8626617002e+01,6.1836151761e+00,8.547281e-07
2.4160340261e+08,2.9748491220e+01,6.1898592590e+00,6.123685e-07
2.4178812380e+08,2.9203316934e+01,6.1961214818e+00,6.237953e-07
2.4201284539e+08,2.9704589661e+01,6.2037985408e+00,5.877144e-07
2.4219756658e+08,2.9745356508e+01,6.2100940075e+00,7.228327e-07
2.4238228816e+08,2.9186393432e+01,6.2164683487e+00,8.873695e-07
2.4260700935e+08,2.9854026199e+01,6.2242354986e+00,9.037551e-07
2.4279173054e+08,3.0012833166e+01,6.2306515677e+00,8.532953e-07
2.4301645213e+08,2.8786951383e+01,6.2385485863e+00,2.261502e-07
2.4320117332e+08,2.9970774634e+01,6.2451214389e+00,8.602091e-07
2.4338589490e+08,2.9388274393e+01,6.2517100182e+00,6.158562e-07
2.4361061609e+08,3.0507220877e+01,6.2598103914e+00,6.318956e-07
2.4379533768e+08,2.8997499354e+01,6.2664996868e+00,5.991818e-07
2.4398005887e+08,3.0573341273e+01,6.2731826806e+00,7.086536e-07
2.4420478006e+08,2.7545538081e+01,6.2813502269e+00,6.765404e-07
2.4438950165e+08,3.0310971030e+01,6.2880723550e+00,9.042868e-07
2.4461422283e+08,2.8657277848e+01,6.2962858549e+00,8.199046e-07
2.4479894442e+08,3.0233601023e+01,6.3030240803e+00,1.414906e-07
2.4498366561e+08,3.0248791418e+01,6.3098044224e+00,8.612076e-07
2.4520838720e+08,3.0547852476e+01,6.3180285239e+00,8.891373e-07
2.4539310839e+08,2.9469345537e+01,6.3248381513e+00,6.589078e-07
2.4561782957e+08,3.0551055893e+01,6.3330961704e+00,7.121964e-07
2.4580255116e+08,2.8946280426e+01,6.3398762851e+00,5.965544e-07
2.4598727235e+08,3.0263730337e+01,6.3466652565e+00,6.481833e-07
2.4621199394e+08,3.0420685274e+01,6.3548568431e+00,6.280301e-07
2.4639671513e+08,2.8970389103e+01,6.3616176324e+00,7.785074e-07
2.4658143671e+08,3.0384263526e+01,6.3683518770e+00,1.875731e-07
2.4680615790e+08,3.0559639838e+01,6.3765144141e+00,6.372449e-07
2.4699087909e+08,2.9664463158e+01,6.3832496677e+00,8.747203e-07
2.4721560068e+08,3.0291680164e+01,6.3913809277e+00,7.004629e-07
2.4740032187e+08,3.0516489294e+01,6.3980890494e+00,7.272123e-07
2.4758504345e+08,2.9980924935e+01,6.4047487914e+00,6.097893e-07
2.4780976464e+08,3.0381588202e+01,6.4128774754e+00,6.300723e-07
2.4799448623e+08,3.0379038174e+01,6.4195023508e+00,6.136511e-07
2.4821920742e+08,2.9716282597e+01,6.4275861209e+00,5.901804e-07
2.4840392861e+08,3.0588541204e+01,6.4341783531e+00,6.961007e-07
2.4858865019e+08,3.0206744212e+01,6.4407974623e+00,5.410813e-07
2.4881337138e+08,2.9887635940e+01,6.4487770520e+00,9.927124e-07
2.4899809297e+08,3.0749180932e+01,6.4553439850e+00,4.092066e-07
2.4918281416e+08,3.0140983107e+01,6.4618534692e+00,7.608529e-07
2.4940753575e+08,2.9270101366e+01,6.4697874229e+00,8.091320e-07
2.4959225693e+08,3.0756641433e+01,6.4762599039e+00,6.241177e-07
2.4981697812e+08,2.9615352764e+01,6.4841109957e+00,6.460372e-07
2.5000169971e+08,3.0523511370e+01,6.4905732229e+00,5.920386e-07
2.5018642090e+08,3.0355761522e+01,6.4969656687e+00,7.068660e-07
2.5041114249e+08,2.7892698039e+01,6.5047307804e+00,6.663545e-07
2.5059586368e+08,3.0738221191e+01,6.5110648559e+00,9.537840e-07
2.5078058526e+08,2.9814666186e+01,6.5173588951e+00,1.039839e-08
2.5100530645e+08,3.0304230172e+01,6.5250322331e+00,1.581816e-07
2.5119002764e+08,2.9106935624e+01,6.5312884711e+00,8.124760e-07
2.5141474923e+08,3.0455238139e+01,6.5388737519e+00,9.668759e-07
2.5159947042e+08,2.8973335603e+01,6.5450587553e+00,6.636546e-07
2.5178419200e+08,3.0592333420e+01,6.5512343548e+00,5.887586e-07
2.5200891319e+08,2.9744340537e+01,6.5586748422e+00,5.851937e-07
2.5219363478e+08,3.0630422361e+01,6.5647845174e+00,6.530185e-07
2.5241835597e+08,2.7834467412e+01,6.5721463906e+00,6.245916e-07
2.5260307716e+08,3.0282261479e+01,6.5781834726e+00,8.078827e-07
2.5278779874e+08,2.9205278477e+01,6.5841918997e+00,2.129130e-07
2.5301251993e+08,3.0092743304e+01,6.5915032717e+00,1.341816e-07
2.5319724152e+08,3.0318533937e+01,6.5974597163e+00,1.038011e-06
2.5338196271e+08,2.7432768211e+01,6.6034251517e+00,6.503738e-07
2.5360668430e+08,3.0285527894e+01,6.6106675830e+00,6.955457e-07
2.5379140548e+08,3.0010450238e+01,6.6165893707e+00,5.871635e-07
2.5401612667e+08,3.0490835009e+01,6.6238299613e+00,5.964120e-07
2.5420084826e+08,3.0277660011e+01,6.6297532045e+00,6.268569e-07
2.5438556945e+08,2.8941794916e+01,6.6357151199e+00,8.226760e-07
2.5461029104e+08,3.0717356357e+01,6.6429667171e+00,7.501579e-07
2.5479501222e+08,2.9398652112e+01,6.6489559680e+00,5.290321e-07
2.5501973381e+08,3.0486541915e+01,6.6562115120e+00,9.166488e-07
2.5520445500e+08,3.0117354482e+01,6.6622168013e+00,8.129038e-07
2.5538917619e+08,3.0440699793e+01,6.6681911807e+00,6.808098e-07
2.5561389778e+08,2.9834408497e+01,6.6755129728e+00,7.695516e-07
2.5579861896e+08,3.0443008736e+01,6.6815104974e+00,5.986916e-07
2.5598334055e+08,3.0272241726e+01,6.6875389342e+00,6.118836e-07
2.5620806174e+08,3.0518288827e+01,6.6948215839e+00,5.959849e-07
2.5639278333e+08,3.0181850515e+01,6.7008627590e+00,7.527331e-07
2.5661750452e+08,3.0629149354e+01,6.7081908025e+00,7.007782e-07
2.5680222571e+08,2.7085145759e+01,6.7142721985e+00,8.991030e-07
2.5698694729e+08,3.0489423711e+01,6.7203761274e+00,7.119801e-07
2.5721166848e+08,3.0951243763e+01,6.7278199153e+00,3.530052e-07
2.5739639007e+08,2.8831933033e+01,6.7339976570e+00,8.244584e-07
2.5758111126e+08,3.0737003517e+01,6.7401838659e+00,6.066975e-07
2.5780583285e+08,3.0227702403e+01,6.7477342468e+00,6.393407e-07
2.5799055403e+08,3.0608595013e+01,6.7539910209e+00,6.105732e-07
2.5821527522e+08,3.0602939527e+01,6.7615954908e+00,5.924051e-07
2.5839999681e+08,3.1089985766e+01,6.7679183180e+00,6.684901e-07
2.5858471800e+08,3.0159175966e+01,6.7742223771e+00,8.814889e-07
2.5880943959e+08,3.1115787677e+01,6.7819527194e+00,8.533885e-07
2.5899416077e+08,2.8051306344e+01,6.7883053039e+00,1.088087e-07
2.5921888236e+08,3.0942807268e+01,6.7960305587e+00,5.709951e-07
2.5940360355e+08,2.9777286793e+01,6.8023714671e+00,8.950512e-07
2.5958832474e+08,3.0993947233e+01,6.8087321953e+00,6.352563e-07
2.5981304633e+08,2.8867571148e+01,6.8164810866e+00,6.701782e-07
2.5999776751e+08,3.1336147368e+01,6.8228502870e+00,5.961857e-07
2.6018248910e+08,3.0471905676e+01,6.8292661325e+00,6.608257e-07
2.6040721029e+08,3.1169657239e+01,6.8370483523e+00,6.453636e-07
2.6059193188e+08,3.0313578189e+01,6.8434695885e+00,8.188296e-07
2.6081665307e+08,3.0389322414e+01,6.8513221173e+00,7.193720e-07
2.6100137425e+08,3.1374787789e+01,6.8577388544e+00,3.401831e-07
2.6118609584e+08,3.0485691032e+01,6.8641465297e+00,8.734176e-07
2.6141081703e+08,3.0781609714e+01,6.8719794257e+00,8.710819e-07
2.6159553862e+08,3.1388117572e+01,6.8783977197e+00,7.143158e-07
2.6178025981e+08,2.9949251439e+01,6.8848559686e+00,6.034599e-07
2.6200498140e+08,3.1180502057e+01,6.8926709046e+00,6.202313e-07
2.6218970258e+08,2.9985364875e+01,6.8991041471e+00,6.229789e-07
2.6241442377e+08,3.1164873830e+01,6.9068808850e+00,6.004336e-07
2.6259914536e+08,3.1211905817e+01,6.9132893687e+00,7.023397e-07
2.6278386655e+08,3.0475840229e+01,6.9196438320e+00,4.877121e-07
2.6300858814e+08,3.1093241320e+01,6.9273956085e+00,9.218483e-07
2.6319330932e+08,3.1003232624e+01,6.9337207129e+00,8.195140e-07
2.6341803091e+08,3.1314515240e+01,6.9414346983e+00,2.092252e-07
2.6360275210e+08,2.9476444022e+01,6.9477339776e+00,7.931308e-07
2.6378747329e+08,3.1586509056e+01,6.9540525254e+00,6.202826e-07
2.6401219488e+08,3.0601253369e+01,6.9617592654e+00,6.508122e-07
2.6419691606e+08,3.1319511100e+01,6.9680811243e+00,5.982794e-07
2.6438163765e+08,3.0586427623e+01,6.9744376033e+00,6.843518e-07
2.6460635884e+08,3.0793407340e+01,6.9822142648e+00,6.682502e-07
2.6479108043e+08,3.1591618709e+01,6.9885986120e+00,9.930994e-07
2.6501580162e+08,3.1229742702e+01,6.9964111309e+00,8.118631e-07
2.6520052280e+08,3.0911559247e+01,7.0028854460e+00,1.412697e-07
2.6538524439e+08,3.1740759274e+01,7.0093640650e+00,7.952993e-07
2.6560996558e+08,3.0395325332e+01,7.0173176539e+00,8.572658e-07
2.6579468717e+08,3.1461555154e+01,7.0239171338e+00,6.507260e-07
2.6601940836e+08,3.0703466741e+01,7.0319661938e+00,6.774294e-07
2.6620412994e+08,3.1811942661e+01,7.0386482793e+00,5.910517e-07
2.6638885113e+08,3.1149861236e+01,7.0453551180e+00,6.759207e-07
2.6661357232e+08,3.1836748865e+01,7.0534870691e+00,6.492361e-07
2.6679829391e+08,3.1512253580e+01,7.0602201314e+00,8.034103e-07
2.6698301510e+08,3.1708782516e+01,7.0669287519e+00,1.522069e-07
2.6720773668e+08,3.1785598610e+01,7.0751553837e+00,1.559166e-07
2.6739245787e+08,3.1053243421e+01,7.0818889425e+00,9.210551e-07
2.6761717946e+08,3.2055573598e+01,7.0901246001e+00,9.599695e-07
2.6780190065e+08,3.1150988607e+01,7.0969112346e+00,6.858913e-07
2.6798662184e+08,3.1792844809e+01,7.1036714412e+00,5.921031e-07
2.6821134343e+08,2.9836258253e+01,7.1119020286e+00,5.921494e-07
2.6839606461e+08,3.1791403078e+01,7.1186864863e+00,6.286225e-07
2.6858078620e+08,3.1874327807e+01,7.1254535515e+00,7.915602e-07
2.6880550739e+08,3.0036263035e+01,7.1337141466e+00,7.784537e-07
2.6899022898e+08,3.1766959941e+01,7.1405239647e+00,5.600737e-08
2.6921495017e+08,3.1874969550e+01,7.1487778645e+00,9.718214e-07
2.6939967135e+08,3.0499005427e+01,7.1555682373e+00,8.671376e-07
2.6958439294e+08,3.1773319669e+01,7.1623692279e+00,6.775289e-07
2.6980911413e+08,3.1600700300e+01,7.1706112157e+00,7.082615e-07
2.6999383572e+08,3.2142651565e+01,7.1774253417e+00,5.902944e-07
2.7021855691e+08,3.0639206518e+01,7.1857051456e+00,6.149718e-07
2.7040327849e+08,3.2271295032e+01,7.1924749140e+00,6.121205e-07
2.7058799968e+08,3.1686830278e+01,7.1992510763e+00,7.730263e-07
2.7081272087e+08,3.1921328993e+01,7.2074158708e+00,7.182057e-07
2.7099744246e+08,3.1589290898e+01,7.2141269664e+00,9.063034e-07
2.7118216365e+08,3.1725998263e+01,7.2207783015e+00,8.209977e-07
2.7140688523e+08,3.2093028560e+01,7.2288919517e+00,3.416621e-07
2.7159160642e+08,2.8983167389e+01,7.2355377347e+00,7.356024e-07
2.7181632801e+08,3.1945461356e+01,7.2436254266e+00,9.108401e-07
2.7200104920e+08,3.0698087285e+01,7.2502792564e+00,6.228211e-07
2.7218577039e+08,3.2095099695e+01,7.2569783318e+00,6.112034e-07
2.7241049197e+08,3.1780913585e+01,7.2651358572e+00,5.935051e-07
2.7259521316e+08,3.1815411153e+01,7.2719309083e+00,6.925577e-07
2.7281993475e+08,3.2460752341e+01,7.2802434635e+00,6.535670e-07
2.7300465594e+08,3.2051599410e+01,7.2871382121e+00,8.825142e-07
2.7318937753e+08,2.9602380423e+01,7.2941386719e+00,2.200116e-07
2.7341409872e+08,3.2359274941e+01,7.3027479787e+00,2.642661e-07
2.7359881990e+08,3.2291759398e+01,7.3098823032e+00,8.761009e-07
2.7378354149e+08,3.2645034567e+01,7.3171274546e+00,6.388834e-07
2.7400826268e+08,3.0856156390e+01,7.3259911748e+00,6.607102e-07
2.7419298427e+08,3.3027692829e+01,7.3333645632e+00,5.967531e-07
2.7441770546e+08,3.0923010487e+01,7.3424153295e+00,6.046015e-07
2.7460242704e+08,3.2836098155e+01,7.3499058647e+00,6.414588e-07
2.7478714823e+08,3.0377412569e+01,7.3574453108e+00,8.632036e-07
2.7501186942e+08,3.3053847975e+01,7.3666897649e+00,7.698080e-07
2.7519659101e+08,3.2300967576e+01,7.3743554087e+00,4.056324e-07
2.7538131220e+08,3.3154679405e+01,7.3820297820e+00,8.837124e-07
2.7560603378e+08,3.2751300361e+01,7.3914712388e+00,8.638911e-07
2.7579075497e+08,3.3305059820e+01,7.3992419140e+00,6.729986e-07
2.7601547656e+08,3.2858553282e+01,7.4087817055e+00,7.461253e-07
2.7620019775e+08,3.3120177753e+01,7.4166270586e+00,6.127466e-07
2.7638491894e+08,3.1379634582e+01,7.4245130000e+00,6.415433e-07
2.7660964052e+08,3.3546152637e+01,7.4341679480e+00,6.165748e-07
2.7679436171e+08,3.3236101019e+01,7.4421143881e+00,7.288149e-07
2.7701908330e+08,3.2927616031e+01,7.4518143748e+00,6.729318e-07
2.7720380449e+08,3.3133876678e+01,7.4598591598e+00,8.083561e-07
2.7738852608e+08,3.3430441032e+01,7.4678953573e+00,8.525997e-07
2.7761324726e+08,3.3051281981e+01,7.4777383078e+00,3.840567e-07
2.7779796845e+08,3.3293977054e+01,7.4858189720e+00,7.516171e-07
2.7798269004e+08,3.3505218170e+01,7.4939620248e+00,6.292692e-07
2.7820741123e+08,3.3621203090e+01,7.5038623219e+00,6.308709e-07
2.7839213282e+08,3.3255161426e+01,7.5120657645e+00,5.814986e-07
2.7861685400e+08,3.3822089277e+01,7.5220345406e+00,5.886031e-07
2.7880157559e+08,3.3606145314e+01,7.5302870056e+00,6.640936e-07
2.7898629678e+08,3.3209187463e+01,7.5385286216e+00,8.467656e-07
2.7921101797e+08,3.4198796438e+01,7.5486365025e+00,9.687462e-07
2.7939573956e+08,3.2791251881e+01,7.5569583888e+00,2.266402e-07
2.7958046075e+08,3.3939995871e+01,7.5653456480e+00,7.800981e-07
2.7980518233e+08,3.4156342141e+01,7.5755516315e+00,8.308284e-07
2.7998990352e+08,3.3355953794e+01,7.5839915978e+00,6.383567e-07
2.8021462511e+08,3.4086901309e+01,7.5942354146e+00,6.893896e-07
2.8039934630e+08,2.9225721392e+01,7.6026838551e+00,5.947345e-07
2.8058406749e+08,3.3833468885e+01,7.6111616577e+00,6.838579e-07
2.8080878907e+08,3.4302300381e+01,7.6214819646e+00,6.289978e-07
2.8099351026e+08,3.3415122368e+01,7.6299990347e+00,8.929254e-07
2.8121823185e+08,3.3923730948e+01,7.6404034140e+00,7.620219e-07
2.8140295304e+08,3.3881312667e+01,7.6489298177e+00,2.056485e-07
2.8158767463e+08,3.4206465289e+01,7.6575092006e+00,8.672731e-07
2.8181239581e+08,3.1856633298e+01,7.6679570851e+00,1.007006e-06
2.8199711700e+08,3.4661610365e+01,7.6765856557e+00,6.703485e-07
2.8218183859e+08,3.3462192283e+01,7.6852118402e+00,5.849804e-07
2.8240655978e+08,3.4320925007e+01,7.6957662028e+00,5.834124e-07
2.8259128137e+08,3.3814664478e+01,7.7044346479e+00,6.351533e-07
2.8281600255e+08,3.4359666306e+01,7.7150437643e+00,6.139485e-07
2.8300072414e+08,2.9818491487e+01,7.7237815093e+00,7.476738e-07
2.8318544533e+08,3.4496731179e+01,7.7325383642e+00,2.558997e-07
2.8341016652e+08,3.3783592997e+01,7.7431938525e+00,3.754226e-07
2.8359488811e+08,3.4608001061e+01,7.7519988297e+00,1.028353e-06
2.8381960929e+08,3.4494130188e+01,7.7626950335e+00,5.430308e-07
2.8400433088e+08,3.3274481910e+01,7.7715340757e+00,7.189158e-07
2.8418905207e+08,3.5012588709e+01,7.7803623944e+00,5.968623e-07
2.8441377366e+08,3.4127401372e+01,7.7911160396e+00,6.139415e-07
2.8459849485e+08,3.4073782324e+01,7.8000053743e+00,6.125906e-07
2.8478321604e+08,3.4982089542e+01,7.8088857906e+00,7.908444e-07
2.8500793762e+08,3.2063323626e+01,7.8197270374e+00,7.218847e-07
2.8519265881e+08,3.5127264816e+01,7.8286648986e+00,8.174684e-07
2.8541738040e+08,3.4056991457e+01,7.8395732223e+00,8.950605e-07
2.8560210159e+08,3.4780157276e+01,7.8485486490e+00,5.908249e-07
2.8578682318e+08,3.3868140706e+01,7.8575753329e+00,7.116116e-07
2.8601154436e+08,3.5050810568e+01,7.8685567076e+00,7.798954e-07
2.8619626555e+08,3.2987210508e+01,7.8776106884e+00,6.074769e-07
2.8638098714e+08,3.5317040274e+01,7.8867027694e+00,6.206062e-07
2.8660570833e+08,3.3488513186e+01,7.8978044669e+00,6.109771e-07
2.8679042992e+08,3.5361938496e+01,7.9069396516e+00,7.128826e-07
2.8701515110e+08,3.1627886233e+01,7.9180903393e+00,6.703256e-07
2.8719987269e+08,3.5054075680e+01,7.9272725327e+00,8.616564e-07
2.8738459388e+08,3.5414031173e+01,7.9364569551e+00,4.526003e-07
2.8760931507e+08,3.4675422959e+01,7.9476920193e+00,4.720966e-08
2.8779403666e+08,3.5213121171e+01,7.9569148268e+00,8.370307e-07
2.8801875784e+08,3.4309908478e+01,7.9681701271e+00,9.349178e-07
2.8820347943e+08,3.5336023174e+01,7.9774645459e+00,6.528895e-07
2.8838820062e+08,3.5183698104e+01,7.9867555805e+00,5.865993e-07
2.8861292221e+08,3.4633609369e+01,7.9981172293e+00,5.916779e-07
2.8879764340e+08,3.5387325835e+01,8.0074455621e+00,6.539304e-07
2.8898236459e+08,3.4782213500e+01,8.0168111750e+00,8.894164e-07
2.8920708617e+08,3.5647319978e+01,8.0281846018e+00,8.139564e-07
2.8939180736e+08,3.5222478913e+01,8.0375807728e+00,2.455297e-07
2.8961652895e+08,3.5668922167e+01,8.0489814664e+00,7.530213e-07
2.8980125014e+08,3.5014479636e+01,8.0583862328e+00,8.904048e-07
2.8998597173e+08,3.5570158079e+01,8.0677629481e+00,6.668937e-07
2.9021069291e+08,3.5490693592e+01,8.0792167230e+00,6.948268e-07
2.9039541410e+08,3.5318766224e+01,8.0886070994e+00,6.070060e-07
2.9058013569e+08,3.5532917508e+01,8.0980285167e+00,6.427716e-07
2.9080485688e+08,3.5977288109e+01,8.1094351746e+00,6.119622e-07
2.9098957847e+08,3.3390270253e+01,8.1188094021e+00,7.672339e-07
2.9121429965e+08,3.5426039398e+01,8.1302142165e+00,6.979340e-07
2.9139902124e+08,3.5934826788e+01,8.1395619206e+00,7.841883e-07
2.9158374243e+08,3.3283766926e+01,8.1489306491e+00,8.780290e-07
2.9180846362e+08,3.5908011112e+01,8.1603142245e+00,7.983357e-07
2.9199318521e+08,3.5492308237e+01,8.1696702494e+00,7.410726e-07
2.9221790639e+08,3.5046586345e+01,8.1811090211e+00,7.985674e-07
2.9240262798e+08,3.6171828159e+01,8.1904893254e+00,6.346825e-07
2.9258734917e+08,3.5068385570e+01,8.1999117327e+00,6.065368e-07
2.9281207076e+08,3.5527838578e+01,8.2113397818e+00,5.960664e-07
2.9299679195e+08,3.6050285004e+01,8.2207489184e+00,6.790477e-07
2.9318151314e+08,3.5010022199e+01,8.2301103157e+00,7.417272e-07
2.9340623472e+08,3.5752041809e+01,8.2415183343e+00,9.683218e-07
2.9359095591e+08,3.5811064125e+01,8.2508542126e+00,5.296997e-07
2.9381567750e+08,3.5575916630e+01,8.2622502153e+00,1.644246e-07
2.9400039869e+08,3.5572271367e+01,8.2715758758e+00,8.256288e-07
2.9418512028e+08,3.5928916138e+01,8.2809148068e+00,6.441395e-07
2.9440984146e+08,3.4360929880e+01,8.2922079162e+00,6.646296e-07
2.9459456265e+08,3.6169580136e+01,8.3014610582e+00,5.881730e-07
2.9481928424e+08,3.5822286511e+01,8.3126464204e+00,5.863143e-07
2.9500400543e+08,3.3866196935e+01,8.3218099020e+00,6.458418e-07
2.9518872702e+08,3.5924572289e+01,8.3309539446e+00,9.848538e-07
2.9541344820e+08,3.5742386295e+01,8.3420329598e+00,8.078937e-07
2.9559816979e+08,3.2457890884e+01,8.3511588588e+00,4.390185e-08
2.9578289098e+08,3.6048853390e+01,8.3602822880e+00,8.060948e-07
2.9600761217e+08,3.5473675953e+01,8.3713709557e+00,8.743522e-07
2.9619233376e+08,3.5864000715e+01,8.3805172292e+00,6.808838e-07
2.9641705494e+08,3.5995335702e+01,8.3915960474e+00,7.186900e-07
2.9660177653e+08,3.5839333053e+01,8.4007206627e+00,6.010612e-07
2.9678649772e+08,3.3052623146e+01,8.4098069974e+00,6.576074e-07
2.9701121931e+08,3.5992150921e+01,8.4208367637e+00,6.060716e-07
2.9719594050e+08,3.3604216901e+01,8.4298804960e+00,7.838209e-07
2.9738066169e+08,3.6178480877e+01,8.4388866439e+00,2.594122e-07
2.9760538327e+08,3.3129861596e+01,8.4498280520e+00,1.333379e-07
2.9779010446e+08,3.6228126127e+01,8.4587948639e+00,9.502229e-07
2.9801482605e+08,3.6062590065e+01,8.4697194145e+00,7.244938e-07
2.9819954724e+08,3.5437042552e+01,8.4786566047e+00,7.049686e-07
2.9838426883e+08,3.6066641485e+01,8.4876208380e+00,5.799587e-07
2.9860899001e+08,3.6053462075e+01,8.4984767603e+00,5.976799e-07
2.9879371120e+08,3.5019384996e+01,8.5073895350e+00,6.259697e-07
2.9901843279e+08,3.5834364914e+01,8.5182571084e+00,6.105951e-07
2.9920315398e+08,3.6016541138e+01,8.5271569532e+00,7.611053e-07
2.9938787557e+08,3.4981635382e+01,8.5360453110e+00,6.055129e-07
2.9961259675e+08,3.6088587235e+01,8.5468652565e+00,9.494278e-07
2.9979731834e+08,3.6000684811e+01,8.5557323170e+00,2.734028e-07
2.9998203953e+08,3.3968522046e+01,8.5646110602e+00,6.883949e-07
3.0020676072e+08,3.6413419270e+01,8.5754210316e+00,7.249734e-07
3.0039148231e+08,3.5104422993e+01,8.5843066913e+00,6.096625e-07
3.0061620349e+08,3.5934249969e+01,8.5950615179e+00,6.392921e-07
3.0080092508e+08,3.6185490705e+01,8.6038933494e+00,6.000170e-07
3.0098564627e+08,3.5318391900e+01,8.6126565296e+00,7.302161e-07
3.0121036786e+08,3.6217080252e+01,8.6232888540e+00,6.757846e-07
3.0139508905e+08,3.5348568232e+01,8.6319431426e+00,8.963759e-07
3.0161981023e+08,3.5984813134e+01,8.6424479515e+00,8.595083e-07
3.0180453182e+08,3.5348010358e+01,8.6510425104e+00,3.557760e-08
3.0198925301e+08,3.5750643288e+01,8.6595765466e+00,7.500808e-07
3.0221397460e+08,3.5386977037e+01,8.6699501512e+00,9.209938e-07
3.0239869579e+08,3.6100207108e+01,8.6784132795e+00,6.379082e-07
3.0258341738e+08,3.4501195974e+01,8.6868283207e+00,6.019374e-07
3.0280813856e+08,3.5975710829e+01,8.6970097759e+00,5.965510e-07
3.0299285975e+08,3.5695848092e+01,8.7052792300e+00,6.730893e-07
3.0321758134e+08,3.4683184105e+01,8.7152502241e+00,6.388288e-07
3.0340230253e+08,3.5624614089e+01,8.7233925292e+00,8.634355e-07
3.0358702412e+08,3.5675161184e+01,8.7314434134e+00,1.620776e-07
3.0381174530e+08,3.5046581443e+01,8.7411560052e+00,2.338740e-07
3.0399646689e+08,3.5782717577e+01,8.7491093162e+00,9.404341e-07
3.0418118808e+08,3.4324008198e+01,8.7569714569e+00,6.605663e-07
3.0440590927e+08,3.5606585486e+01,8.7664749873e+00,6.790121e-07
3.0459063086e+08,3.5141702946e+01,8.7742199647e+00,5.938781e-07
3.0481535204e+08,3.5275482556e+01,8.7835164581e+00,6.079094e-07
3.0500007363e+08,3.4969956206e+01,8.7911087063e+00,6.230764e-07
3.0518479482e+08,3.5231211370e+01,8.7985920882e+00,8.373623e-07
3.0540951641e+08,3.4852270827e+01,8.8076259956e+00,7.342096e-07
3.0559423760e+08,3.4883269741e+01,8.8149401544e+00,6.535218e-07
3.0581895878e+08,3.5150884124e+01,8.8237575569e+00,8.168682e-07
3.0600368037e+08,3.3202205614e+01,8.8308929790e+00,7.837786e-07
3.0618840156e+08,3.5269922448e+01,8.8379562315e+00,7.031042e-07
3.0641312315e+08,3.4112923614e+01,8.8464026424e+00,7.994521e-07
3.0659784434e+08,3.4938185188e+01,8.8532593773e+00,6.279080e-07
3.0678256593e+08,3.4715458869e+01,8.8599768805e+00,6.160137e-07
3.0700728711e+08,3.2710248851e+01,8.8680131784e+00,5.933835e-07
3.0719200830e+08,3.4683114776e+01,8.8744735882e+00,6.991365e-07
3.0741672989e+08,3.4629176811e+01,8.8820874164e+00,6.495731e-07
3.0760145108e+08,3.3794856646e+01,8.8881376454e+00,8.878064e-07
3.0778617267e+08,3.3918331887e+01,8.8940070415e+00,8.257214e-07
3.0801089385e+08,3.3529715060e+01,8.9007696995e+00,1.246615e-07
3.0819561544e+08,3.3433075322e+01,8.9060140614e+00,8.175554e-07
3.0838033663e+08,3.1599282278e+01,8.9108434060e+00,6.229214e-07
3.0860505782e+08,3.2273524656e+01,8.9159766645e+00,6.506881e-07
3.0878977941e+08,3.0321136316e+01,8.9188786763e+00,5.931329e-07
3.0901450059e+08,3.2869330202e+01,8.9224218490e+00,5.945736e-07
3.0919922218e+08,3.0914225692e+01,8.9266688951e+00,6.514172e-07
3.0938394337e+08,3.3888128130e+01,8.9314735925e+00,9.720750e-07
3.0960866496e+08,3.3237617017e+01,8.9378062734e+00,8.881517e-07
3.0979338615e+08,3.4003504108e+01,8.9432663931e+00,3.472809e-07
3.1001810733e+08,3.3641773921e+01,8.9501975348e+00,5.960645e-08
3.1020282892e+08,3.4272415490e+01,8.9560314556e+00,8.639477e-07
3.1038755011e+08,3.3120193826e+01,8.9620170664e+00,6.608903e-07
3.1061227170e+08,3.5030835240e+01,8.9694400243e+00,7.265579e-07
3.1079699289e+08,3.3952855080e+01,8.9756598816e+00,5.841157e-07
3.1098171448e+08,3.4419197283e+01,8.9820237385e+00,6.310310e-07
3.1120643566e+08,3.5140211070e+01,8.9898739411e+00,6.298808e-07
3.1139115685e+08,3.4864109680e+01,8.9964310718e+00,8.890913e-07
3.1161587844e+08,3.3589695006e+01,9.0045678927e+00,7.504491e-07
3.1180059963e+08,3.5291212751e+01,9.0113292904e+00,6.510071e-08
3.1198532122e+08,3.4771992144e+01,9.0181921263e+00,8.774033e-07
3.1221004240e+08,3.5421357004e+01,9.0266065421e+00,1.012138e-06
3.1239476399e+08,3.5088152777e+01,9.0336252219e+00,7.080200e-07
3.1261948518e+08,3.5445537545e+01,9.0422059184e+00,7.355638e-07
3.1280420637e+08,3.5398765429e+01,9.0493515335e+00,5.960980e-07
3.1298892796e+08,3.5360325171e+01,9.0565115163e+00,6.263789e-07
3.1321364914e+08,3.5804574764e+01,9.0653258621e+00,6.139562e-07
3.1339837073e+08,3.5111825657e+01,9.0725970494e+00,7.341418e-07
3.1358309192e+08,3.5678395701e+01,9.0799465316e+00,3.061210e-09
3.1380781351e+08,3.5684410789e+01,9.0889030097e+00,9.652802e-07
3.1399253470e+08,3.5614175581e+01,9.0963338834e+00,8.942154e-07
3.1421725588e+08,3.5708558897e+01,9.1053693627e+00,1.334437e-07
3.1440197747e+08,3.5728510568e+01,9.1128547710e+00,7.306966e-07
3.1458669866e+08,3.5954971355e+01,9.1203490932e+00,5.960473e-07
3.1481142025e+08,3.5695005362e+01,9.1295234176e+00,6.215506e-07
3.1499614144e+08,3.5582881435e+01,9.1371359467e+00,6.080007e-07
3.1518086303e+08,3.6061027825e+01,9.1447552367e+00,7.424984e-07
3.1540558421e+08,3.5668364378e+01,9.1540666114e+00,7.135565e-07
3.1559030540e+08,3.6455604184e+01,9.1617771449e+00,8.856910e-07
3.1581502699e+08,3.3753211499e+01,9.1711717593e+00,8.717791e-07
3.1599974818e+08,3.6660641677e+01,9.1789405212e+00,2.346954e-07
3.1618446977e+08,3.3514802263e+01,9.1867321047e+00,7.304721e-07
3.1640919095e+08,3.6355394810e+01,9.1962643205e+00,8.481067e-07
3.1659391254e+08,3.5835966876e+01,9.2041171404e+00,6.474280e-07
3.1681863373e+08,3.6540453312e+01,9.2137363254e+00,6.626548e-07
3.1700335492e+08,3.1886594465e+01,9.2216577901e+00,5.981945e-07
3.1718807651e+08,3.6796438861e+01,9.2296004766e+00,6.806844e-07
3.1741279769e+08,3.3408438144e+01,9.2392988497e+00,6.501280e-07
3.1759751928e+08,3.6976234738e+01,9.2472954576e+00,8.389415e-07
3.1778224047e+08,3.5956917135e+01,9.2553028329e+00,2.030874e-07
3.1800696206e+08,3.6451022029e+01,9.2651024738e+00,7.679502e-09
3.1819168325e+08,3.6915000372e+01,9.2731598802e+00,8.732211e-07
3.1841640443e+08,3.5979392612e+01,9.2830388786e+00,8.924362e-07
3.1860112602e+08,3.6839568276e+01,9.2911705475e+00,6.694767e-07
3.1878584721e+08,3.6936572521e+01,9.2993427767e+00,5.994515e-07
3.1901056880e+08,3.5887859199e+01,9.3093663422e+00,6.061101e-07
3.1919528999e+08,3.7095627758e+01,9.3176193643e+00,6.437316e-07
3.1938001158e+08,3.6646443828e+01,9.3259184713e+00,8.507971e-07
3.1960473276e+08,3.6796333831e+01,9.3359999906e+00,7.781795e-07
3.1978945395e+08,3.7130475200e+01,9.3443206100e+00,1.345167e-07
3.2001417554e+08,3.7172248047e+01,9.3544039585e+00,8.563689e-07
3.2019889673e+08,3.6194163048e+01,9.3627191065e+00,8.816007e-07
3.2038361832e+08,3.7481989155e+01,9.3710014760e+00,6.939089e-07
3.2060833950e+08,3.6617929070e+01,9.3811014557e+00,7.414146e-07
3.2079306109e+08,3.7011515705e+01,9.3893580836e+00,6.114425e-07
3.2101778228e+08,3.7270102738e+01,9.3994218027e+00,6.334130e-07
3.2120250347e+08,3.7013976713e+01,9.4076492458e+00,6.077988e-07
3.2138722506e+08,3.5933673403e+01,9.4158817538e+00,7.728808e-07
3.2161194624e+08,3.7480291950e+01,9.4258372582e+00,6.818080e-07
3.2179666783e+08,3.6168858317e+01,9.4339814914e+00,8.849275e-07
3.2198138902e+08,3.7362139935e+01,9.4421248698e+00,8.543796e-07
3.2220611061e+08,3.7132284607e+01,9.4519587151e+00,1.850793e-07
3.2239083180e+08,3.5027798665e+01,9.4600318950e+00,7.740600e-07
3.2261555298e+08,3.7309079263e+01,9.4698183789e+00,8.364380e-07
3.2280027457e+08,3.6647241133e+01,9.4778162305e+00,6.516578e-07
3.2298499576e+08,3.6932282311e+01,9.4858106134e+00,6.021614e-07
3.2320971735e+08,3.6157671773e+01,9.4954356049e+00,5.842644e-07
3.2339443854e+08,3.6951987854e+01,9.5033012162e+00,6.562768e-07
3.2361916012e+08,3.3743662346e+01,9.5127743279e+00,6.295517e-07
3.2380388131e+08,3.7236249739e+01,9.5204786988e+00,9.945949e-07
3.2398860250e+08,3.5311732493e+01,9.5281012063e+00,7.284642e-08
3.2421332409e+08,3.6965211085e+01,9.5372920425e+00,4.115003e-07
3.2439804528e+08,3.3749875071e+01,9.5447476697e+00,8.427554e-07
3.2458276687e+08,3.6620866588e+01,9.5521177712e+00,6.479823e-07
3.2480748805e+08,3.5384365114e+01,9.5609738628e+00,6.762766e-07
3.2499220964e+08,3.6464246055e+01,9.5681252407e+00,5.761669e-07
3.2521693083e+08,3.5802992365e+01,9.5766822315e+00,5.982571e-07
3.2540165202e+08,3.6186684118e+01,9.5836226706e+00,6.449013e-07
3.2558637361e+08,3.6089931062e+01,9.5904218463e+00,9.830157e-07
3.2581109479e+08,3.4761466758e+01,9.5985305720e+00,7.975464e-07
3.2599581638e+08,3.6254199674e+01,9.6050548237e+00,3.026681e-07
3.2618053757e+08,3.5479078393e+01,9.6113970080e+00,8.275997e-07
3.2640525916e+08,3.4911459151e+01,9.6188988229e+00,9.591419e-07
3.2658998035e+08,3.5616942642e+01,9.6248040210e+00,7.097525e-07
3.2681470153e+08,3.3816552236e+01,9.6316527525e+00,7.244912e-07
3.2699942312e+08,3.4938693808e+01,9.6368942446e+00,5.892281e-07
3.2718414431e+08,3.3983090072e+01,9.6416971011e+00,6.375434e-07
3.2740886590e+08,3.2768669688e+01,9.6463820042e+00,6.014972e-07
3.2759358709e+08,3.3719036925e+01,9.6489758662e+00,7.781971e-07
3.2781830867e+08,3.4243653609e+01,9.6540764997e+00,7.113525e-07
3.2800302986e+08,3.4922494961e+01,9.6590325109e+00,6.404082e-07
3.2818775105e+08,3.4433010898e+01,9.6643487060e+00,1.005551e-06
3.2841247264e+08,3.5430021786e+01,9.6712188082e+00,4.553253e-08
3.2859719383e+08,3.1383776160e+01,9.6770918661e+00,7.082998e-07
3.2878191541e+08,3.5781893684e+01,9.6831281156e+00,5.942538e-07
3.2900663660e+08,3.5682093105e+01,9.6906310431e+00,6.140679e-07
3.2919135819e+08,3.4428677932e+01,9.6969413472e+00,6.195927e-07
3.2941607938e+08,3.6230048719e+01,9.7047341505e+00,6.033106e-07
3.2960080057e+08,3.5954182519e+01,9.7112348002e+00,7.315068e-07
3.2978552216e+08,3.6320281586e+01,9.7178577792e+00,8.660447e-07
3.3001024334e+08,3.6498024258e+01,9.7260191884e+00,9.125863e-07
3.3019496493e+08,3.5985290414e+01,9.7328329732e+00,4.608343e-08
3.3041968612e+08,3.6931860378e+01,9.7412664314e+00,1.179859e-07
3.3060440771e+08,3.6071494598e+01,9.7482630993e+00,7.773053e-07
3.3078912890e+08,3.7141665385e+01,9.7553626786e+00,6.244991e-07
3.3101385008e+08,3.6397646294e+01,9.7640934558e+00,6.318568e-07
3.3119857167e+08,3.6836247340e+01,9.7713100890e+00,5.955886e-07
3.3138329286e+08,3.6705323485e+01,9.7786137734e+00,7.213994e-07
3.3160801445e+08,3.7225799743e+01,9.7875435737e+00,6.654928e-07
3.3179273564e+08,3.6662957737e+01,9.7949648828e+00,8.697646e-07
3.3201745722e+08,3.7216410063e+01,9.8040307554e+00,7.970746e-07
3.3220217841e+08,3.7280128795e+01,9.8115630730e+00,1.620500e-07
3.3238689960e+08,3.5983347635e+01,9.8191236490e+00,7.824712e-07
3.3261162119e+08,3.7657141222e+01,9.8284118201e+00,9.393887e-07
3.3279634238e+08,3.7239974690e+01,9.8360839809e+00,6.613242e-07
3.3298106396e+08,3.6728862827e+01,9.8438224294e+00,6.085938e-07
3.3320578515e+08,3.7833952926e+01,9.8532732210e+00,6.012331e-07
3.3339050674e+08,3.7286215974e+01,9.8610979222e+00,6.396716e-07
3.3361522793e+08,3.6831636457e+01,9.8707276293e+00,6.135045e-07
3.3379994912e+08,3.7915530510e+01,9.8787036650e+00,8.463749e-07
3.3398467070e+08,3.7732619634e+01,9.8867368170e+00,6.629009e-08
3.3420939189e+08,3.7663614632e+01,9.8966151732e+00,7.384248e-07
3.3439411348e+08,3.7966506460e+01,9.9047713750e+00,8.927706e-07
3.3461883467e+08,3.8110353734e+01,9.9147933710e+00,7.473474e-07
3.3480355626e+08,3.5741183876e+01,9.9230749000e+00,7.134353e-07
3.3498827744e+08,3.8211558757e+01,9.9314107295e+00,5.930415e-07
3.3521299863e+08,3.6842932910e+01,9.9416102002e+00,6.240405e-07
3.3539772022e+08,3.8544218044e+01,9.9500189074e+00,6.221706e-07
3.3558244141e+08,3.6940010794e+01,9.9584806825e+00,8.272459e-07
3.3580716300e+08,3.8764330820e+01,9.9687986085e+00,7.043280e-07
3.3599188419e+08,3.8414077259e+01,9.9773361794e+00,8.448940e-07
3.3621660577e+08,3.7539147165e+01,9.9877229720e+00,8.977273e-07
3.3640132696e+08,3.8906843664e+01,9.9963086006e+00,7.062879e-07
3.3658604815e+08,3.8051443824e+01,1.0004879784e+01,7.358999e-07
3.3681076974e+08,3.8181149395e+01,1.0015355602e+01,8.209444e-07
3.3699549093e+08,3.8966549913e+01,1.0023938346e+01,6.220230e-07
3.3718021251e+08,3.6968622109e+01,1.0032529452e+01,5.953551e-07
3.3740493370e+08,3.8511012971e+01,1.0043012355e+01,5.875586e-07
3.3758965529e+08,3.8912864712e+01,1.0051625365e+01,6.705763e-07
3.3781437648e+08,3.8475732252e+01,1.0062113354e+01,6.449193e-07
3.3799909767e+08,3.7887237182e+01,1.0070744465e+01,9.696469e-07
3.3818381925e+08,3.8817584753e+01,1.0079337675e+01,6.639251e-07
3.3840854044e+08,3.8247058082e+01,1.0089792351e+01,4.574555e-07
3.3859326203e+08,3.8511824539e+01,1.0098326586e+01,8.568465e-07
3.3881798322e+08,3.8830910222e+01,1.0108687469e+01,8.795169e-07
3.3900270481e+08,3.7230891758e+01,1.0117126578e+01,6.812687e-07
3.3918742599e+08,3.8844119891e+01,1.0125524371e+01,5.851111e-07
3.3941214718e+08,3.7290063572e+01,1.0135629842e+01,5.839773e-07
3.3959686877e+08,3.8878308618e+01,1.0143879852e+01,6.324532e-07
3.3978158996e+08,3.7867170606e+01,1.0152072929e+01,1.014066e-06
3.4000631155e+08,3.8149438254e+01,1.0161938306e+01,8.632707e-07
3.4019103273e+08,3.8521115710e+01,1.0170016504e+01,8.406049e-08
3.4041575432e+08,3.8225244478e+01,1.0179729768e+01,7.720616e-07
3.4060047551e+08,3.7740600158e+01,1.0187676338e+01,8.957025e-07
3.4078519670e+08,3.8575800138e+01,1.0195519587e+01,6.715189e-07
3.4100991829e+08,3.5603244978e+01,1.0204981390e+01,7.316652e-07
3.4119463947e+08,3.8133788688e+01,1.0212669496e+01,5.762892e-07
3.4141936106e+08,3.8507511828e+01,1.0221901337e+01,6.056235e-07
3.4160408225e+08,3.7613080451e+01,1.0229387634e+01,6.235762e-07
3.4178880384e+08,3.6884140015e+01,1.0236804160e+01,8.120104e-07
3.4201352503e+08,3.8145235552e+01,1.0245667403e+01,7.236613e-07
3.4219824622e+08,3.6540746524e+01,1.0252864279e+01,5.106842e-07
3.4238296780e+08,3.7957479661e+01,1.0259940610e+01,8.954426e-07
3.4260768899e+08,3.7634289705e+01,1.0268461994e+01,9.990636e-07
3.4279241058e+08,3.7142677268e+01,1.0275343358e+01,7.337067e-07
3.4301713177e+08,3.7533101113e+01,1.0283626084e+01,7.522511e-07
3.4320185336e+08,3.7008322974e+01,1.0290287761e+01,6.081671e-07
3.4338657454e+08,3.7316897455e+01,1.0296866472e+01,6.147516e-07
3.4361129573e+08,3.6194301100e+01,1.0304669920e+01,5.942737e-07
3.4379601732e+08,3.6940716358e+01,1.0310951952e+01,7.283944e-07
3.4398073851e+08,3.3968280892e+01,1.0317078795e+01,4.731281e-07
3.4420546010e+08,3.6837502314e+01,1.0324342636e+01,9.812669e-07
3.4439018128e+08,3.4507959796e+01,1.0330134224e+01,5.369665e-07
3.4461490287e+08,3.6740510940e+01,1.0336952085e+01,1.759363e-07
3.4479962406e+08,3.5121677158e+01,1.0342296803e+01,7.426820e-07
3.4498434525e+08,3.5242308517e+01,1.0347376641e+01,5.995106e-07
3.4520906684e+08,3.5541125374e+01,1.0352917789e+01,6.430784e-07
3.4539378802e+08,3.2488638453e+01,1.0356348707e+01,6.143075e-07
3.4561850961e+08,3.3044438181e+01,1.0360283818e+01,6.017894e-07
3.4580323080e+08,3.6137353530e+01,1.0364817899e+01,6.891450e-07
3.4598795239e+08,3.4645171402e+01,1.0369858929e+01,9.029332e-07
3.4621267358e+08,3.6691823981e+01,1.0376432646e+01,8.296351e-07
3.4639739476e+08,3.5835445105e+01,1.0382083683e+01,1.776552e-08
3.4658211635e+08,3.6862180022e+01,1.0387882936e+01,7.621291e-07
3.4680683754e+08,3.3386518203e+01,1.0395137756e+01,8.579756e-07
3.4699155913e+08,3.7158115220e+01,1.0401224037e+01,6.508802e-07
3.4721628032e+08,3.5026491835e+01,1.0408775003e+01,6.775734e-07
3.4740100191e+08,3.7692814900e+01,1.0415078387e+01,5.979592e-07
3.4758572309e+08,3.6857185310e+01,1.0421490195e+01,6.594553e-07
3.4781044428e+08,3.7673346321e+01,1.0429366904e+01,6.394634e-07
3.4799516587e+08,3.6960371903e+01,1.0435938849e+01,8.209207e-07
3.4821988706e+08,3.7585143189e+01,1.0443982747e+01,7.955645e-07
3.4840460865e+08,3.6257507423e+01,1.0450658508e+01,5.249610e-07
3.4858932983e+08,3.7883656077e+01,1.0457363760e+01,8.911315e-07
3.4881405142e+08,3.7100937799e+01,1.0465586086e+01,7.708715e-07
3.4899877261e+08,3.7764177520e+01,1.0472435229e+01,6.966852e-07
3.4918349380e+08,3.7942060777e+01,1.0479304106e+01,5.979220e-07
3.4940821539e+08,3.7812632840e+01,1.0487730952e+01,6.076716e-07
3.4959293657e+08,3.7769263719e+01,1.0494735793e+01,6.181997e-07
3.4981765816e+08,3.7988751005e+01,1.0503286568e+01,6.056048e-07
3.5000237935e+08,3.8082937125e+01,1.0510384892e+01,7.555147e-07
3.5018710094e+08,3.8177593637e+01,1.0517495568e+01,8.241706e-07
3.5041182213e+08,3.7974426281e+01,1.0526231996e+01,9.011992e-07
3.5059654331e+08,3.8629775182e+01,1.0533420663e+01,8.822838e-07
3.5078126490e+08,3.8012620752e+01,1.0540662042e+01,7.203084e-07
3.5100598609e+08,3.8191770474e+01,1.0549468987e+01,7.552855e-07
3.5119070768e+08,3.8739861836e+01,1.0556768068e+01,6.199847e-07
3.5141542887e+08,3.8178451342e+01,1.0565656498e+01,6.524049e-07
3.5160015045e+08,3.8335316719e+01,1.0573015560e+01,5.987314e-07
3.5178487164e+08,3.8855241204e+01,1.0580361248e+01,7.337629e-07
3.5200959283e+08,3.7777649116e+01,1.0589340786e+01,6.597380e-07
3.5219431442e+08,3.8957759590e+01,1.0596712564e+01,9.143444e-07
3.5241903561e+08,3.6626399754e+01,1.0605723120e+01,9.442528e-07
3.5260375719e+08,3.8583405156e+01,1.0613134130e+01,1.870940e-07
3.5278847838e+08,3.8985360515e+01,1.0620553631e+01,8.164230e-07
3.5301319997e+08,3.5493329026e+01,1.0629623136e+01,9.078203e-07
3.5319792116e+08,3.8744031622e+01,1.0637106964e+01,6.534763e-07
3.5338264235e+08,3.8659693756e+01,1.0644592126e+01,5.801615e-07
3.5360736394e+08,3.9050343226e+01,1.0653760102e+01,5.716913e-07
3.5379208512e+08,3.6851550165e+01,1.0661310803e+01,6.512133e-07
3.5401680671e+08,3.9408982681e+01,1.0670545064e+01,6.219299e-07
3.5420152790e+08,3.7621400569e+01,1.0678145908e+01,9.616084e-07
3.5438624949e+08,3.9230055621e+01,1.0685788666e+01,4.496180e-07
3.5461097068e+08,3.8704906011e+01,1.0695083206e+01,6.847050e-07
3.5479569186e+08,3.9082981503e+01,1.0702763760e+01,8.564209e-07
3.5498041345e+08,3.7324179461e+01,1.0710447028e+01,6.516012e-07
3.5520513464e+08,3.9343557289e+01,1.0719827753e+01,6.968434e-07
3.5538985623e+08,3.8107075007e+01,1.0727540968e+01,5.873190e-07
3.5561457742e+08,3.9445394637e+01,1.0736957819e+01,5.950316e-07
3.5579929900e+08,3.9144472442e+01,1.0744684721e+01,6.026257e-07
3.5598402019e+08,3.8146784448e+01,1.0752448020e+01,9.153360e-07
3.5620874138e+08,3.9794281030e+01,1.0761874863e+01,7.751911e-07
3.5639346297e+08,3.8241031856e+01,1.0769625973e+01,6.628115e-07
3.5661818416e+08,3.9017861512e+01,1.0779100516e+01,8.191427e-07
3.5680290574e+08,3.9766742182e+01,1.0786885113e+01,9.731257e-07
3.5698762693e+08,3.7055078777e+01,1.0794696643e+01,7.111860e-07
3.5721234852e+08,3.9711990456e+01,1.0804224696e+01,7.707675e-07
3.5739706971e+08,3.8419834389e+01,1.0812082327e+01,5.888135e-07
3.5758179090e+08,3.9438954826e+01,1.0819941684e+01,6.326706e-07
3.5780651248e+08,3.9457906050e+01,1.0829568092e+01,6.024599e-07
3.5799123367e+08,3.9535894667e+01,1.0837489756e+01,7.680579e-07
3.5821595526e+08,3.7910706795e+01,1.0847184418e+01,7.001395e-07
3.5840067645e+08,4.0116211284e+01,1.0855160583e+01,8.681832e-07
3.5858539804e+08,3.8951578481e+01,1.0863173934e+01,9.808996e-07
3.5881011923e+08,3.9853772817e+01,1.0872921456e+01,2.044015e-07
3.5899484041e+08,3.9717639712e+01,1.0880990266e+01,7.433113e-07
3.5921956200e+08,3.9802134728e+01,1.0890805787e+01,7.925488e-07
3.5940428319e+08,3.8791229869e+01,1.0898910886e+01,6.186126e-07
3.5958900478e+08,3.9976287643e+01,1.0907061244e+01,6.032122e-07
3.5981372597e+08,3.9778459005e+01,1.0916988937e+01,5.989785e-07
3.5999844755e+08,3.9673468301e+01,1.0925207940e+01,6.866630e-07
3.6018316874e+08,4.0156254148e+01,1.0933438944e+01,9.490677e-07
3.6040788993e+08,3.9685406893e+01,1.0943503190e+01,8.789683e-07
3.6059261152e+08,4.0005465568e+01,1.0951824705e+01,1.445044e-08
3.6081733271e+08,4.0268952888e+01,1.0961950179e+01,7.976782e-08
3.6100205429e+08,3.9760819045e+01,1.0970313697e+01,7.784254e-07
3.6118677548e+08,4.0327254247e+01,1.0978676155e+01,6.252719e-07
3.6141149707e+08,4.0331727397e+01,1.0988918869e+01,6.885409e-07
3.6159621826e+08,3.9794536294e+01,1.0997344575e+01,6.081372e-07
3.6178093945e+08,4.0523943298e+01,1.1005816489e+01,7.012883e-07
3.6200566103e+08,3.9953335982e+01,1.1016130924e+01,6.369379e-07
3.6219038222e+08,4.0882598957e+01,1.1024655373e+01,8.386731e-07
3.6241510381e+08,3.8408356880e+01,1.1035031143e+01,7.791998e-07
3.6259982500e+08,4.0781783502e+01,1.1043593577e+01,8.077201e-08
3.6278454659e+08,3.9230997647e+01,1.1052179558e+01,8.453073e-07
3.6300926777e+08,4.0654014124e+01,1.1062644331e+01,9.480569e-07
3.6319398896e+08,4.0648114023e+01,1.1071257498e+01,6.869397e-07
3.6341871055e+08,4.0523895509e+01,1.1081799063e+01,7.059943e-07
3.6360343174e+08,4.0758706300e+01,1.1090481354e+01,5.888448e-07
3.6378815333e+08,4.0413963894e+01,1.1099200201e+01,6.269048e-07
3.6401287451e+08,4.0981315420e+01,1.1109866897e+01,6.212998e-07
3.6419759610e+08,4.0946265678e+01,1.1118647661e+01,7.916884e-07
3.6438231729e+08,3.9722687737e+01,1.1127466789e+01,3.880589e-07
3.6460703848e+08,4.1193291541e+01,1.1138246327e+01,8.773765e-07
3.6479176007e+08,3.9803281972e+01,1.1147110936e+01,8.811950e-07
3.6501648126e+08,4.1602080800e+01,1.1157946755e+01,7.129688e-07
3.6520120284e+08,4.0736267113e+01,1.1166894655e+01,7.422569e-07
3.6538592403e+08,4.1321463514e+01,1.1175841075e+01,6.095872e-07
3.6561064562e+08,4.1366067476e+01,1.1186791720e+01,6.418819e-07
3.6579536681e+08,4.1165541216e+01,1.1195796329e+01,5.958097e-07
3.6598008800e+08,4.1507153320e+01,1.1204851572e+01,7.781667e-07
3.6620480958e+08,4.0669216789e+01,1.1215871164e+01,6.780781e-07
3.6638953077e+08,4.1519534833e+01,1.1224973253e+01,9.202164e-07
3.6661425236e+08,3.9265123314e+01,1.1236049807e+01,8.976327e-07
3.6679897355e+08,4.1499095406e+01,1.1245150561e+01,6.608246e-07
3.6698369514e+08,4.1210034924e+01,1.1254240771e+01,7.768428e-07
3.6720841632e+08,4.1501564728e+01,1.1265332538e+01,8.568587e-07
3.6739313751e+08,4.1493219153e+01,1.1274438218e+01,6.292778e-07
3.6761785910e+08,4.0835719845e+01,1.1285540591e+01,6.755775e-07
3.6780258029e+08,4.1790260371e+01,1.1294707153e+01,5.877259e-07
3.6798730188e+08,4.1660227618e+01,1.1303875162e+01,6.688427e-07
3.6821202306e+08,4.1524513959e+01,1.1315081083e+01,6.274229e-07
3.6839674465e+08,4.1743052950e+01,1.1324347490e+01,9.250945e-07
3.6858146584e+08,4.1501784971e+01,1.1333607949e+01,4.841951e-07
3.6880618703e+08,4.2279251490e+01,1.1344922537e+01,1.814189e-07
3.6899090862e+08,4.0847318204e+01,1.1354219835e+01,9.069033e-07
3.6921562980e+08,4.1848451467e+01,1.1365494213e+01,9.112451e-07
3.6940035139e+08,4.1685754569e+01,1.1374767378e+01,6.911368e-07
3.6958507258e+08,4.1810942538e+01,1.1383993457e+01,5.789252e-07
3.6980979417e+08,4.1612292411e+01,1.1395215852e+01,5.821247e-07
3.6999451536e+08,4.1507984876e+01,1.1404393451e+01,6.260955e-07
3.7021923654e+08,4.1846202312e+01,1.1415572775e+01,6.065858e-07
3.7040395813e+08,3.8666017971e+01,1.1424747351e+01,8.448998e-07
3.7058867932e+08,4.1925808552e+01,1.1433904643e+01,3.639233e-07
3.7081340091e+08,4.0677037902e+01,1.1445016614e+01,8.681307e-07
3.7099812210e+08,4.2317953142e+01,1.1454142427e+01,8.945185e-07
3.7118284369e+08,4.1407467043e+01,1.1463223861e+01,6.884121e-07
3.7140756487e+08,4.1068083010e+01,1.1474288905e+01,7.682150e-07
3.7159228606e+08,4.2328872155e+01,1.1483374388e+01,5.944571e-07
3.7181700765e+08,4.1971617831e+01,1.1494424134e+01,6.082237e-07
3.7200172884e+08,4.1242999318e+01,1.1503508428e+01,6.084715e-07
3.7218645043e+08,4.2103203663e+01,1.1512618803e+01,7.816952e-07
3.7241117161e+08,4.1652294283e+01,1.1523682271e+01,7.150983e-07
3.7259589320e+08,4.2372224017e+01,1.1532818515e+01,8.903140e-07
3.7278061439e+08,3.9997102134e+01,1.1541955510e+01,9.114360e-07
3.7300533558e+08,4.2021693010e+01,1.1553043062e+01,9.459135e-07
3.7319005717e+08,4.1824431091e+01,1.1562155235e+01,7.610814e-07
3.7341477835e+08,4.2147128144e+01,1.1573191628e+01,7.640284e-07
3.7359949994e+08,4.1683651495e+01,1.1582272249e+01,6.012408e-07
3.7378422113e+08,4.1981702577e+01,1.1591308954e+01,6.004330e-07
3.7400894272e+08,4.2019875506e+01,1.1602309341e+01,6.036688e-07
3.7419366391e+08,4.0276075927e+01,1.1611306194e+01,7.307862e-07
3.7441838509e+08,4.2354521911e+01,1.1622228048e+01,6.805373e-07
3.7460310668e+08,3.8252791022e+01,1.1631162263e+01,9.402698e-07
3.7478782787e+08,4.2440736576e+01,1.1640058352e+01,4.276207e-07
3.7501254946e+08,4.0816868455e+01,1.1650827015e+01,9.500768e-08
3.7519727065e+08,4.1861033573e+01,1.1659657426e+01,7.657571e-07
3.7538199224e+08,4.2245430250e+01,1.1668432864e+01,6.212794e-07
3.7560671342e+08,4.1363897595e+01,1.1679052680e+01,6.706751e-07
3.7579143461e+08,4.1008327575e+01,1.1687751732e+01,6.046743e-07
3.7601615620e+08,4.2228419677e+01,1.1698240250e+01,5.866886e-07
3.7620087739e+08,4.1212227171e+01,1.1706779137e+01,6.593496e-07
3.7638559898e+08,4.1920813650e+01,1.1715260703e+01,8.671146e-07
3.7661032016e+08,3.9936841105e+01,1.1725440687e+01,8.188321e-07
3.7679504175e+08,4.1423884972e+01,1.1733691319e+01,6.039357e-08
3.7701976294e+08,4.0369550064e+01,1.1743592643e+01,4.507312e-07
3.7720448413e+08,4.1420768954e+01,1.1751567942e+01,8.840205e-07
3.7738920572e+08,3.9805260284e+01,1.1759413655e+01,6.702107e-07
3.7761392690e+08,4.1205320740e+01,1.1768707558e+01,7.006396e-07
3.7779864849e+08,4.0443378311e+01,1.1776150406e+01,6.020661e-07
3.7798336968e+08,3.9993734966e+01,1.1783337422e+01,6.442108e-07
3.7820809127e+08,4.0205263539e+01,1.1791728711e+01,6.162419e-07
3.7839281246e+08,3.8983553305e+01,1.1798157859e+01,7.971531e-07
3.7861753364e+08,3.7744512101e+01,1.1804999166e+01,7.650019e-07
3.7880225523e+08,3.8296416856e+01,1.1809448123e+01,7.861690e-07
3.7898697642e+08,3.9442890347e+01,1.1815355249e+01,9.364384e-07
3.7921169801e+08,4.0532000146e+01,1.1823309838e+01,6.962270e-07
3.7939641920e+08,4.0100802385e+01,1.1830232549e+01,7.195699e-07
3.7958114079e+08,3.9462605094e+01,1.1837430366e+01,6.035391e-07
3.7980586197e+08,4.1300537322e+01,1.1846445519e+01,6.173725e-07
3.7999058316e+08,4.0755064325e+01,1.1854017959e+01,6.082464e-07
3.8021530475e+08,4.1278484409e+01,1.1863424885e+01,6.007385e-07
3.8040002594e+08,4.0269610417e+01,1.1871264037e+01,7.447062e-07
3.8058474753e+08,4.1570807851e+01,1.1879221104e+01,9.277575e-07
3.8080946871e+08,4.0424729785e+01,1.1889006047e+01,9.047450e-07
3.8099419030e+08,4.1974010810e+01,1.1897154040e+01,7.087532e-07
3.8121891149e+08,4.0683625223e+01,1.1907133347e+01,1.418980e-07
3.8140363268e+08,4.2328342083e+01,1.1915419199e+01,8.175586e-07
3.8158835427e+08,4.0056643633e+01,1.1923762324e+01,6.336570e-07
3.8181307545e+08,4.2074845181e+01,1.1933964404e+01,6.596434e-07
3.8199779704e+08,4.0861501815e+01,1.1942404585e+01,5.908969e-07
3.8218251823e+08,4.2169796159e+01,1.1950864808e+01,7.124256e-07
3.8240723982e+08,4.0186366671e+01,1.1961207440e+01,6.364914e-07
3.8259196101e+08,4.2604536505e+01,1.1969724528e+01,9.159921e-07
3.8281668219e+08,4.0621958075e+01,1.1980114948e+01,9.407312e-07
3.8300140378e+08,4.2315265032e+01,1.1988688297e+01,4.583011e-07
3.8318612497e+08,4.2580637561e+01,1.1997247887e+01,8.606125e-07
3.8341084656e+08,4.1812202971e+01,1.2007688351e+01,9.304787e-07
3.8359556775e+08,4.2263123333e+01,1.2016303256e+01,6.542934e-07
3.8378028934e+08,4.2499662842e+01,1.2024907020e+01,5.813408e-07
3.8400501052e+08,4.2032789398e+01,1.2035418366e+01,5.875303e-07
3.8418973171e+08,4.2778823486e+01,1.2044068797e+01,6.545631e-07
3.8441445330e+08,4.2560367139e+01,1.2054651822e+01,6.071957e-07
3.8459917449e+08,4.2503191801e+01,1.2063343996e+01,9.222821e-07
3.8478389608e+08,4.2349807018e+01,1.2072080887e+01,3.469113e-07
3.8500861726e+08,4.2575941506e+01,1.2082696875e+01,7.902996e-07
3.8519333885e+08,4.2533700488e+01,1.2091463880e+01,9.214577e-07
3.8541806004e+08,4.2785235403e+01,1.2102121843e+01,9.533437e-07
3.8560278123e+08,4.2644135622e+01,1.2110922655e+01,7.258479e-07
3.8578750282e+08,4.2961999255e+01,1.2119712560e+01,5.798685e-07
3.8601222400e+08,4.2626780565e+01,1.2130452218e+01,5.859642e-07
3.8619694559e+08,4.2817995430e+01,1.2139263879e+01,6.037362e-07
3.8638166678e+08,4.2231062842e+01,1.2148098862e+01,8.905942e-07
3.8660638837e+08,4.2972688961e+01,1.2158831714e+01,7.565622e-07
3.8679110956e+08,4.1597844372e+01,1.2167660525e+01,8.100910e-07
3.8701583074e+08,4.3054981433e+01,1.2178421974e+01,9.135961e-07
3.8720055233e+08,4.3018732403e+01,1.2187255472e+01,9.752275e-07
3.8738527352e+08,4.2121631076e+01,1.2196105626e+01,7.267478e-07
3.8760999511e+08,4.3341868921e+01,1.2206919612e+01,8.081230e-07
3.8779471630e+08,4.1287768955e+01,1.2215809086e+01,5.978416e-07
3.8801943788e+08,4.3388823210e+01,1.2226642821e+01,6.416428e-07
3.8820415907e+08,4.1565456933e+01,1.2235545547e+01,6.011047e-07
3.8838888026e+08,4.3241085506e+01,1.2244432817e+01,7.552408e-07
3.8861360185e+08,4.2491504887e+01,1.2255234376e+01,6.929973e-07
3.8879832304e+08,4.3169971888e+01,1.2264125904e+01,9.349872e-07
3.8898304463e+08,4.0659899034e+01,1.2272994081e+01,9.198856e-07
3.8920776581e+08,4.3553925270e+01,1.2283769569e+01,2.129387e-07
3.8939248740e+08,4.1160843151e+01,1.2292616111e+01,7.938128e-07
3.8961720859e+08,4.3408348145e+01,1.2303354173e+01,8.063933e-07
3.8980192978e+08,4.2906932301e+01,1.2312158739e+01,6.198532e-07
3.8998665137e+08,4.3011110762e+01,1.2320970865e+01,5.977418e-07
3.9021137255e+08,4.3448379463e+01,1.2331648890e+01,5.995343e-07
3.9039609414e+08,4.2800350733e+01,1.2340439138e+01,6.795712e-07
3.9058081533e+08,4.3267943808e+01,1.2349190141e+01,9.406679e-07
3.9080553692e+08,4.3044577933e+01,1.2359813681e+01,8.254818e-07
3.9099025811e+08,4.2701382740e+01,1.2368552884e+01,4.183146e-08
3.9121497929e+08,4.3173199474e+01,1.2379133534e+01,9.388688e-08
3.9139970088e+08,4.2654534229e+01,1.2387838523e+01,8.434124e-07
3.9158442207e+08,4.2911086016e+01,1.2396504615e+01,6.600471e-07
3.9180914366e+08,4.3117636918e+01,1.2407052896e+01,7.057741e-07
3.9199386485e+08,4.2994876111e+01,1.2415673127e+01,6.011770e-07
3.9221858643e+08,4.2870843057e+01,1.2426161591e+01,5.974731e-07
3.9240330762e+08,4.3391147714e+01,1.2434733017e+01,6.229709e-07
3.9258802881e+08,4.2969750914e+01,1.2443310451e+01,8.171929e-07
3.9281275040e+08,4.2632323242e+01,1.2453688639e+01,7.720617e-07
3.9299747159e+08,4.3512425364e+01,1.2462220903e+01,8.960959e-08
3.9318219318e+08,4.2423404269e+01,1.2470703130e+01,8.886045e-07
3.9340691436e+08,4.2910487839e+01,1.2481007934e+01,8.942469e-07
3.9359163595e+08,4.3357390955e+01,1.2489418630e+01,7.210831e-07
3.9381635714e+08,4.0120437367e+01,1.2499621905e+01,7.565408e-07
3.9400107833e+08,4.3254164575e+01,1.2507963101e+01,6.128613e-07
3.9418579992e+08,4.2752349141e+01,1.2516253481e+01,6.240641e-07
3.9441052110e+08,4.2194957995e+01,1.2526317108e+01,6.054651e-07
3.9459524269e+08,4.3348538651e+01,1.2534538980e+01,7.629332e-07
3.9481996388e+08,4.2583285890e+01,1.2544509600e+01,6.978639e-07
3.9500468547e+08,4.2808145562e+01,1.2552694007e+01,9.019194e-07
3.9518940666e+08,4.2590241234e+01,1.2560819132e+01,8.477077e-07
3.9541412784e+08,4.2999042872e+01,1.2570676186e+01,6.139846e-07
3.9559884943e+08,4.1761100314e+01,1.2578727751e+01,7.767876e-07
3.9578357062e+08,4.3074889461e+01,1.2586718626e+01,6.092995e-07
3.9600829221e+08,4.1397247979e+01,1.2596392477e+01,6.416111e-07
3.9619301340e+08,4.3064961442e+01,1.2604270159e+01,5.972086e-07
3.9641773498e+08,4.1952427314e+01,1.2613799467e+01,5.982093e-07
3.9660245617e+08,4.2441848644e+01,1.2621551452e+01,6.805952e-07
3.9678717736e+08,4.2820978398e+01,1.2629279430e+01,9.314911e-07
3.9701189895e+08,4.2265216600e+01,1.2638598935e+01,8.689632e-07
3.9719662014e+08,4.2013114510e+01,1.2646231878e+01,5.533626e-07
3.9738134173e+08,4.2845117892e+01,1.2653794981e+01,8.204521e-07
3.9760606291e+08,4.1506873350e+01,1.2662927389e+01,9.097398e-07
3.9779078450e+08,4.2190169285e+01,1.2670390290e+01,6.571272e-07
3.9801550569e+08,4.2743145820e+01,1.2679360993e+01,6.980646e-07
3.9820022688e+08,4.0298564368e+01,1.2686675541e+01,5.820494e-07
3.9838494847e+08,4.2277218474e+01,1.2693927197e+01,6.575643e-07
3.9860966965e+08,4.2458776458e+01,1.2702622857e+01,6.229324e-07
3.9879439124e+08,4.0405427933e+01,1.2709693024e+01,9.270909e-07
3.9901911243e+08,4.2141552059e+01,1.2718156862e+01,8.674105e-07
3.9920383402e+08,4.1912156429e+01,1.2725036710e+01,7.471697e-07
3.9938855521e+08,4.0638948780e+01,1.2731801303e+01,9.375298e-07
3.9961327639e+08,4.2033079472e+01,1.2739926174e+01,9.239934e-07
3.9979799798e+08,4.0536843732e+01,1.2746481392e+01,6.878904e-07
4.0000000037e+08,4.1549952647e+01,1.2753528955e+01,6.711705e-07
